mc	mn	quarterbeats	quarterbeats_all_endings	duration_qb	mc_onset	mn_onset	event	timesig	staff	voice	duration	nominal_duration	scalar	chord_id	lyrics_1	dynamics	articulation	slur	decrescendo_hairpin	crescendo_hairpin
1	1	0	0	0.375	0	0	Chord	2/4	1	1	3/32	1/16	3/2	0				0		
1	1	3/8	3/8	0.125	3/32	3/32	Chord	2/4	1	1	1/32	1/32	1	1						
1	1	1/2	1/2	0.25	1/8	1/8	Chord	2/4	1	1	1/16	1/16	1	2			articStaccatoAbove			
1	1	3/4	3/4	0.25	3/16	3/16	Chord	2/4	1	1	1/16	1/16	1	3			articStaccatoAbove			
1	1	1	1	0.5	1/4	1/4	Chord	2/4	1	1	1/8	1/8	1	4						
1	1	0	0	1.0	0	0	Chord	2/4	1	2	1/4	1/4	1	5						
1	1	1	1	0.5	1/4	1/4	Chord	2/4	1	2	1/8	1/8	1	6						
1	1	0	0	0.0	0	0	Dynamic	2/4	2	1	0					p				
1	1	0	0	1.0	0	0	Chord	2/4	2	1	1/4	1/4	1	7						
1	1	1	1	0.5	1/4	1/4	Chord	2/4	2	1	1/8	1/8	1	8						
2	2	2	2	0.375	0	0	Chord	2/4	1	1	3/32	1/16	3/2	9				1		
2	2	19/8	19/8	0.125	3/32	3/32	Chord	2/4	1	1	1/32	1/32	1	10						
2	2	5/2	5/2	0.25	1/8	1/8	Chord	2/4	1	1	1/16	1/16	1	11			articStaccatoAbove			
2	2	11/4	11/4	0.25	3/16	3/16	Chord	2/4	1	1	1/16	1/16	1	12			articStaccatoAbove			
2	2	3	3	0.5	1/4	1/4	Chord	2/4	1	1	1/8	1/8	1	13						
2	2	15/4	15/4	0.25	7/16	7/16	Chord	2/4	1	1	1/16	1/16	1	14						
2	2	2	2	1.0	0	0	Chord	2/4	1	2	1/4	1/4	1	15						
2	2	3	3	0.5	1/4	1/4	Chord	2/4	1	2	1/8	1/8	1	16						
2	2	2	2	1.0	0	0	Chord	2/4	2	1	1/4	1/4	1	17						
2	2	3	3	0.5	1/4	1/4	Chord	2/4	2	1	1/8	1/8	1	18						
3	3	4	4	0.25	0	0	Chord	2/4	1	1	1/16	1/16	1	19				2		
3	3	17/4	17/4	0.25	1/16	1/16	Chord	2/4	1	1	1/16	1/16	1	20				2		
3	3	9/2	9/2	0.25	1/8	1/8	Chord	2/4	1	1	1/16	1/16	1	21				2		
3	3	19/4	19/4	0.25	3/16	3/16	Chord	2/4	1	1	1/16	1/16	1	22						
3	3	5	5	0.5	1/4	1/4	Chord	2/4	1	1	1/8	1/8	1	23						
3	3	23/4	23/4	0.25	7/16	7/16	Chord	2/4	1	1	1/16	1/16	1	24						
3	3	4	4	0.25	0	0	Chord	2/4	2	1	1/16	1/16	1	25				3		
3	3	17/4	17/4	0.25	1/16	1/16	Chord	2/4	2	1	1/16	1/16	1	26				3		
3	3	9/2	9/2	0.25	1/8	1/8	Chord	2/4	2	1	1/16	1/16	1	27				3		
3	3	19/4	19/4	0.25	3/16	3/16	Chord	2/4	2	1	1/16	1/16	1	28						
3	3	5	5	0.5	1/4	1/4	Chord	2/4	2	1	1/8	1/8	1	29						
3	3	23/4	23/4	0.25	7/16	7/16	Chord	2/4	2	1	1/16	1/16	1	30						
4	4	6	6	0.25	0	0	Chord	2/4	1	1	1/16	1/16	1	31				4		
4	4	25/4	25/4	0.25	1/16	1/16	Chord	2/4	1	1	1/16	1/16	1	32				4		
4	4	13/2	13/2	0.25	1/8	1/8	Chord	2/4	1	1	1/16	1/16	1	33				4		
4	4	27/4	27/4	0.125	3/16	3/16	Chord	2/4	1	1	1/32	1/32	1	34				4		
4	4	55/8	55/8	0.125	7/32	7/32	Chord	2/4	1	1	1/32	1/32	1	35						
4	4	7	7	0.5	1/4	1/4	Chord	2/4	1	1	1/8	1/8	1	36						
4	4	6	6	0.25	0	0	Chord	2/4	2	1	1/16	1/16	1	37				5		
4	4	25/4	25/4	0.25	1/16	1/16	Chord	2/4	2	1	1/16	1/16	1	38				5		
4	4	13/2	13/2	0.25	1/8	1/8	Chord	2/4	2	1	1/16	1/16	1	39				5		
4	4	27/4	27/4	0.125	3/16	3/16	Chord	2/4	2	1	1/32	1/32	1	40				5		
4	4	55/8	55/8	0.125	7/32	7/32	Chord	2/4	2	1	1/32	1/32	1	41						
4	4	7	7	0.5	1/4	1/4	Chord	2/4	2	1	1/8	1/8	1	42						
5	5	8	8	0.375	0	0	Chord	2/4	1	1	3/32	1/16	3/2	43				6		
5	5	67/8	67/8	0.125	3/32	3/32	Chord	2/4	1	1	1/32	1/32	1	44						
5	5	17/2	17/2	0.25	1/8	1/8	Chord	2/4	1	1	1/16	1/16	1	45			articStaccatoAbove			
5	5	35/4	35/4	0.25	3/16	3/16	Chord	2/4	1	1	1/16	1/16	1	46			articStaccatoAbove			
5	5	9	9	0.5	1/4	1/4	Chord	2/4	1	1	1/8	1/8	1	47						
5	5	8	8	1.0	0	0	Chord	2/4	1	2	1/4	1/4	1	48						
5	5	8	8	1.0	0	0	Chord	2/4	2	1	1/4	1/4	1	49						
5	5	9	9	0.5	1/4	1/4	Chord	2/4	2	1	1/8	1/8	1	50						
6	6	10	10	0.375	0	0	Chord	2/4	1	1	3/32	1/16	3/2	51				7		
6	6	83/8	83/8	0.125	3/32	3/32	Chord	2/4	1	1	1/32	1/32	1	52						
6	6	21/2	21/2	0.25	1/8	1/8	Chord	2/4	1	1	1/16	1/16	1	53			articStaccatoAbove			
6	6	43/4	43/4	0.25	3/16	3/16	Chord	2/4	1	1	1/16	1/16	1	54			articStaccatoAbove			
6	6	11	11	0.5	1/4	1/4	Chord	2/4	1	1	1/8	1/8	1	55						
6	6	47/4	47/4	0.25	7/16	7/16	Chord	2/4	1	1	1/16	1/16	1	56				8		
6	6	10	10	1.0	0	0	Chord	2/4	1	2	1/4	1/4	1	57						
6	6	10	10	1.0	0	0	Chord	2/4	2	1	1/4	1/4	1	58						
6	6	11	11	0.5	1/4	1/4	Chord	2/4	2	1	1/8	1/8	1	59						
6	6	47/4	47/4	0.25	7/16	7/16	Chord	2/4	2	1	1/16	1/16	1	60				9		
7	7	12	12	0.25	0	0	Chord	2/4	1	1	1/16	1/16	1	61				8		
7	7	49/4	49/4	0.25	1/16	1/16	Chord	2/4	1	1	1/16	1/16	1	62						
7	7	51/4	51/4	0.25	3/16	3/16	Chord	2/4	1	1	1/16	1/16	1	63				10		
7	7	13	13	0.25	1/4	1/4	Chord	2/4	1	1	1/16	1/16	1	64				10		
7	7	53/4	53/4	0.25	5/16	5/16	Chord	2/4	1	1	1/16	1/16	1	65						
7	7	55/4	55/4	0.25	7/16	7/16	Chord	2/4	1	1	1/16	1/16	1	66						
7	7	12	12	0.25	0	0	Chord	2/4	2	1	1/16	1/16	1	67				9		
7	7	49/4	49/4	0.25	1/16	1/16	Chord	2/4	2	1	1/16	1/16	1	68						
7	7	51/4	51/4	0.25	3/16	3/16	Chord	2/4	2	1	1/16	1/16	1	69				11		
7	7	13	13	0.25	1/4	1/4	Chord	2/4	2	1	1/16	1/16	1	70				11		
7	7	53/4	53/4	0.25	5/16	5/16	Chord	2/4	2	1	1/16	1/16	1	71						
7	7	55/4	55/4	0.25	7/16	7/16	Chord	2/4	2	1	1/16	1/16	1	72						
8	8	14	14	0.5	0	0	Chord	2/4	1	1	1/8	1/8	1	73				12		
8	8	29/2	29/2	0.5	1/8	1/8	Chord	2/4	1	1	1/8	1/8	1	74				12		
8	8	15	15	0.5	1/4	1/4	Chord	2/4	1	1	1/8	1/8	1	75						
8	8	14	14	0.5	0	0	Chord	2/4	1	2	1/8	1/8	1	76						
8	8	29/2	29/2	0.5	1/8	1/8	Chord	2/4	1	2	1/8	1/8	1	77						
8	8	15	15	0.5	1/4	1/4	Chord	2/4	1	2	1/8	1/8	1	78						
8	8	14	14	1.0	0	0	Chord	2/4	2	1	1/4	1/4	1	79						
8	8	15	15	0.5	1/4	1/4	Chord	2/4	2	1	1/8	1/8	1	80						
8	8	63/4	63/4	0.25	7/16	7/16	Chord	2/4	2	1	1/16	1/16	1	81				13		
9	9	16	16	0.5	0	0	Chord	2/4	1	1	1/8	1/8	1	82				14		
9	9	33/2	33/2	0.25	1/8	1/8	Chord	2/4	1	1	1/16	1/16	1	83						
9	9	17	17	0.5	1/4	1/4	Chord	2/4	1	1	1/8	1/8	1	84				15		
9	9	35/2	35/2	0.25	3/8	3/8	Chord	2/4	1	1	1/16	1/16	1	85						
9	9	16	16	0.25	0	0	Chord	2/4	2	1	1/16	1/16	1	86				13		
9	9	65/4	65/4	0.25	1/16	1/16	Chord	2/4	2	1	1/16	1/16	1	87						
9	9	67/4	67/4	0.25	3/16	3/16	Chord	2/4	2	1	1/16	1/16	1	88				16		
9	9	17	17	0.25	1/4	1/4	Chord	2/4	2	1	1/16	1/16	1	89				16		
9	9	69/4	69/4	0.25	5/16	5/16	Chord	2/4	2	1	1/16	1/16	1	90						
10	10	147/8	147/8	0.125	3/32	3/32	Chord	2/4	1	1	1/32	1/32	1	91				17		
10	10	37/2	37/2	0.125	1/8	1/8	Chord	2/4	1	1	1/32	1/32	1	92				17		
10	10	149/8	149/8	0.125	5/32	5/32	Chord	2/4	1	1	1/32	1/32	1	93				17		
10	10	75/4	75/4	0.1875	3/16	3/16	Chord	2/4	1	1	3/64	1/32	3/2	94				17		
10	10	303/16	303/16	0.0625	15/64	15/64	Chord	2/4	1	1	1/64	1/64	1	95						
10	10	19	19	0.5	1/4	1/4	Chord	2/4	1	1	1/8	1/8	1	96				18		
10	10	39/2	39/2	0.5	3/8	3/8	Chord	2/4	1	1	1/8	1/8	1	97						
10	10	19	19	1.0	1/4	1/4	Chord	2/4	2	1	1/4	1/4	1	98						
10	10	19	19	1.0	1/4	1/4	Chord	2/4	2	2	1/4	1/4	1	99						
11	11	161/8	161/8	0.125	1/32	1/32	Chord	2/4	1	1	1/32	1/32	1	100				19		
11	11	81/4	81/4	0.125	1/16	1/16	Chord	2/4	1	1	1/32	1/32	1	101				19		
11	11	163/8	163/8	0.125	3/32	3/32	Chord	2/4	1	1	1/32	1/32	1	102				19		
11	11	41/2	41/2	0.125	1/8	1/8	Chord	2/4	1	1	1/32	1/32	1	103				19		
11	11	165/8	165/8	0.125	5/32	5/32	Chord	2/4	1	1	1/32	1/32	1	104				19		
11	11	83/4	83/4	0.125	3/16	3/16	Chord	2/4	1	1	1/32	1/32	1	105				19		
11	11	167/8	167/8	0.125	7/32	7/32	Chord	2/4	1	1	1/32	1/32	1	106						
11	11	169/8	169/8	0.125	9/32	9/32	Chord	2/4	1	1	1/32	1/32	1	107				20		
11	11	85/4	85/4	0.125	5/16	5/16	Chord	2/4	1	1	1/32	1/32	1	108				20		
11	11	171/8	171/8	0.125	11/32	11/32	Chord	2/4	1	1	1/32	1/32	1	109				20		
11	11	43/2	43/2	0.125	3/8	3/8	Chord	2/4	1	1	1/32	1/32	1	110				20		
11	11	173/8	173/8	0.125	13/32	13/32	Chord	2/4	1	1	1/32	1/32	1	111				20		
11	11	87/4	87/4	0.125	7/16	7/16	Chord	2/4	1	1	1/32	1/32	1	112				20		
11	11	175/8	175/8	0.125	15/32	15/32	Chord	2/4	1	1	1/32	1/32	1	113						
11	11	20	20	1.0	0	0	Chord	2/4	2	1	1/4	1/4	1	114						
11	11	21	21	1.0	1/4	1/4	Chord	2/4	2	1	1/4	1/4	1	115						
12	12	177/8	177/8	0.125	1/32	1/32	Chord	2/4	1	1	1/32	1/32	1	116				21		
12	12	89/4	89/4	0.125	1/16	1/16	Chord	2/4	1	1	1/32	1/32	1	117				21		
12	12	179/8	179/8	0.125	3/32	3/32	Chord	2/4	1	1	1/32	1/32	1	118				21		
12	12	45/2	45/2	0.125	1/8	1/8	Chord	2/4	1	1	1/32	1/32	1	119				21		
12	12	181/8	181/8	0.125	5/32	5/32	Chord	2/4	1	1	1/32	1/32	1	120				21		
12	12	91/4	91/4	0.125	3/16	3/16	Chord	2/4	1	1	1/32	1/32	1	121				21		
12	12	183/8	183/8	0.125	7/32	7/32	Chord	2/4	1	1	1/32	1/32	1	122						
12	12	185/8	185/8	0.125	9/32	9/32	Chord	2/4	1	1	1/32	1/32	1	123				22		
12	12	93/4	93/4	0.125	5/16	5/16	Chord	2/4	1	1	1/32	1/32	1	124				22		
12	12	187/8	187/8	0.125	11/32	11/32	Chord	2/4	1	1	1/32	1/32	1	125				22		
12	12	47/2	47/2	0.125	3/8	3/8	Chord	2/4	1	1	1/32	1/32	1	126				22		
12	12	189/8	189/8	0.125	13/32	13/32	Chord	2/4	1	1	1/32	1/32	1	127				22		
12	12	95/4	95/4	0.125	7/16	7/16	Chord	2/4	1	1	1/32	1/32	1	128				22		
12	12	191/8	191/8	0.125	15/32	15/32	Chord	2/4	1	1	1/32	1/32	1	129						
12	12	22	22	1.0	0	0	Chord	2/4	2	1	1/4	1/4	1	130						
12	12	23	23	1.0	1/4	1/4	Chord	2/4	2	1	1/4	1/4	1	131						
13	13	193/8	193/8	0.125	1/32	1/32	Chord	2/4	1	1	1/32	1/32	1	132				23		
13	13	97/4	97/4	0.125	1/16	1/16	Chord	2/4	1	1	1/32	1/32	1	133				23		
13	13	195/8	195/8	0.125	3/32	3/32	Chord	2/4	1	1	1/32	1/32	1	134				23		
13	13	49/2	49/2	0.125	1/8	1/8	Chord	2/4	1	1	1/32	1/32	1	135				23		
13	13	197/8	197/8	0.125	5/32	5/32	Chord	2/4	1	1	1/32	1/32	1	136				23		
13	13	99/4	99/4	0.125	3/16	3/16	Chord	2/4	1	1	1/32	1/32	1	137				23		
13	13	199/8	199/8	0.125	7/32	7/32	Chord	2/4	1	1	1/32	1/32	1	138						
13	13	201/8	201/8	0.125	9/32	9/32	Chord	2/4	1	1	1/32	1/32	1	139				24		
13	13	101/4	101/4	0.125	5/16	5/16	Chord	2/4	1	1	1/32	1/32	1	140				24		
13	13	203/8	203/8	0.125	11/32	11/32	Chord	2/4	1	1	1/32	1/32	1	141				24		
13	13	51/2	51/2	0.125	3/8	3/8	Chord	2/4	1	1	1/32	1/32	1	142				24		
13	13	205/8	205/8	0.125	13/32	13/32	Chord	2/4	1	1	1/32	1/32	1	143				24		
13	13	103/4	103/4	0.125	7/16	7/16	Chord	2/4	1	1	1/32	1/32	1	144				24		
13	13	207/8	207/8	0.125	15/32	15/32	Chord	2/4	1	1	1/32	1/32	1	145						
13	13	24	24	0.5	0	0	Chord	2/4	2	1	1/8	1/8	1	146						
13	13	99/4	99/4	0.25	3/16	3/16	Chord	2/4	2	1	1/16	1/16	1	147				25		
13	13	25	25	0.25	1/4	1/4	Chord	2/4	2	1	1/16	1/16	1	148				25		
13	13	101/4	101/4	0.25	5/16	5/16	Chord	2/4	2	1	1/16	1/16	1	149				25		
13	13	51/2	51/2	0.25	3/8	3/8	Chord	2/4	2	1	1/16	1/16	1	150				25		
13	13	103/4	103/4	0.25	7/16	7/16	Chord	2/4	2	1	1/16	1/16	1	151						
14	14	209/8	209/8	0.125	1/32	1/32	Chord	2/4	1	1	1/32	1/32	1	152				26		
14	14	105/4	105/4	0.125	1/16	1/16	Chord	2/4	1	1	1/32	1/32	1	153				26		
14	14	211/8	211/8	0.125	3/32	3/32	Chord	2/4	1	1	1/32	1/32	1	154				26		
14	14	53/2	53/2	0.125	1/8	1/8	Chord	2/4	1	1	1/32	1/32	1	155				26		
14	14	213/8	213/8	0.125	5/32	5/32	Chord	2/4	1	1	1/32	1/32	1	156				26		
14	14	107/4	107/4	0.125	3/16	3/16	Chord	2/4	1	1	1/32	1/32	1	157				26		
14	14	215/8	215/8	0.125	7/32	7/32	Chord	2/4	1	1	1/32	1/32	1	158						
14	14	217/8	217/8	0.125	9/32	9/32	Chord	2/4	1	1	1/32	1/32	1	159				27		
14	14	109/4	109/4	0.125	5/16	5/16	Chord	2/4	1	1	1/32	1/32	1	160				27		
14	14	219/8	219/8	0.125	11/32	11/32	Chord	2/4	1	1	1/32	1/32	1	161				27		
14	14	55/2	55/2	0.125	3/8	3/8	Chord	2/4	1	1	1/32	1/32	1	162				27		
14	14	221/8	221/8	0.125	13/32	13/32	Chord	2/4	1	1	1/32	1/32	1	163				27		
14	14	111/4	111/4	0.125	7/16	7/16	Chord	2/4	1	1	1/32	1/32	1	164				27		
14	14	223/8	223/8	0.125	15/32	15/32	Chord	2/4	1	1	1/32	1/32	1	165						
14	14	26	26	1.0	0	0	Chord	2/4	2	1	1/4	1/4	1	166						
14	14	27	27	1.0	1/4	1/4	Chord	2/4	2	1	1/4	1/4	1	167						
15	15	225/8	225/8	0.125	1/32	1/32	Chord	2/4	1	1	1/32	1/32	1	168				28		
15	15	113/4	113/4	0.125	1/16	1/16	Chord	2/4	1	1	1/32	1/32	1	169				28		
15	15	227/8	227/8	0.125	3/32	3/32	Chord	2/4	1	1	1/32	1/32	1	170				28		
15	15	57/2	57/2	0.125	1/8	1/8	Chord	2/4	1	1	1/32	1/32	1	171				28		
15	15	229/8	229/8	0.125	5/32	5/32	Chord	2/4	1	1	1/32	1/32	1	172				28		
15	15	115/4	115/4	0.125	3/16	3/16	Chord	2/4	1	1	1/32	1/32	1	173				28		
15	15	231/8	231/8	0.125	7/32	7/32	Chord	2/4	1	1	1/32	1/32	1	174						
15	15	233/8	233/8	0.125	9/32	9/32	Chord	2/4	1	1	1/32	1/32	1	175				29		
15	15	117/4	117/4	0.125	5/16	5/16	Chord	2/4	1	1	1/32	1/32	1	176				29		
15	15	235/8	235/8	0.125	11/32	11/32	Chord	2/4	1	1	1/32	1/32	1	177				29		
15	15	59/2	59/2	0.125	3/8	3/8	Chord	2/4	1	1	1/32	1/32	1	178				29		
15	15	237/8	237/8	0.125	13/32	13/32	Chord	2/4	1	1	1/32	1/32	1	179				29		
15	15	119/4	119/4	0.125	7/16	7/16	Chord	2/4	1	1	1/32	1/32	1	180				29		
15	15	239/8	239/8	0.125	15/32	15/32	Chord	2/4	1	1	1/32	1/32	1	181						
15	15	28	28	1.0	0	0	Chord	2/4	2	1	1/4	1/4	1	182						
15	15	29	29	1.0	1/4	1/4	Chord	2/4	2	1	1/4	1/4	1	183						
16	16	241/8	241/8	0.125	1/32	1/32	Chord	2/4	1	1	1/32	1/32	1	184				30		
16	16	121/4	121/4	0.125	1/16	1/16	Chord	2/4	1	1	1/32	1/32	1	185				30		
16	16	243/8	243/8	0.125	3/32	3/32	Chord	2/4	1	1	1/32	1/32	1	186				30		
16	16	61/2	61/2	0.125	1/8	1/8	Chord	2/4	1	1	1/32	1/32	1	187				30		
16	16	245/8	245/8	0.125	5/32	5/32	Chord	2/4	1	1	1/32	1/32	1	188				30		
16	16	123/4	123/4	0.125	3/16	3/16	Chord	2/4	1	1	1/32	1/32	1	189				30		
16	16	247/8	247/8	0.125	7/32	7/32	Chord	2/4	1	1	1/32	1/32	1	190						
16	16	31	31	0.125	1/4	1/4	Chord	2/4	1	1	1/32	1/32	1	191				31		
16	16	249/8	249/8	0.125	9/32	9/32	Chord	2/4	1	1	1/32	1/32	1	192				31		
16	16	125/4	125/4	0.125	5/16	5/16	Chord	2/4	1	1	1/32	1/32	1	193				31		
16	16	251/8	251/8	0.125	11/32	11/32	Chord	2/4	1	1	1/32	1/32	1	194				31		
16	16	63/2	63/2	0.125	3/8	3/8	Chord	2/4	1	1	1/32	1/32	1	195				31		
16	16	253/8	253/8	0.125	13/32	13/32	Chord	2/4	1	1	1/32	1/32	1	196				31		
16	16	127/4	127/4	0.125	7/16	7/16	Chord	2/4	1	1	1/32	1/32	1	197				31		
16	16	255/8	255/8	0.125	15/32	15/32	Chord	2/4	1	1	1/32	1/32	1	198						
16	16	30	30	0.5	0	0	Chord	2/4	2	1	1/8	1/8	1	199						
16	16	123/4	123/4	0.25	3/16	3/16	Chord	2/4	2	1	1/16	1/16	1	200				32		
16	16	31	31	0.25	1/4	1/4	Chord	2/4	2	1	1/16	1/16	1	201				32		
16	16	125/4	125/4	0.25	5/16	5/16	Chord	2/4	2	1	1/16	1/16	1	202				32		
16	16	63/2	63/2	0.25	3/8	3/8	Chord	2/4	2	1	1/16	1/16	1	203				32		
16	16	127/4	127/4	0.25	7/16	7/16	Chord	2/4	2	1	1/16	1/16	1	204						
17	17	257/8	257/8	0.125	1/32	1/32	Chord	2/4	1	1	1/32	1/32	1	205				33		
17	17	129/4	129/4	0.125	1/16	1/16	Chord	2/4	1	1	1/32	1/32	1	206				33		
17	17	259/8	259/8	0.125	3/32	3/32	Chord	2/4	1	1	1/32	1/32	1	207				33		
17	17	65/2	65/2	0.125	1/8	1/8	Chord	2/4	1	1	1/32	1/32	1	208				33		
17	17	261/8	261/8	0.125	5/32	5/32	Chord	2/4	1	1	1/32	1/32	1	209				33		
17	17	131/4	131/4	0.125	3/16	3/16	Chord	2/4	1	1	1/32	1/32	1	210				33		
17	17	263/8	263/8	0.125	7/32	7/32	Chord	2/4	1	1	1/32	1/32	1	211						
17	17	33	33	0.125	1/4	1/4	Chord	2/4	1	1	1/32	1/32	1	212				34		
17	17	265/8	265/8	0.125	9/32	9/32	Chord	2/4	1	1	1/32	1/32	1	213				34		
17	17	133/4	133/4	0.125	5/16	5/16	Chord	2/4	1	1	1/32	1/32	1	214				34		
17	17	267/8	267/8	0.125	11/32	11/32	Chord	2/4	1	1	1/32	1/32	1	215				34		
17	17	67/2	67/2	0.125	3/8	3/8	Chord	2/4	1	1	1/32	1/32	1	216				34		
17	17	269/8	269/8	0.125	13/32	13/32	Chord	2/4	1	1	1/32	1/32	1	217				34		
17	17	135/4	135/4	0.125	7/16	7/16	Chord	2/4	1	1	1/32	1/32	1	218				34		
17	17	271/8	271/8	0.125	15/32	15/32	Chord	2/4	1	1	1/32	1/32	1	219						
17	17	32	32	0.5	0	0	Chord	2/4	2	1	1/8	1/8	1	220						
17	17	131/4	131/4	0.25	3/16	3/16	Chord	2/4	2	1	1/16	1/16	1	221				35		
17	17	33	33	0.25	1/4	1/4	Chord	2/4	2	1	1/16	1/16	1	222				35		
17	17	133/4	133/4	0.25	5/16	5/16	Chord	2/4	2	1	1/16	1/16	1	223				35		
17	17	67/2	67/2	0.25	3/8	3/8	Chord	2/4	2	1	1/16	1/16	1	224				35		
17	17	135/4	135/4	0.25	7/16	7/16	Chord	2/4	2	1	1/16	1/16	1	225						
18	18	273/8	273/8	0.125	1/32	1/32	Chord	2/4	1	1	1/32	1/32	1	226				36		
18	18	137/4	137/4	0.125	1/16	1/16	Chord	2/4	1	1	1/32	1/32	1	227				36		
18	18	275/8	275/8	0.125	3/32	3/32	Chord	2/4	1	1	1/32	1/32	1	228				36		
18	18	69/2	69/2	0.125	1/8	1/8	Chord	2/4	1	1	1/32	1/32	1	229				36		
18	18	277/8	277/8	0.125	5/32	5/32	Chord	2/4	1	1	1/32	1/32	1	230				36		
18	18	139/4	139/4	0.125	3/16	3/16	Chord	2/4	1	1	1/32	1/32	1	231				36		
18	18	279/8	279/8	0.125	7/32	7/32	Chord	2/4	1	1	1/32	1/32	1	232						
18	18	281/8	281/8	0.125	9/32	9/32	Chord	2/4	1	1	1/32	1/32	1	233				37		
18	18	141/4	141/4	0.125	5/16	5/16	Chord	2/4	1	1	1/32	1/32	1	234				37		
18	18	283/8	283/8	0.125	11/32	11/32	Chord	2/4	1	1	1/32	1/32	1	235				37		
18	18	71/2	71/2	0.125	3/8	3/8	Chord	2/4	1	1	1/32	1/32	1	236				37		
18	18	285/8	285/8	0.125	13/32	13/32	Chord	2/4	1	1	1/32	1/32	1	237				37		
18	18	143/4	143/4	0.125	7/16	7/16	Chord	2/4	1	1	1/32	1/32	1	238				37		
18	18	287/8	287/8	0.125	15/32	15/32	Chord	2/4	1	1	1/32	1/32	1	239						
18	18	34	34	1.0	0	0	Chord	2/4	2	1	1/4	1/4	1	240						
18	18	35	35	1.0	1/4	1/4	Chord	2/4	2	1	1/4	1/4	1	241						
19	19	289/8	289/8	0.125	1/32	1/32	Chord	2/4	1	1	1/32	1/32	1	242				38		
19	19	145/4	145/4	0.125	1/16	1/16	Chord	2/4	1	1	1/32	1/32	1	243	>			38		
19	19	291/8	291/8	0.125	3/32	3/32	Chord	2/4	1	1	1/32	1/32	1	244				38		
19	19	73/2	73/2	0.125	1/8	1/8	Chord	2/4	1	1	1/32	1/32	1	245				38		
19	19	293/8	293/8	0.125	5/32	5/32	Chord	2/4	1	1	1/32	1/32	1	246				38		
19	19	147/4	147/4	0.125	3/16	3/16	Chord	2/4	1	1	1/32	1/32	1	247				38		
19	19	295/8	295/8	0.125	7/32	7/32	Chord	2/4	1	1	1/32	1/32	1	248						
19	19	297/8	297/8	0.125	9/32	9/32	Chord	2/4	1	1	1/32	1/32	1	249				39		
19	19	149/4	149/4	0.125	5/16	5/16	Chord	2/4	1	1	1/32	1/32	1	250	>			39		
19	19	299/8	299/8	0.125	11/32	11/32	Chord	2/4	1	1	1/32	1/32	1	251				39		
19	19	75/2	75/2	0.125	3/8	3/8	Chord	2/4	1	1	1/32	1/32	1	252				39		
19	19	301/8	301/8	0.125	13/32	13/32	Chord	2/4	1	1	1/32	1/32	1	253				39		
19	19	151/4	151/4	0.125	7/16	7/16	Chord	2/4	1	1	1/32	1/32	1	254				39		
19	19	303/8	303/8	0.125	15/32	15/32	Chord	2/4	1	1	1/32	1/32	1	255						
19	19	36	36	0.25	0	0	Chord	2/4	2	1	1/16	1/16	1	256						
19	19	145/4	145/4	0.5	1/16	1/16	Chord	2/4	2	1	1/8	1/8	1	257				40		
19	19	147/4	147/4	0.25	3/16	3/16	Chord	2/4	2	1	1/16	1/16	1	258						
19	19	37	37	0.25	1/4	1/4	Chord	2/4	2	1	1/16	1/16	1	259						
19	19	149/4	149/4	0.5	5/16	5/16	Chord	2/4	2	1	1/8	1/8	1	260				41		
19	19	151/4	151/4	0.25	7/16	7/16	Chord	2/4	2	1	1/16	1/16	1	261						
20	20	305/8	305/8	0.125	1/32	1/32	Chord	2/4	1	1	1/32	1/32	1	262				42		
20	20	153/4	153/4	0.125	1/16	1/16	Chord	2/4	1	1	1/32	1/32	1	263	>			42		
20	20	307/8	307/8	0.125	3/32	3/32	Chord	2/4	1	1	1/32	1/32	1	264				42		
20	20	77/2	77/2	0.125	1/8	1/8	Chord	2/4	1	1	1/32	1/32	1	265				42		
20	20	309/8	309/8	0.125	5/32	5/32	Chord	2/4	1	1	1/32	1/32	1	266				42		
20	20	155/4	155/4	0.125	3/16	3/16	Chord	2/4	1	1	1/32	1/32	1	267				42		
20	20	311/8	311/8	0.125	7/32	7/32	Chord	2/4	1	1	1/32	1/32	1	268						
20	20	313/8	313/8	0.125	9/32	9/32	Chord	2/4	1	1	1/32	1/32	1	269				43		
20	20	157/4	157/4	0.125	5/16	5/16	Chord	2/4	1	1	1/32	1/32	1	270	>			43		
20	20	315/8	315/8	0.125	11/32	11/32	Chord	2/4	1	1	1/32	1/32	1	271				43		
20	20	79/2	79/2	0.125	3/8	3/8	Chord	2/4	1	1	1/32	1/32	1	272				43		
20	20	317/8	317/8	0.125	13/32	13/32	Chord	2/4	1	1	1/32	1/32	1	273				43		
20	20	159/4	159/4	0.125	7/16	7/16	Chord	2/4	1	1	1/32	1/32	1	274				43		
20	20	319/8	319/8	0.125	15/32	15/32	Chord	2/4	1	1	1/32	1/32	1	275						
20	20	38	38	0.25	0	0	Chord	2/4	2	1	1/16	1/16	1	276						
20	20	153/4	153/4	0.5	1/16	1/16	Chord	2/4	2	1	1/8	1/8	1	277				44		
20	20	155/4	155/4	0.25	3/16	3/16	Chord	2/4	2	1	1/16	1/16	1	278						
20	20	39	39	0.25	1/4	1/4	Chord	2/4	2	1	1/16	1/16	1	279						
20	20	157/4	157/4	0.5	5/16	5/16	Chord	2/4	2	1	1/8	1/8	1	280				45		
20	20	159/4	159/4	0.25	7/16	7/16	Chord	2/4	2	1	1/16	1/16	1	281						
21	21	321/8	321/8	0.125	1/32	1/32	Chord	2/4	1	1	1/32	1/32	1	282				46		
21	21	161/4	161/4	0.125	1/16	1/16	Chord	2/4	1	1	1/32	1/32	1	283				46		
21	21	323/8	323/8	0.125	3/32	3/32	Chord	2/4	1	1	1/32	1/32	1	284				46		
21	21	81/2	81/2	0.125	1/8	1/8	Chord	2/4	1	1	1/32	1/32	1	285				46		
21	21	325/8	325/8	0.125	5/32	5/32	Chord	2/4	1	1	1/32	1/32	1	286				46		
21	21	163/4	163/4	0.125	3/16	3/16	Chord	2/4	1	1	1/32	1/32	1	287				46		
21	21	327/8	327/8	0.125	7/32	7/32	Chord	2/4	1	1	1/32	1/32	1	288						
21	21	329/8	329/8	0.25	9/32	9/32	Chord	2/4	1	1	1/16	1/16	1	289				47		
21	21	331/8	331/8	0.125	11/32	11/32	Chord	2/4	1	1	1/32	1/32	1	290				47		
21	21	83/2	83/2	0.125	3/8	3/8	Chord	2/4	1	1	1/32	1/32	1	291				47		
21	21	333/8	333/8	0.125	13/32	13/32	Chord	2/4	1	1	1/32	1/32	1	292				47		
21	21	167/4	167/4	0.125	7/16	7/16	Chord	2/4	1	1	1/32	1/32	1	293				47		
21	21	335/8	335/8	0.125	15/32	15/32	Chord	2/4	1	1	1/32	1/32	1	294						
21	21	40	40	0.25	0	0	Chord	2/4	2	1	1/16	1/16	1	295						
21	21	161/4	161/4	0.5	1/16	1/16	Chord	2/4	2	1	1/8	1/8	1	296			articAccentAbove	48		
21	21	163/4	163/4	0.25	3/16	3/16	Chord	2/4	2	1	1/16	1/16	1	297						
21	21	41	41	0.25	1/4	1/4	Chord	2/4	2	1	1/16	1/16	1	298						
21	21	165/4	165/4	0.5	5/16	5/16	Chord	2/4	2	1	1/8	1/8	1	299			articAccentBelow	49		
21	21	167/4	167/4	0.25	7/16	7/16	Chord	2/4	2	1	1/16	1/16	1	300						
22	22	337/8	337/8	0.125	1/32	1/32	Chord	2/4	1	1	1/32	1/32	1	301				50		
22	22	169/4	169/4	0.125	1/16	1/16	Chord	2/4	1	1	1/32	1/32	1	302				50		
22	22	339/8	339/8	0.125	3/32	3/32	Chord	2/4	1	1	1/32	1/32	1	303				50		
22	22	85/2	85/2	0.125	1/8	1/8	Chord	2/4	1	1	1/32	1/32	1	304				50		
22	22	341/8	341/8	0.125	5/32	5/32	Chord	2/4	1	1	1/32	1/32	1	305				50		
22	22	171/4	171/4	0.125	3/16	3/16	Chord	2/4	1	1	1/32	1/32	1	306				50		
22	22	343/8	343/8	0.125	7/32	7/32	Chord	2/4	1	1	1/32	1/32	1	307						
22	22	345/8	345/8	0.125	9/32	9/32	Chord	2/4	1	1	1/32	1/32	1	308				51		
22	22	173/4	173/4	0.125	5/16	5/16	Chord	2/4	1	1	1/32	1/32	1	309				51		
22	22	347/8	347/8	0.125	11/32	11/32	Chord	2/4	1	1	1/32	1/32	1	310				51		
22	22	87/2	87/2	0.125	3/8	3/8	Chord	2/4	1	1	1/32	1/32	1	311				51		
22	22	349/8	349/8	0.125	13/32	13/32	Chord	2/4	1	1	1/32	1/32	1	312				51		
22	22	175/4	175/4	0.125	7/16	7/16	Chord	2/4	1	1	1/32	1/32	1	313				51		
22	22	351/8	351/8	0.125	15/32	15/32	Chord	2/4	1	1	1/32	1/32	1	314						
22	22	42	42	0.25	0	0	Chord	2/4	2	1	1/16	1/16	1	315						
22	22	169/4	169/4	0.5	1/16	1/16	Chord	2/4	2	1	1/8	1/8	1	316			articAccentAbove	52		
22	22	171/4	171/4	0.25	3/16	3/16	Chord	2/4	2	1	1/16	1/16	1	317						
22	22	43	43	0.25	1/4	1/4	Chord	2/4	2	1	1/16	1/16	1	318						
22	22	173/4	173/4	0.5	5/16	5/16	Chord	2/4	2	1	1/8	1/8	1	319			articAccentAbove	53		
22	22	175/4	175/4	0.25	7/16	7/16	Chord	2/4	2	1	1/16	1/16	1	320						
23	23	353/8	353/8	0.125	1/32	1/32	Chord	2/4	1	1	1/32	1/32	1	321				54		
23	23	177/4	177/4	0.125	1/16	1/16	Chord	2/4	1	1	1/32	1/32	1	322				54		
23	23	355/8	355/8	0.125	3/32	3/32	Chord	2/4	1	1	1/32	1/32	1	323				54		
23	23	89/2	89/2	0.125	1/8	1/8	Chord	2/4	1	1	1/32	1/32	1	324				54		
23	23	357/8	357/8	0.125	5/32	5/32	Chord	2/4	1	1	1/32	1/32	1	325				54		
23	23	179/4	179/4	0.125	3/16	3/16	Chord	2/4	1	1	1/32	1/32	1	326				54		
23	23	359/8	359/8	0.125	7/32	7/32	Chord	2/4	1	1	1/32	1/32	1	327						
23	23	361/8	361/8	0.125	9/32	9/32	Chord	2/4	1	1	1/32	1/32	1	328				55		
23	23	181/4	181/4	0.125	5/16	5/16	Chord	2/4	1	1	1/32	1/32	1	329				55		
23	23	363/8	363/8	0.125	11/32	11/32	Chord	2/4	1	1	1/32	1/32	1	330				55		
23	23	91/2	91/2	0.125	3/8	3/8	Chord	2/4	1	1	1/32	1/32	1	331				55		
23	23	365/8	365/8	0.125	13/32	13/32	Chord	2/4	1	1	1/32	1/32	1	332				55		
23	23	183/4	183/4	0.125	7/16	7/16	Chord	2/4	1	1	1/32	1/32	1	333				55		
23	23	367/8	367/8	0.125	15/32	15/32	Chord	2/4	1	1	1/32	1/32	1	334						
23	23	44	44	0.25	0	0	Chord	2/4	2	1	1/16	1/16	1	335						
23	23	177/4	177/4	0.5	1/16	1/16	Chord	2/4	2	1	1/8	1/8	1	336			articAccentAbove	56		
23	23	179/4	179/4	0.25	3/16	3/16	Chord	2/4	2	1	1/16	1/16	1	337						
23	23	45	45	0.25	1/4	1/4	Chord	2/4	2	1	1/16	1/16	1	338						
23	23	181/4	181/4	0.5	5/16	5/16	Chord	2/4	2	1	1/8	1/8	1	339			articAccentAbove	57		
23	23	183/4	183/4	0.25	7/16	7/16	Chord	2/4	2	1	1/16	1/16	1	340						
24	24	369/8	369/8	0.25	1/32	1/32	Chord	2/4	1	1	1/16	1/16	1	341				58		
24	24	371/8	371/8	0.125	3/32	3/32	Chord	2/4	1	1	1/32	1/32	1	342				58		
24	24	93/2	93/2	0.125	1/8	1/8	Chord	2/4	1	1	1/32	1/32	1	343				58		
24	24	373/8	373/8	0.125	5/32	5/32	Chord	2/4	1	1	1/32	1/32	1	344				58		
24	24	187/4	187/4	0.125	3/16	3/16	Chord	2/4	1	1	1/32	1/32	1	345				58		
24	24	375/8	375/8	0.125	7/32	7/32	Chord	2/4	1	1	1/32	1/32	1	346						
24	24	377/8	377/8	0.25	9/32	9/32	Chord	2/4	1	1	1/16	1/16	1	347				59		
24	24	379/8	379/8	0.125	11/32	11/32	Chord	2/4	1	1	1/32	1/32	1	348				59		
24	24	95/2	95/2	0.125	3/8	3/8	Chord	2/4	1	1	1/32	1/32	1	349				59		
24	24	381/8	381/8	0.125	13/32	13/32	Chord	2/4	1	1	1/32	1/32	1	350				59		
24	24	191/4	191/4	0.125	7/16	7/16	Chord	2/4	1	1	1/32	1/32	1	351				59		
24	24	383/8	383/8	0.125	15/32	15/32	Chord	2/4	1	1	1/32	1/32	1	352						
24	24	46	46	0.25	0	0	Chord	2/4	2	1	1/16	1/16	1	353						
24	24	185/4	185/4	0.0	1/16	1/16	Dynamic	2/4	2	1	0					sf				
24	24	185/4	185/4	0.5	1/16	1/16	Chord	2/4	2	1	1/8	1/8	1	354				60		
24	24	187/4	187/4	0.25	3/16	3/16	Chord	2/4	2	1	1/16	1/16	1	355						
24	24	47	47	0.25	1/4	1/4	Chord	2/4	2	1	1/16	1/16	1	356						
24	24	189/4	189/4	0.0	5/16	5/16	Dynamic	2/4	2	1	0					sf				
24	24	189/4	189/4	0.5	5/16	5/16	Chord	2/4	2	1	1/8	1/8	1	357				61		
24	24	191/4	191/4	0.25	7/16	7/16	Chord	2/4	2	1	1/16	1/16	1	358						
25	25	385/8	385/8	0.125	1/32	1/32	Chord	2/4	1	1	1/32	1/32	1	359				62		
25	25	193/4	193/4	0.125	1/16	1/16	Chord	2/4	1	1	1/32	1/32	1	360				62		
25	25	387/8	387/8	0.125	3/32	3/32	Chord	2/4	1	1	1/32	1/32	1	361				62		
25	25	97/2	97/2	0.125	1/8	1/8	Chord	2/4	1	1	1/32	1/32	1	362				62		
25	25	389/8	389/8	0.125	5/32	5/32	Chord	2/4	1	1	1/32	1/32	1	363				62		
25	25	195/4	195/4	0.125	3/16	3/16	Chord	2/4	1	1	1/32	1/32	1	364				62		
25	25	391/8	391/8	0.125	7/32	7/32	Chord	2/4	1	1	1/32	1/32	1	365						
25	25	393/8	393/8	0.125	9/32	9/32	Chord	2/4	1	1	1/32	1/32	1	366				63		
25	25	197/4	197/4	0.125	5/16	5/16	Chord	2/4	1	1	1/32	1/32	1	367				63		
25	25	395/8	395/8	0.125	11/32	11/32	Chord	2/4	1	1	1/32	1/32	1	368				63		
25	25	99/2	99/2	0.125	3/8	3/8	Chord	2/4	1	1	1/32	1/32	1	369				63		
25	25	397/8	397/8	0.125	13/32	13/32	Chord	2/4	1	1	1/32	1/32	1	370				63		
25	25	199/4	199/4	0.125	7/16	7/16	Chord	2/4	1	1	1/32	1/32	1	371				63		
25	25	399/8	399/8	0.125	15/32	15/32	Chord	2/4	1	1	1/32	1/32	1	372						
25	25	48	48	1.0	0	0	Chord	2/4	2	1	1/4	1/4	1	373						
25	25	49	49	1.0	1/4	1/4	Chord	2/4	2	1	1/4	1/4	1	374						
26	26	401/8	401/8	0.125	1/32	1/32	Chord	2/4	1	1	1/32	1/32	1	375				64		
26	26	201/4	201/4	0.125	1/16	1/16	Chord	2/4	1	1	1/32	1/32	1	376				64		
26	26	403/8	403/8	0.125	3/32	3/32	Chord	2/4	1	1	1/32	1/32	1	377				64		
26	26	101/2	101/2	0.125	1/8	1/8	Chord	2/4	1	1	1/32	1/32	1	378				64		
26	26	405/8	405/8	0.125	5/32	5/32	Chord	2/4	1	1	1/32	1/32	1	379				64		
26	26	203/4	203/4	0.125	3/16	3/16	Chord	2/4	1	1	1/32	1/32	1	380				64		
26	26	407/8	407/8	0.125	7/32	7/32	Chord	2/4	1	1	1/32	1/32	1	381						
26	26	409/8	409/8	0.125	9/32	9/32	Chord	2/4	1	1	1/32	1/32	1	382				65		
26	26	205/4	205/4	0.125	5/16	5/16	Chord	2/4	1	1	1/32	1/32	1	383				65		
26	26	411/8	411/8	0.125	11/32	11/32	Chord	2/4	1	1	1/32	1/32	1	384				65		
26	26	103/2	103/2	0.125	3/8	3/8	Chord	2/4	1	1	1/32	1/32	1	385				65		
26	26	413/8	413/8	0.125	13/32	13/32	Chord	2/4	1	1	1/32	1/32	1	386				65		
26	26	207/4	207/4	0.125	7/16	7/16	Chord	2/4	1	1	1/32	1/32	1	387				65		
26	26	415/8	415/8	0.125	15/32	15/32	Chord	2/4	1	1	1/32	1/32	1	388						
26	26	50	50	1.0	0	0	Chord	2/4	2	1	1/4	1/4	1	389						
26	26	51	51	1.0	1/4	1/4	Chord	2/4	2	1	1/4	1/4	1	390						
27	27	417/8	417/8	0.125	1/32	1/32	Chord	2/4	1	1	1/32	1/32	1	391				66		
27	27	209/4	209/4	0.125	1/16	1/16	Chord	2/4	1	1	1/32	1/32	1	392				66		
27	27	419/8	419/8	0.125	3/32	3/32	Chord	2/4	1	1	1/32	1/32	1	393				66		
27	27	105/2	105/2	0.125	1/8	1/8	Chord	2/4	1	1	1/32	1/32	1	394				66		
27	27	421/8	421/8	0.125	5/32	5/32	Chord	2/4	1	1	1/32	1/32	1	395				66		
27	27	211/4	211/4	0.125	3/16	3/16	Chord	2/4	1	1	1/32	1/32	1	396				66		
27	27	423/8	423/8	0.125	7/32	7/32	Chord	2/4	1	1	1/32	1/32	1	397						
27	27	425/8	425/8	0.125	9/32	9/32	Chord	2/4	1	1	1/32	1/32	1	398				67		
27	27	213/4	213/4	0.125	5/16	5/16	Chord	2/4	1	1	1/32	1/32	1	399				67		
27	27	427/8	427/8	0.125	11/32	11/32	Chord	2/4	1	1	1/32	1/32	1	400				67		
27	27	107/2	107/2	0.125	3/8	3/8	Chord	2/4	1	1	1/32	1/32	1	401				67		
27	27	429/8	429/8	0.125	13/32	13/32	Chord	2/4	1	1	1/32	1/32	1	402				67		
27	27	215/4	215/4	0.125	7/16	7/16	Chord	2/4	1	1	1/32	1/32	1	403				67		
27	27	431/8	431/8	0.125	15/32	15/32	Chord	2/4	1	1	1/32	1/32	1	404						
27	27	52	52	1.0	0	0	Chord	2/4	2	1	1/4	1/4	1	405						
27	27	53	53	1.0	1/4	1/4	Chord	2/4	2	1	1/4	1/4	1	406						
28	28	433/8	433/8	0.0	1/32	1/32	Dynamic	2/4	1	1	0					p				
28	28	433/8	433/8	0.125	1/32	1/32	Chord	2/4	1	1	1/32	1/32	1	407				68		
28	28	217/4	217/4	0.125	1/16	1/16	Chord	2/4	1	1	1/32	1/32	1	408				68		
28	28	435/8	435/8	0.125	3/32	3/32	Chord	2/4	1	1	1/32	1/32	1	409				68		
28	28	109/2	109/2	0.125	1/8	1/8	Chord	2/4	1	1	1/32	1/32	1	410				68		
28	28	437/8	437/8	0.125	5/32	5/32	Chord	2/4	1	1	1/32	1/32	1	411				68		
28	28	219/4	219/4	0.125	3/16	3/16	Chord	2/4	1	1	1/32	1/32	1	412				68		
28	28	439/8	439/8	0.125	7/32	7/32	Chord	2/4	1	1	1/32	1/32	1	413						
28	28	441/8	441/8	0.125	9/32	9/32	Chord	2/4	1	1	1/32	1/32	1	414				69		
28	28	221/4	221/4	0.125	5/16	5/16	Chord	2/4	1	1	1/32	1/32	1	415				69		
28	28	443/8	443/8	0.125	11/32	11/32	Chord	2/4	1	1	1/32	1/32	1	416				69		
28	28	111/2	111/2	0.125	3/8	3/8	Chord	2/4	1	1	1/32	1/32	1	417				69		
28	28	445/8	445/8	0.125	13/32	13/32	Chord	2/4	1	1	1/32	1/32	1	418				69		
28	28	223/4	223/4	0.125	7/16	7/16	Chord	2/4	1	1	1/32	1/32	1	419				69		
28	28	447/8	447/8	0.125	15/32	15/32	Chord	2/4	1	1	1/32	1/32	1	420						
28	28	54	54	0.5	0	0	Chord	2/4	2	1	1/8	1/8	1	421						
28	28	219/4	219/4	0.25	3/16	3/16	Chord	2/4	2	1	1/16	1/16	1	422				70		
28	28	55	55	0.25	1/4	1/4	Chord	2/4	2	1	1/16	1/16	1	423				70		
28	28	221/4	221/4	0.25	5/16	5/16	Chord	2/4	2	1	1/16	1/16	1	424				70		
28	28	111/2	111/2	0.25	3/8	3/8	Chord	2/4	2	1	1/16	1/16	1	425				70		
28	28	223/4	223/4	0.25	7/16	7/16	Chord	2/4	2	1	1/16	1/16	1	426						
29	29	449/8	449/8	0.125	1/32	1/32	Chord	2/4	1	1	1/32	1/32	1	427				71		
29	29	225/4	225/4	0.125	1/16	1/16	Chord	2/4	1	1	1/32	1/32	1	428				71		
29	29	451/8	451/8	0.125	3/32	3/32	Chord	2/4	1	1	1/32	1/32	1	429				71		
29	29	113/2	113/2	0.125	1/8	1/8	Chord	2/4	1	1	1/32	1/32	1	430				71		
29	29	453/8	453/8	0.125	5/32	5/32	Chord	2/4	1	1	1/32	1/32	1	431				71		
29	29	227/4	227/4	0.125	3/16	3/16	Chord	2/4	1	1	1/32	1/32	1	432				71		
29	29	455/8	455/8	0.125	7/32	7/32	Chord	2/4	1	1	1/32	1/32	1	433						
29	29	457/8	457/8	0.125	9/32	9/32	Chord	2/4	1	1	1/32	1/32	1	434				72		
29	29	229/4	229/4	0.125	5/16	5/16	Chord	2/4	1	1	1/32	1/32	1	435				72		
29	29	459/8	459/8	0.125	11/32	11/32	Chord	2/4	1	1	1/32	1/32	1	436				72		
29	29	115/2	115/2	0.125	3/8	3/8	Chord	2/4	1	1	1/32	1/32	1	437				72		
29	29	461/8	461/8	0.125	13/32	13/32	Chord	2/4	1	1	1/32	1/32	1	438				72		
29	29	231/4	231/4	0.125	7/16	7/16	Chord	2/4	1	1	1/32	1/32	1	439				72		
29	29	463/8	463/8	0.125	15/32	15/32	Chord	2/4	1	1	1/32	1/32	1	440						
29	29	56	56	0.0	0	0	Dynamic	2/4	2	1	0					ff				
29	29	56	56	1.0	0	0	Chord	2/4	2	1	1/4	1/4	1	441						
29	29	57	57	1.0	1/4	1/4	Chord	2/4	2	1	1/4	1/4	1	442						
30	30	465/8	465/8	0.125	1/32	1/32	Chord	2/4	1	1	1/32	1/32	1	443				73		
30	30	233/4	233/4	0.125	1/16	1/16	Chord	2/4	1	1	1/32	1/32	1	444				73		
30	30	467/8	467/8	0.125	3/32	3/32	Chord	2/4	1	1	1/32	1/32	1	445				73		
30	30	117/2	117/2	0.125	1/8	1/8	Chord	2/4	1	1	1/32	1/32	1	446				73		
30	30	469/8	469/8	0.125	5/32	5/32	Chord	2/4	1	1	1/32	1/32	1	447				73		
30	30	235/4	235/4	0.125	3/16	3/16	Chord	2/4	1	1	1/32	1/32	1	448				73		
30	30	471/8	471/8	0.125	7/32	7/32	Chord	2/4	1	1	1/32	1/32	1	449						
30	30	473/8	473/8	0.125	9/32	9/32	Chord	2/4	1	1	1/32	1/32	1	450				74		
30	30	237/4	237/4	0.125	5/16	5/16	Chord	2/4	1	1	1/32	1/32	1	451				74		
30	30	475/8	475/8	0.125	11/32	11/32	Chord	2/4	1	1	1/32	1/32	1	452				74		
30	30	119/2	119/2	0.125	3/8	3/8	Chord	2/4	1	1	1/32	1/32	1	453				74		
30	30	477/8	477/8	0.125	13/32	13/32	Chord	2/4	1	1	1/32	1/32	1	454				74		
30	30	239/4	239/4	0.125	7/16	7/16	Chord	2/4	1	1	1/32	1/32	1	455				74		
30	30	479/8	479/8	0.125	15/32	15/32	Chord	2/4	1	1	1/32	1/32	1	456						
30	30	58	58	1.0	0	0	Chord	2/4	2	1	1/4	1/4	1	457						
30	30	59	59	1.0	1/4	1/4	Chord	2/4	2	1	1/4	1/4	1	458						
31	31	481/8	481/8	0.125	1/32	1/32	Chord	2/4	1	1	1/32	1/32	1	459				75		
31	31	241/4	241/4	0.125	1/16	1/16	Chord	2/4	1	1	1/32	1/32	1	460				75		
31	31	483/8	483/8	0.125	3/32	3/32	Chord	2/4	1	1	1/32	1/32	1	461				75		
31	31	121/2	121/2	0.125	1/8	1/8	Chord	2/4	1	1	1/32	1/32	1	462				75		
31	31	485/8	485/8	0.125	5/32	5/32	Chord	2/4	1	1	1/32	1/32	1	463				75		
31	31	243/4	243/4	0.125	3/16	3/16	Chord	2/4	1	1	1/32	1/32	1	464				75		
31	31	487/8	487/8	0.125	7/32	7/32	Chord	2/4	1	1	1/32	1/32	1	465						
31	31	489/8	489/8	0.125	9/32	9/32	Chord	2/4	1	1	1/32	1/32	1	466				76		
31	31	245/4	245/4	0.125	5/16	5/16	Chord	2/4	1	1	1/32	1/32	1	467				76		
31	31	491/8	491/8	0.125	11/32	11/32	Chord	2/4	1	1	1/32	1/32	1	468				76		
31	31	123/2	123/2	0.125	3/8	3/8	Chord	2/4	1	1	1/32	1/32	1	469				76		
31	31	493/8	493/8	0.125	13/32	13/32	Chord	2/4	1	1	1/32	1/32	1	470				76		
31	31	247/4	247/4	0.125	7/16	7/16	Chord	2/4	1	1	1/32	1/32	1	471				76		
31	31	495/8	495/8	0.125	15/32	15/32	Chord	2/4	1	1	1/32	1/32	1	472						
31	31	60	60	0.0	0	0	Dynamic	2/4	2	1	0					p				
31	31	60	60	0.5	0	0	Chord	2/4	2	1	1/8	1/8	1	473						
31	31	243/4	243/4	0.25	3/16	3/16	Chord	2/4	2	1	1/16	1/16	1	474				77		
31	31	61	61	0.25	1/4	1/4	Chord	2/4	2	1	1/16	1/16	1	475				77		
31	31	245/4	245/4	0.25	5/16	5/16	Chord	2/4	2	1	1/16	1/16	1	476				77		
31	31	123/2	123/2	0.25	3/8	3/8	Chord	2/4	2	1	1/16	1/16	1	477				77		
31	31	247/4	247/4	0.25	7/16	7/16	Chord	2/4	2	1	1/16	1/16	1	478						
32	32	497/8	497/8	0.125	1/32	1/32	Chord	2/4	1	1	1/32	1/32	1	479				78		
32	32	249/4	249/4	0.125	1/16	1/16	Chord	2/4	1	1	1/32	1/32	1	480				78		
32	32	499/8	499/8	0.125	3/32	3/32	Chord	2/4	1	1	1/32	1/32	1	481				78		
32	32	125/2	125/2	0.125	1/8	1/8	Chord	2/4	1	1	1/32	1/32	1	482				78		
32	32	501/8	501/8	0.125	5/32	5/32	Chord	2/4	1	1	1/32	1/32	1	483				78		
32	32	251/4	251/4	0.125	3/16	3/16	Chord	2/4	1	1	1/32	1/32	1	484				78		
32	32	503/8	503/8	0.125	7/32	7/32	Chord	2/4	1	1	1/32	1/32	1	485						
32	32	505/8	505/8	0.125	9/32	9/32	Chord	2/4	1	1	1/32	1/32	1	486				79		
32	32	253/4	253/4	0.125	5/16	5/16	Chord	2/4	1	1	1/32	1/32	1	487				79		
32	32	507/8	507/8	0.125	11/32	11/32	Chord	2/4	1	1	1/32	1/32	1	488				79		
32	32	127/2	127/2	0.125	3/8	3/8	Chord	2/4	1	1	1/32	1/32	1	489				79		
32	32	509/8	509/8	0.125	13/32	13/32	Chord	2/4	1	1	1/32	1/32	1	490				79		
32	32	255/4	255/4	0.125	7/16	7/16	Chord	2/4	1	1	1/32	1/32	1	491				79		
32	32	511/8	511/8	0.125	15/32	15/32	Chord	2/4	1	1	1/32	1/32	1	492						
32	32	62	62	0.0	0	0	Dynamic	2/4	2	1	0					ff				
32	32	62	62	1.0	0	0	Chord	2/4	2	1	1/4	1/4	1	493						
32	32	63	63	1.0	1/4	1/4	Chord	2/4	2	1	1/4	1/4	1	494						
33	33	513/8	513/8	0.125	1/32	1/32	Chord	2/4	1	1	1/32	1/32	1	495				80		
33	33	257/4	257/4	0.125	1/16	1/16	Chord	2/4	1	1	1/32	1/32	1	496				80		
33	33	515/8	515/8	0.125	3/32	3/32	Chord	2/4	1	1	1/32	1/32	1	497				80		
33	33	129/2	129/2	0.125	1/8	1/8	Chord	2/4	1	1	1/32	1/32	1	498				80		
33	33	517/8	517/8	0.125	5/32	5/32	Chord	2/4	1	1	1/32	1/32	1	499				80		
33	33	259/4	259/4	0.125	3/16	3/16	Chord	2/4	1	1	1/32	1/32	1	500				80		
33	33	519/8	519/8	0.125	7/32	7/32	Chord	2/4	1	1	1/32	1/32	1	501						
33	33	521/8	521/8	0.125	9/32	9/32	Chord	2/4	1	1	1/32	1/32	1	502				81		
33	33	261/4	261/4	0.125	5/16	5/16	Chord	2/4	1	1	1/32	1/32	1	503				81		
33	33	523/8	523/8	0.125	11/32	11/32	Chord	2/4	1	1	1/32	1/32	1	504				81		
33	33	131/2	131/2	0.125	3/8	3/8	Chord	2/4	1	1	1/32	1/32	1	505				81		
33	33	525/8	525/8	0.125	13/32	13/32	Chord	2/4	1	1	1/32	1/32	1	506				81		
33	33	263/4	263/4	0.125	7/16	7/16	Chord	2/4	1	1	1/32	1/32	1	507				81		
33	33	527/8	527/8	0.125	15/32	15/32	Chord	2/4	1	1	1/32	1/32	1	508						
33	33	64	64	1.0	0	0	Chord	2/4	2	1	1/4	1/4	1	509						
33	33	65	65	1.0	1/4	1/4	Chord	2/4	2	1	1/4	1/4	1	510						
34	34	529/8	529/8	0.0	1/32	1/32	Dynamic	2/4	1	1	0					p				
34	34	529/8	529/8	0.125	1/32	1/32	Chord	2/4	1	1	1/32	1/32	1	511				82		
34	34	265/4	265/4	0.125	1/16	1/16	Chord	2/4	1	1	1/32	1/32	1	512				82		
34	34	531/8	531/8	0.125	3/32	3/32	Chord	2/4	1	1	1/32	1/32	1	513				82		
34	34	133/2	133/2	0.125	1/8	1/8	Chord	2/4	1	1	1/32	1/32	1	514				82		
34	34	533/8	533/8	0.125	5/32	5/32	Chord	2/4	1	1	1/32	1/32	1	515				82		
34	34	267/4	267/4	0.125	3/16	3/16	Chord	2/4	1	1	1/32	1/32	1	516				82		
34	34	535/8	535/8	0.125	7/32	7/32	Chord	2/4	1	1	1/32	1/32	1	517						
34	34	537/8	537/8	0.125	9/32	9/32	Chord	2/4	1	1	1/32	1/32	1	518				83		
34	34	269/4	269/4	0.125	5/16	5/16	Chord	2/4	1	1	1/32	1/32	1	519				83		
34	34	539/8	539/8	0.125	11/32	11/32	Chord	2/4	1	1	1/32	1/32	1	520				83		
34	34	135/2	135/2	0.125	3/8	3/8	Chord	2/4	1	1	1/32	1/32	1	521				83		
34	34	541/8	541/8	0.125	13/32	13/32	Chord	2/4	1	1	1/32	1/32	1	522				83		
34	34	271/4	271/4	0.125	7/16	7/16	Chord	2/4	1	1	1/32	1/32	1	523				83		
34	34	543/8	543/8	0.125	15/32	15/32	Chord	2/4	1	1	1/32	1/32	1	524						
34	34	66	66	0.5	0	0	Chord	2/4	2	1	1/8	1/8	1	525						
34	34	267/4	267/4	0.25	3/16	3/16	Chord	2/4	2	1	1/16	1/16	1	526				84		
34	34	67	67	0.25	1/4	1/4	Chord	2/4	2	1	1/16	1/16	1	527				84		
34	34	269/4	269/4	0.25	5/16	5/16	Chord	2/4	2	1	1/16	1/16	1	528				84		
34	34	135/2	135/2	0.25	3/8	3/8	Chord	2/4	2	1	1/16	1/16	1	529				84		
34	34	271/4	271/4	0.25	7/16	7/16	Chord	2/4	2	1	1/16	1/16	1	530						
35	35	545/8	545/8	0.125	1/32	1/32	Chord	2/4	1	1	1/32	1/32	1	531				85		
35	35	273/4	273/4	0.125	1/16	1/16	Chord	2/4	1	1	1/32	1/32	1	532				85		
35	35	547/8	547/8	0.125	3/32	3/32	Chord	2/4	1	1	1/32	1/32	1	533				85		
35	35	137/2	137/2	0.125	1/8	1/8	Chord	2/4	1	1	1/32	1/32	1	534				85		
35	35	549/8	549/8	0.125	5/32	5/32	Chord	2/4	1	1	1/32	1/32	1	535				85		
35	35	275/4	275/4	0.125	3/16	3/16	Chord	2/4	1	1	1/32	1/32	1	536				85		
35	35	551/8	551/8	0.125	7/32	7/32	Chord	2/4	1	1	1/32	1/32	1	537						
35	35	553/8	553/8	0.125	9/32	9/32	Chord	2/4	1	1	1/32	1/32	1	538				86		
35	35	277/4	277/4	0.125	5/16	5/16	Chord	2/4	1	1	1/32	1/32	1	539				86		
35	35	555/8	555/8	0.125	11/32	11/32	Chord	2/4	1	1	1/32	1/32	1	540				86		
35	35	139/2	139/2	0.125	3/8	3/8	Chord	2/4	1	1	1/32	1/32	1	541				86		
35	35	557/8	557/8	0.125	13/32	13/32	Chord	2/4	1	1	1/32	1/32	1	542				86		
35	35	279/4	279/4	0.125	7/16	7/16	Chord	2/4	1	1	1/32	1/32	1	543				86		
35	35	559/8	559/8	0.125	15/32	15/32	Chord	2/4	1	1	1/32	1/32	1	544						
35	35	68	68	0.5	0	0	Chord	2/4	2	1	1/8	1/8	1	545						
35	35	275/4	275/4	0.25	3/16	3/16	Chord	2/4	2	1	1/16	1/16	1	546				87		
35	35	69	69	0.25	1/4	1/4	Chord	2/4	2	1	1/16	1/16	1	547				87		
35	35	277/4	277/4	0.25	5/16	5/16	Chord	2/4	2	1	1/16	1/16	1	548				87		
35	35	139/2	139/2	0.25	3/8	3/8	Chord	2/4	2	1	1/16	1/16	1	549				87		
35	35	279/4	279/4	0.25	7/16	7/16	Chord	2/4	2	1	1/16	1/16	1	550						
36	36	561/8	561/8	0.125	1/32	1/32	Chord	2/4	1	1	1/32	1/32	1	551				88		
36	36	281/4	281/4	0.125	1/16	1/16	Chord	2/4	1	1	1/32	1/32	1	552				88		
36	36	563/8	563/8	0.125	3/32	3/32	Chord	2/4	1	1	1/32	1/32	1	553				88		
36	36	141/2	141/2	0.125	1/8	1/8	Chord	2/4	1	1	1/32	1/32	1	554				88		
36	36	565/8	565/8	0.125	5/32	5/32	Chord	2/4	1	1	1/32	1/32	1	555				88		
36	36	283/4	283/4	0.125	3/16	3/16	Chord	2/4	1	1	1/32	1/32	1	556				88		
36	36	567/8	567/8	0.125	7/32	7/32	Chord	2/4	1	1	1/32	1/32	1	557						
36	36	569/8	569/8	0.125	9/32	9/32	Chord	2/4	1	1	1/32	1/32	1	558				89		
36	36	285/4	285/4	0.125	5/16	5/16	Chord	2/4	1	1	1/32	1/32	1	559				89		
36	36	571/8	571/8	0.125	11/32	11/32	Chord	2/4	1	1	1/32	1/32	1	560				89		
36	36	143/2	143/2	0.125	3/8	3/8	Chord	2/4	1	1	1/32	1/32	1	561				89		
36	36	573/8	573/8	0.125	13/32	13/32	Chord	2/4	1	1	1/32	1/32	1	562				89		
36	36	287/4	287/4	0.125	7/16	7/16	Chord	2/4	1	1	1/32	1/32	1	563				89		
36	36	575/8	575/8	0.125	15/32	15/32	Chord	2/4	1	1	1/32	1/32	1	564						
36	36	70	70	0.5	0	0	Chord	2/4	2	1	1/8	1/8	1	565						
36	36	283/4	283/4	0.25	3/16	3/16	Chord	2/4	2	1	1/16	1/16	1	566				90		
36	36	71	71	0.25	1/4	1/4	Chord	2/4	2	1	1/16	1/16	1	567				90		
36	36	285/4	285/4	0.25	5/16	5/16	Chord	2/4	2	1	1/16	1/16	1	568				90		
36	36	143/2	143/2	0.25	3/8	3/8	Chord	2/4	2	1	1/16	1/16	1	569				90		
36	36	287/4	287/4	0.25	7/16	7/16	Chord	2/4	2	1	1/16	1/16	1	570						
37	37	577/8	577/8	0.0	1/32	1/32	Dynamic	2/4	1	1	0					p				
37	37	577/8	577/8	0.125	1/32	1/32	Chord	2/4	1	1	1/32	1/32	1	571				91		
37	37	289/4	289/4	0.125	1/16	1/16	Chord	2/4	1	1	1/32	1/32	1	572				91		
37	37	579/8	579/8	0.125	3/32	3/32	Chord	2/4	1	1	1/32	1/32	1	573				91		
37	37	145/2	145/2	0.125	1/8	1/8	Chord	2/4	1	1	1/32	1/32	1	574				91		
37	37	581/8	581/8	0.125	5/32	5/32	Chord	2/4	1	1	1/32	1/32	1	575				91		
37	37	291/4	291/4	0.125	3/16	3/16	Chord	2/4	1	1	1/32	1/32	1	576				91		
37	37	583/8	583/8	0.125	7/32	7/32	Chord	2/4	1	1	1/32	1/32	1	577						
37	37	585/8	585/8	0.125	9/32	9/32	Chord	2/4	1	1	1/32	1/32	1	578				92		
37	37	293/4	293/4	0.125	5/16	5/16	Chord	2/4	1	1	1/32	1/32	1	579				92		
37	37	587/8	587/8	0.125	11/32	11/32	Chord	2/4	1	1	1/32	1/32	1	580				92		
37	37	147/2	147/2	0.125	3/8	3/8	Chord	2/4	1	1	1/32	1/32	1	581				92		
37	37	589/8	589/8	0.125	13/32	13/32	Chord	2/4	1	1	1/32	1/32	1	582				92		
37	37	295/4	295/4	0.125	7/16	7/16	Chord	2/4	1	1	1/32	1/32	1	583				92		
37	37	591/8	591/8	0.125	15/32	15/32	Chord	2/4	1	1	1/32	1/32	1	584						
37	37	72	72	0.25	0	0	Chord	2/4	2	1	1/16	1/16	1	585						
37	37	289/4	289/4	0.5	1/16	1/16	Chord	2/4	2	1	1/8	1/8	1	586				93		
37	37	291/4	291/4	0.25	3/16	3/16	Chord	2/4	2	1	1/16	1/16	1	587						
37	37	73	73	0.25	1/4	1/4	Chord	2/4	2	1	1/16	1/16	1	588						
37	37	293/4	293/4	0.5	5/16	5/16	Chord	2/4	2	1	1/8	1/8	1	589				94		
37	37	295/4	295/4	0.25	7/16	7/16	Chord	2/4	2	1	1/16	1/16	1	590						
38	38	593/8	593/8	0.125	1/32	1/32	Chord	2/4	1	1	1/32	1/32	1	591				95		
38	38	297/4	297/4	0.125	1/16	1/16	Chord	2/4	1	1	1/32	1/32	1	592				95		
38	38	595/8	595/8	0.125	3/32	3/32	Chord	2/4	1	1	1/32	1/32	1	593				95		
38	38	149/2	149/2	0.125	1/8	1/8	Chord	2/4	1	1	1/32	1/32	1	594				95		
38	38	597/8	597/8	0.125	5/32	5/32	Chord	2/4	1	1	1/32	1/32	1	595				95		
38	38	299/4	299/4	0.125	3/16	3/16	Chord	2/4	1	1	1/32	1/32	1	596				95		
38	38	599/8	599/8	0.125	7/32	7/32	Chord	2/4	1	1	1/32	1/32	1	597						
38	38	601/8	601/8	0.125	9/32	9/32	Chord	2/4	1	1	1/32	1/32	1	598				96		
38	38	301/4	301/4	0.125	5/16	5/16	Chord	2/4	1	1	1/32	1/32	1	599				96		
38	38	603/8	603/8	0.125	11/32	11/32	Chord	2/4	1	1	1/32	1/32	1	600				96		
38	38	151/2	151/2	0.125	3/8	3/8	Chord	2/4	1	1	1/32	1/32	1	601				96		
38	38	605/8	605/8	0.125	13/32	13/32	Chord	2/4	1	1	1/32	1/32	1	602				96		
38	38	303/4	303/4	0.125	7/16	7/16	Chord	2/4	1	1	1/32	1/32	1	603				96		
38	38	607/8	607/8	0.125	15/32	15/32	Chord	2/4	1	1	1/32	1/32	1	604						
38	38	74	74	0.25	0	0	Chord	2/4	2	1	1/16	1/16	1	605						
38	38	297/4	297/4	0.5	1/16	1/16	Chord	2/4	2	1	1/8	1/8	1	606				97		
38	38	299/4	299/4	0.25	3/16	3/16	Chord	2/4	2	1	1/16	1/16	1	607						
38	38	75	75	0.25	1/4	1/4	Chord	2/4	2	1	1/16	1/16	1	608						
38	38	301/4	301/4	0.5	5/16	5/16	Chord	2/4	2	1	1/8	1/8	1	609				98		
38	38	303/4	303/4	0.25	7/16	7/16	Chord	2/4	2	1	1/16	1/16	1	610						
39	39	609/8	609/8	0.125	1/32	1/32	Chord	2/4	1	1	1/32	1/32	1	611				99		
39	39	305/4	305/4	0.125	1/16	1/16	Chord	2/4	1	1	1/32	1/32	1	612				99		
39	39	611/8	611/8	0.125	3/32	3/32	Chord	2/4	1	1	1/32	1/32	1	613				99		
39	39	153/2	153/2	0.125	1/8	1/8	Chord	2/4	1	1	1/32	1/32	1	614				99		
39	39	613/8	613/8	0.125	5/32	5/32	Chord	2/4	1	1	1/32	1/32	1	615				99		
39	39	307/4	307/4	0.125	3/16	3/16	Chord	2/4	1	1	1/32	1/32	1	616				99		
39	39	615/8	615/8	0.125	7/32	7/32	Chord	2/4	1	1	1/32	1/32	1	617						
39	39	617/8	617/8	0.125	9/32	9/32	Chord	2/4	1	1	1/32	1/32	1	618				100		
39	39	309/4	309/4	0.125	5/16	5/16	Chord	2/4	1	1	1/32	1/32	1	619				100		
39	39	619/8	619/8	0.125	11/32	11/32	Chord	2/4	1	1	1/32	1/32	1	620				100		
39	39	155/2	155/2	0.125	3/8	3/8	Chord	2/4	1	1	1/32	1/32	1	621				100		
39	39	621/8	621/8	0.125	13/32	13/32	Chord	2/4	1	1	1/32	1/32	1	622				100		
39	39	311/4	311/4	0.125	7/16	7/16	Chord	2/4	1	1	1/32	1/32	1	623				100		
39	39	623/8	623/8	0.125	15/32	15/32	Chord	2/4	1	1	1/32	1/32	1	624						
39	39	76	76	0.25	0	0	Chord	2/4	2	1	1/16	1/16	1	625						
39	39	305/4	305/4	0.5	1/16	1/16	Chord	2/4	2	1	1/8	1/8	1	626				101		
39	39	307/4	307/4	0.25	3/16	3/16	Chord	2/4	2	1	1/16	1/16	1	627						
39	39	77	77	0.25	1/4	1/4	Chord	2/4	2	1	1/16	1/16	1	628						
39	39	309/4	309/4	0.5	5/16	5/16	Chord	2/4	2	1	1/8	1/8	1	629				102		
39	39	311/4	311/4	0.25	7/16	7/16	Chord	2/4	2	1	1/16	1/16	1	630						
40	40	625/8	625/8	0.125	1/32	1/32	Chord	2/4	1	1	1/32	1/32	1	631				103		
40	40	313/4	313/4	0.125	1/16	1/16	Chord	2/4	1	1	1/32	1/32	1	632				103		
40	40	627/8	627/8	0.125	3/32	3/32	Chord	2/4	1	1	1/32	1/32	1	633				103		
40	40	157/2	157/2	0.125	1/8	1/8	Chord	2/4	1	1	1/32	1/32	1	634				103		
40	40	629/8	629/8	0.125	5/32	5/32	Chord	2/4	1	1	1/32	1/32	1	635				103		
40	40	315/4	315/4	0.125	3/16	3/16	Chord	2/4	1	1	1/32	1/32	1	636				103		
40	40	631/8	631/8	0.125	7/32	7/32	Chord	2/4	1	1	1/32	1/32	1	637						
40	40	633/8	633/8	0.125	9/32	9/32	Chord	2/4	1	1	1/32	1/32	1	638				104		
40	40	317/4	317/4	0.125	5/16	5/16	Chord	2/4	1	1	1/32	1/32	1	639				104		
40	40	635/8	635/8	0.125	11/32	11/32	Chord	2/4	1	1	1/32	1/32	1	640				104		
40	40	159/2	159/2	0.125	3/8	3/8	Chord	2/4	1	1	1/32	1/32	1	641				104		
40	40	637/8	637/8	0.125	13/32	13/32	Chord	2/4	1	1	1/32	1/32	1	642				104		
40	40	319/4	319/4	0.125	7/16	7/16	Chord	2/4	1	1	1/32	1/32	1	643				104		
40	40	639/8	639/8	0.125	15/32	15/32	Chord	2/4	1	1	1/32	1/32	1	644						
40	40	78	78	0.25	0	0	Chord	2/4	2	1	1/16	1/16	1	645						
40	40	313/4	313/4	0.5	1/16	1/16	Chord	2/4	2	1	1/8	1/8	1	646				105		
40	40	315/4	315/4	0.25	3/16	3/16	Chord	2/4	2	1	1/16	1/16	1	647						
40	40	79	79	0.25	1/4	1/4	Chord	2/4	2	1	1/16	1/16	1	648						
40	40	317/4	317/4	0.5	5/16	5/16	Chord	2/4	2	1	1/8	1/8	1	649				106		
40	40	319/4	319/4	0.25	7/16	7/16	Chord	2/4	2	1	1/16	1/16	1	650						
41	41	80	80	0.0	0	0	Spanner	2/4	1	1	0									0
41	41	641/8	641/8	0.125	1/32	1/32	Chord	2/4	1	1	1/32	1/32	1	651				107		0
41	41	321/4	321/4	0.125	1/16	1/16	Chord	2/4	1	1	1/32	1/32	1	652				107		0
41	41	643/8	643/8	0.125	3/32	3/32	Chord	2/4	1	1	1/32	1/32	1	653				107		0
41	41	161/2	161/2	0.125	1/8	1/8	Chord	2/4	1	1	1/32	1/32	1	654				107		0
41	41	645/8	645/8	0.125	5/32	5/32	Chord	2/4	1	1	1/32	1/32	1	655				107		0
41	41	323/4	323/4	0.125	3/16	3/16	Chord	2/4	1	1	1/32	1/32	1	656				107		0
41	41	647/8	647/8	0.125	7/32	7/32	Chord	2/4	1	1	1/32	1/32	1	657						0
41	41	649/8	649/8	0.125	9/32	9/32	Chord	2/4	1	1	1/32	1/32	1	658				108		0
41	41	325/4	325/4	0.125	5/16	5/16	Chord	2/4	1	1	1/32	1/32	1	659				108		0
41	41	651/8	651/8	0.125	11/32	11/32	Chord	2/4	1	1	1/32	1/32	1	660				108		0
41	41	163/2	163/2	0.125	3/8	3/8	Chord	2/4	1	1	1/32	1/32	1	661				108		0
41	41	653/8	653/8	0.125	13/32	13/32	Chord	2/4	1	1	1/32	1/32	1	662				108		0
41	41	327/4	327/4	0.125	7/16	7/16	Chord	2/4	1	1	1/32	1/32	1	663				108		0
41	41	655/8	655/8	0.125	15/32	15/32	Chord	2/4	1	1	1/32	1/32	1	664						0
41	41	80	80	0.25	0	0	Chord	2/4	2	1	1/16	1/16	1	665				109		
41	41	321/4	321/4	0.5	1/16	1/16	Chord	2/4	2	1	1/8	1/8	1	666				109		
41	41	323/4	323/4	0.25	3/16	3/16	Chord	2/4	2	1	1/16	1/16	1	667				109		
41	41	81	81	0.25	1/4	1/4	Chord	2/4	2	1	1/16	1/16	1	668				109		
41	41	325/4	325/4	0.5	5/16	5/16	Chord	2/4	2	1	1/8	1/8	1	669				109		
41	41	327/4	327/4	0.25	7/16	7/16	Chord	2/4	2	1	1/16	1/16	1	670						
42	42	82	82	0.0	0	0	Spanner	2/4	1	1	0									
42	42	657/8	657/8	0.0	1/32	1/32	Spanner	2/4	1	1	0								0	
42	42	657/8	657/8	0.125	1/32	1/32	Chord	2/4	1	1	1/32	1/32	1	671				110	0	
42	42	329/4	329/4	0.125	1/16	1/16	Chord	2/4	1	1	1/32	1/32	1	672				110	0	
42	42	659/8	659/8	0.125	3/32	3/32	Chord	2/4	1	1	1/32	1/32	1	673				110	0	
42	42	165/2	165/2	0.125	1/8	1/8	Chord	2/4	1	1	1/32	1/32	1	674				110	0	
42	42	661/8	661/8	0.125	5/32	5/32	Chord	2/4	1	1	1/32	1/32	1	675				110	0	
42	42	331/4	331/4	0.125	3/16	3/16	Chord	2/4	1	1	1/32	1/32	1	676				110	0	
42	42	663/8	663/8	0.125	7/32	7/32	Chord	2/4	1	1	1/32	1/32	1	677					0	
42	42	83	83	0.0	1/4	1/4	Spanner	2/4	1	1	0									
42	42	665/8	665/8	0.125	9/32	9/32	Chord	2/4	1	1	1/32	1/32	1	678				111		
42	42	333/4	333/4	0.125	5/16	5/16	Chord	2/4	1	1	1/32	1/32	1	679				111		
42	42	667/8	667/8	0.125	11/32	11/32	Chord	2/4	1	1	1/32	1/32	1	680				111		
42	42	167/2	167/2	0.125	3/8	3/8	Chord	2/4	1	1	1/32	1/32	1	681				111		
42	42	669/8	669/8	0.125	13/32	13/32	Chord	2/4	1	1	1/32	1/32	1	682				111		
42	42	335/4	335/4	0.125	7/16	7/16	Chord	2/4	1	1	1/32	1/32	1	683				111		
42	42	671/8	671/8	0.125	15/32	15/32	Chord	2/4	1	1	1/32	1/32	1	684						
42	42	82	82	0.25	0	0	Chord	2/4	2	1	1/16	1/16	1	685				112		
42	42	329/4	329/4	0.5	1/16	1/16	Chord	2/4	2	1	1/8	1/8	1	686				112		
42	42	331/4	331/4	0.25	3/16	3/16	Chord	2/4	2	1	1/16	1/16	1	687				112		
42	42	83	83	0.25	1/4	1/4	Chord	2/4	2	1	1/16	1/16	1	688				112		
42	42	333/4	333/4	0.0	5/16	5/16	Dynamic	2/4	2	1	0					pp		112		
42	42	333/4	333/4	0.5	5/16	5/16	Chord	2/4	2	1	1/8	1/8	1	689				112		
42	42	335/4	335/4	0.25	7/16	7/16	Chord	2/4	2	1	1/16	1/16	1	690						
43	43	84	84	0.375	0	0	Chord	2/4	1	1	3/32	1/16	3/2	691				113		
43	43	675/8	675/8	0.125	3/32	3/32	Chord	2/4	1	1	1/32	1/32	1	692						
43	43	169/2	169/2	0.25	1/8	1/8	Chord	2/4	1	1	1/16	1/16	1	693			articStaccatoBelow			
43	43	339/4	339/4	0.25	3/16	3/16	Chord	2/4	1	1	1/16	1/16	1	694			articStaccatoBelow			
43	43	85	85	0.5	1/4	1/4	Chord	2/4	1	1	1/8	1/8	1	695						
43	43	84	84	1.0	0	0	Chord	2/4	2	1	1/4	1/4	1	696						
43	43	85	85	0.5	1/4	1/4	Chord	2/4	2	1	1/8	1/8	1	697						
43	43	84	84	1.0	0	0	Chord	2/4	2	2	1/4	1/4	1	698						
43	43	85	85	0.5	1/4	1/4	Chord	2/4	2	2	1/8	1/8	1	699						
44	44	86	86	0.375	0	0	Chord	2/4	1	1	3/32	1/16	3/2	700				114		
44	44	691/8	691/8	0.125	3/32	3/32	Chord	2/4	1	1	1/32	1/32	1	701						
44	44	173/2	173/2	0.25	1/8	1/8	Chord	2/4	1	1	1/16	1/16	1	702			articStaccatoBelow			
44	44	347/4	347/4	0.25	3/16	3/16	Chord	2/4	1	1	1/16	1/16	1	703			articStaccatoBelow			
44	44	87	87	0.5	1/4	1/4	Chord	2/4	1	1	1/8	1/8	1	704						
44	44	351/4	351/4	0.25	7/16	7/16	Chord	2/4	1	1	1/16	1/16	1	705						
44	44	86	86	1.0	0	0	Chord	2/4	2	1	1/4	1/4	1	706						
44	44	86	86	1.0	0	0	Chord	2/4	2	2	1/4	1/4	1	707						
44	44	87	87	0.5	1/4	1/4	Chord	2/4	2	2	1/8	1/8	1	708						
45	45	88	88	0.25	0	0	Chord	2/4	1	1	1/16	1/16	1	709				115		
45	45	353/4	353/4	0.25	1/16	1/16	Chord	2/4	1	1	1/16	1/16	1	710				115		
45	45	177/2	177/2	0.25	1/8	1/8	Chord	2/4	1	1	1/16	1/16	1	711				115		
45	45	355/4	355/4	0.25	3/16	3/16	Chord	2/4	1	1	1/16	1/16	1	712						
45	45	89	89	0.5	1/4	1/4	Chord	2/4	1	1	1/8	1/8	1	713						
45	45	359/4	359/4	0.25	7/16	7/16	Chord	2/4	1	1	1/16	1/16	1	714						
45	45	88	88	0.25	0	0	Chord	2/4	2	1	1/16	1/16	1	715				116		
45	45	353/4	353/4	0.25	1/16	1/16	Chord	2/4	2	1	1/16	1/16	1	716				116		
45	45	177/2	177/2	0.25	1/8	1/8	Chord	2/4	2	1	1/16	1/16	1	717				116		
45	45	355/4	355/4	0.25	3/16	3/16	Chord	2/4	2	1	1/16	1/16	1	718						
45	45	89	89	0.5	1/4	1/4	Chord	2/4	2	1	1/8	1/8	1	719						
45	45	359/4	359/4	0.25	7/16	7/16	Chord	2/4	2	1	1/16	1/16	1	720						
46	46	90	90	0.25	0	0	Chord	2/4	1	1	1/16	1/16	1	721				117		
46	46	361/4	361/4	0.25	1/16	1/16	Chord	2/4	1	1	1/16	1/16	1	722				117		
46	46	181/2	181/2	0.25	1/8	1/8	Chord	2/4	1	1	1/16	1/16	1	723				117		
46	46	363/4	363/4	0.125	3/16	3/16	Chord	2/4	1	1	1/32	1/32	1	724				117		
46	46	727/8	727/8	0.125	7/32	7/32	Chord	2/4	1	1	1/32	1/32	1	725						
46	46	91	91	0.5	1/4	1/4	Chord	2/4	1	1	1/8	1/8	1	726						
46	46	90	90	0.25	0	0	Chord	2/4	2	1	1/16	1/16	1	727				118		
46	46	361/4	361/4	0.25	1/16	1/16	Chord	2/4	2	1	1/16	1/16	1	728				118		
46	46	181/2	181/2	0.25	1/8	1/8	Chord	2/4	2	1	1/16	1/16	1	729				118		
46	46	363/4	363/4	0.125	3/16	3/16	Chord	2/4	2	1	1/32	1/32	1	730				118		
46	46	727/8	727/8	0.125	7/32	7/32	Chord	2/4	2	1	1/32	1/32	1	731						
46	46	91	91	0.5	1/4	1/4	Chord	2/4	2	1	1/8	1/8	1	732						
47	47	92	92	0.375	0	0	Chord	2/4	1	1	3/32	1/16	3/2	733				119		
47	47	739/8	739/8	0.125	3/32	3/32	Chord	2/4	1	1	1/32	1/32	1	734						
47	47	185/2	185/2	0.25	1/8	1/8	Chord	2/4	1	1	1/16	1/16	1	735			articStaccatoAbove			
47	47	371/4	371/4	0.25	3/16	3/16	Chord	2/4	1	1	1/16	1/16	1	736			articStaccatoAbove			
47	47	93	93	0.5	1/4	1/4	Chord	2/4	1	1	1/8	1/8	1	737						
47	47	92	92	1.0	0	0	Chord	2/4	1	2	1/4	1/4	1	738						
47	47	93	93	0.5	1/4	1/4	Chord	2/4	1	2	1/8	1/8	1	739						
47	47	92	92	1.0	0	0	Chord	2/4	2	1	1/4	1/4	1	740						
47	47	93	93	0.5	1/4	1/4	Chord	2/4	2	1	1/8	1/8	1	741						
48	48	94	94	0.375	0	0	Chord	2/4	1	1	3/32	1/16	3/2	742				120		
48	48	755/8	755/8	0.125	3/32	3/32	Chord	2/4	1	1	1/32	1/32	1	743						
48	48	189/2	189/2	0.25	1/8	1/8	Chord	2/4	1	1	1/16	1/16	1	744			articStaccatoAbove			
48	48	379/4	379/4	0.25	3/16	3/16	Chord	2/4	1	1	1/16	1/16	1	745			articStaccatoAbove			
48	48	95	95	0.5	1/4	1/4	Chord	2/4	1	1	1/8	1/8	1	746						
48	48	383/4	383/4	0.25	7/16	7/16	Chord	2/4	1	1	1/16	1/16	1	747				121		
48	48	94	94	1.0	0	0	Chord	2/4	1	2	1/4	1/4	1	748						
48	48	94	94	1.0	0	0	Chord	2/4	2	1	1/4	1/4	1	749						
48	48	95	95	0.5	1/4	1/4	Chord	2/4	2	1	1/8	1/8	1	750						
48	48	383/4	383/4	0.25	7/16	7/16	Chord	2/4	2	1	1/16	1/16	1	751				122		
49	49	96	96	0.25	0	0	Chord	2/4	1	1	1/16	1/16	1	752				121		
49	49	385/4	385/4	0.25	1/16	1/16	Chord	2/4	1	1	1/16	1/16	1	753						
49	49	387/4	387/4	0.25	3/16	3/16	Chord	2/4	1	1	1/16	1/16	1	754				123		
49	49	97	97	0.25	1/4	1/4	Chord	2/4	1	1	1/16	1/16	1	755				123		
49	49	389/4	389/4	0.25	5/16	5/16	Chord	2/4	1	1	1/16	1/16	1	756						
49	49	391/4	391/4	0.25	7/16	7/16	Chord	2/4	1	1	1/16	1/16	1	757						
49	49	96	96	0.25	0	0	Chord	2/4	2	1	1/16	1/16	1	758				122		
49	49	385/4	385/4	0.25	1/16	1/16	Chord	2/4	2	1	1/16	1/16	1	759						
49	49	387/4	387/4	0.25	3/16	3/16	Chord	2/4	2	1	1/16	1/16	1	760				124		
49	49	97	97	0.25	1/4	1/4	Chord	2/4	2	1	1/16	1/16	1	761				124		
49	49	389/4	389/4	0.25	5/16	5/16	Chord	2/4	2	1	1/16	1/16	1	762						
49	49	391/4	391/4	0.25	7/16	7/16	Chord	2/4	2	1	1/16	1/16	1	763						
50	50	98	98	0.5	0	0	Chord	2/4	1	1	1/8	1/8	1	764				125		
50	50	197/2	197/2	0.5	1/8	1/8	Chord	2/4	1	1	1/8	1/8	1	765						
50	50	99	99	0.5	1/4	1/4	Chord	2/4	1	1	1/8	1/8	1	766						
50	50	99	99	0.5	1/4	1/4	Chord	2/4	1	2	1/8	1/8	1	767						
50	50	98	98	1.0	0	0	Chord	2/4	2	1	1/4	1/4	1	768						
50	50	99	99	0.5	1/4	1/4	Chord	2/4	2	1	1/8	1/8	1	769						
50	50	399/4	399/4	0.25	7/16	7/16	Chord	2/4	2	1	1/16	1/16	1	770				126		
51	51	100	100	0.5	0	0	Chord	2/4	1	1	1/8	1/8	1	771				127		
51	51	201/2	201/2	0.25	1/8	1/8	Chord	2/4	1	1	1/16	1/16	1	772						
51	51	101	101	0.5	1/4	1/4	Chord	2/4	1	1	1/8	1/8	1	773				128		
51	51	203/2	203/2	0.25	3/8	3/8	Chord	2/4	1	1	1/16	1/16	1	774						
51	51	100	100	0.25	0	0	Chord	2/4	2	1	1/16	1/16	1	775				126		
51	51	401/4	401/4	0.25	1/16	1/16	Chord	2/4	2	1	1/16	1/16	1	776						
51	51	403/4	403/4	0.25	3/16	3/16	Chord	2/4	2	1	1/16	1/16	1	777				129		
51	51	101	101	0.25	1/4	1/4	Chord	2/4	2	1	1/16	1/16	1	778				129		
51	51	405/4	405/4	0.25	5/16	5/16	Chord	2/4	2	1	1/16	1/16	1	779						
52	52	819/8	819/8	0.125	3/32	3/32	Chord	2/4	1	1	1/32	1/32	1	780				130		
52	52	205/2	205/2	0.125	1/8	1/8	Chord	2/4	1	1	1/32	1/32	1	781				130		
52	52	821/8	821/8	0.125	5/32	5/32	Chord	2/4	1	1	1/32	1/32	1	782				130		
52	52	411/4	411/4	0.1875	3/16	3/16	Chord	2/4	1	1	3/64	1/32	3/2	783				130		
52	52	1647/16	1647/16	0.0625	15/64	15/64	Chord	2/4	1	1	1/64	1/64	1	784						
52	52	103	103	0.5	1/4	1/4	Chord	2/4	1	1	1/8	1/8	1	785				131		
52	52	207/2	207/2	0.5	3/8	3/8	Chord	2/4	1	1	1/8	1/8	1	786						
52	52	103	103	1.0	1/4	1/4	Chord	2/4	2	1	1/4	1/4	1	787						
52	52	103	103	1.0	1/4	1/4	Chord	2/4	2	2	1/4	1/4	1	788						
53	53	104	104	0.0	0	0	Dynamic	2/4	1	1	0					ff				
53	53	104	104	0.375	0	0	Chord	2/4	1	1	3/32	1/16	3/2	789						
53	53	835/8	835/8	0.125	3/32	3/32	Chord	2/4	1	1	1/32	1/32	1	790						
53	53	209/2	209/2	0.25	1/8	1/8	Chord	2/4	1	1	1/16	1/16	1	791			articStaccatoBelow			
53	53	419/4	419/4	0.25	3/16	3/16	Chord	2/4	1	1	1/16	1/16	1	792			articStaccatoBelow			
53	53	105	105	0.5	1/4	1/4	Chord	2/4	1	1	1/8	1/8	1	793			articStaccatoBelow			
53	53	104	104	0.375	0	0	Chord	2/4	2	1	3/32	1/16	3/2	794						
53	53	835/8	835/8	0.125	3/32	3/32	Chord	2/4	2	1	1/32	1/32	1	795						
53	53	209/2	209/2	0.25	1/8	1/8	Chord	2/4	2	1	1/16	1/16	1	796			articStaccatoAbove			
53	53	419/4	419/4	0.25	3/16	3/16	Chord	2/4	2	1	1/16	1/16	1	797			articStaccatoAbove			
53	53	105	105	0.5	1/4	1/4	Chord	2/4	2	1	1/8	1/8	1	798			articStaccatoAbove			
53	53	104	104	0.375	0	0	Chord	2/4	2	2	3/32	1/16	3/2	799						
53	53	835/8	835/8	0.125	3/32	3/32	Chord	2/4	2	2	1/32	1/32	1	800						
53	53	209/2	209/2	0.25	1/8	1/8	Chord	2/4	2	2	1/16	1/16	1	801						
53	53	419/4	419/4	0.25	3/16	3/16	Chord	2/4	2	2	1/16	1/16	1	802						
53	53	105	105	0.5	1/4	1/4	Chord	2/4	2	2	1/8	1/8	1	803			articStaccatoBelow			
54	54	106	106	0.375	0	0	Chord	2/4	1	1	3/32	1/16	3/2	804						
54	54	851/8	851/8	0.125	3/32	3/32	Chord	2/4	1	1	1/32	1/32	1	805						
54	54	213/2	213/2	0.25	1/8	1/8	Chord	2/4	1	1	1/16	1/16	1	806						
54	54	427/4	427/4	0.25	3/16	3/16	Chord	2/4	1	1	1/16	1/16	1	807			articStaccatoBelow			
54	54	107	107	0.5	1/4	1/4	Chord	2/4	1	1	1/8	1/8	1	808			articStaccatoBelow			
54	54	106	106	0.375	0	0	Chord	2/4	2	1	3/32	1/16	3/2	809						
54	54	851/8	851/8	0.125	3/32	3/32	Chord	2/4	2	1	1/32	1/32	1	810						
54	54	213/2	213/2	0.25	1/8	1/8	Chord	2/4	2	1	1/16	1/16	1	811						
54	54	427/4	427/4	0.25	3/16	3/16	Chord	2/4	2	1	1/16	1/16	1	812			articStaccatoAbove			
54	54	107	107	0.5	1/4	1/4	Chord	2/4	2	1	1/8	1/8	1	813			articStaccatoAbove			
54	54	106	106	0.375	0	0	Chord	2/4	2	2	3/32	1/16	3/2	814						
54	54	851/8	851/8	0.125	3/32	3/32	Chord	2/4	2	2	1/32	1/32	1	815						
54	54	213/2	213/2	0.25	1/8	1/8	Chord	2/4	2	2	1/16	1/16	1	816						
54	54	427/4	427/4	0.25	3/16	3/16	Chord	2/4	2	2	1/16	1/16	1	817						
54	54	107	107	0.5	1/4	1/4	Chord	2/4	2	2	1/8	1/8	1	818			articStaccatoBelow			
55	55	108	108	0.0	0	0	Spanner	2/4	1	1	0									1
55	55	865/8	865/8	0.125	1/32	1/32	Chord	2/4	1	1	1/32	1/32	1	819				132		1
55	55	433/4	433/4	0.125	1/16	1/16	Chord	2/4	1	1	1/32	1/32	1	820				132		1
55	55	867/8	867/8	0.125	3/32	3/32	Chord	2/4	1	1	1/32	1/32	1	821				132		1
55	55	217/2	217/2	0.125	1/8	1/8	Chord	2/4	1	1	1/32	1/32	1	822				132		1
55	55	869/8	869/8	0.125	5/32	5/32	Chord	2/4	1	1	1/32	1/32	1	823				132		1
55	55	435/4	435/4	0.125	3/16	3/16	Chord	2/4	1	1	1/32	1/32	1	824				132		1
55	55	871/8	871/8	0.125	7/32	7/32	Chord	2/4	1	1	1/32	1/32	1	825						1
55	55	873/8	873/8	0.125	9/32	9/32	Chord	2/4	1	1	1/32	1/32	1	826				133		1
55	55	437/4	437/4	0.125	5/16	5/16	Chord	2/4	1	1	1/32	1/32	1	827				133		1
55	55	875/8	875/8	0.125	11/32	11/32	Chord	2/4	1	1	1/32	1/32	1	828				133		1
55	55	219/2	219/2	0.125	3/8	3/8	Chord	2/4	1	1	1/32	1/32	1	829				133		1
55	55	877/8	877/8	0.125	13/32	13/32	Chord	2/4	1	1	1/32	1/32	1	830				133		1
55	55	439/4	439/4	0.125	7/16	7/16	Chord	2/4	1	1	1/32	1/32	1	831				133		1
55	55	879/8	879/8	0.125	15/32	15/32	Chord	2/4	1	1	1/32	1/32	1	832						1
55	55	108	108	0.0	0	0	Dynamic	2/4	2	1	0					p				
55	55	108	108	1.0	0	0	Chord	2/4	2	1	1/4	1/4	1	833						
55	55	109	109	1.0	1/4	1/4	Chord	2/4	2	1	1/4	1/4	1	834						
56	56	110	110	0.0	0	0	Spanner	2/4	1	1	0									
56	56	110	110	0.0	0	0	Spanner	2/4	1	1	0								1	
56	56	881/8	881/8	0.125	1/32	1/32	Chord	2/4	1	1	1/32	1/32	1	835				134	1	
56	56	441/4	441/4	0.125	1/16	1/16	Chord	2/4	1	1	1/32	1/32	1	836				134	1	
56	56	883/8	883/8	0.125	3/32	3/32	Chord	2/4	1	1	1/32	1/32	1	837				134	1	
56	56	221/2	221/2	0.125	1/8	1/8	Chord	2/4	1	1	1/32	1/32	1	838				134	1	
56	56	885/8	885/8	0.125	5/32	5/32	Chord	2/4	1	1	1/32	1/32	1	839				134	1	
56	56	443/4	443/4	0.125	3/16	3/16	Chord	2/4	1	1	1/32	1/32	1	840				134	1	
56	56	887/8	887/8	0.125	7/32	7/32	Chord	2/4	1	1	1/32	1/32	1	841					1	
56	56	889/8	889/8	0.125	9/32	9/32	Chord	2/4	1	1	1/32	1/32	1	842				135	1	
56	56	445/4	445/4	0.125	5/16	5/16	Chord	2/4	1	1	1/32	1/32	1	843				135	1	
56	56	891/8	891/8	0.125	11/32	11/32	Chord	2/4	1	1	1/32	1/32	1	844				135	1	
56	56	223/2	223/2	0.125	3/8	3/8	Chord	2/4	1	1	1/32	1/32	1	845				135	1	
56	56	893/8	893/8	0.125	13/32	13/32	Chord	2/4	1	1	1/32	1/32	1	846				135	1	
56	56	447/4	447/4	0.125	7/16	7/16	Chord	2/4	1	1	1/32	1/32	1	847				135	1	
56	56	895/8	895/8	0.125	15/32	15/32	Chord	2/4	1	1	1/32	1/32	1	848					1	
56	56	110	110	1.0	0	0	Chord	2/4	2	1	1/4	1/4	1	849						
56	56	111	111	1.0	1/4	1/4	Chord	2/4	2	1	1/4	1/4	1	850						
57	57	897/8	897/8	0.125	1/32	1/32	Chord	2/4	1	1	1/32	1/32	1	851				136	1	
57	57	449/4	449/4	0.125	1/16	1/16	Chord	2/4	1	1	1/32	1/32	1	852				136	1	
57	57	899/8	899/8	0.125	3/32	3/32	Chord	2/4	1	1	1/32	1/32	1	853				136	1	
57	57	225/2	225/2	0.125	1/8	1/8	Chord	2/4	1	1	1/32	1/32	1	854				136	1	
57	57	901/8	901/8	0.125	5/32	5/32	Chord	2/4	1	1	1/32	1/32	1	855				136	1	
57	57	451/4	451/4	0.125	3/16	3/16	Chord	2/4	1	1	1/32	1/32	1	856				136	1	
57	57	903/8	903/8	0.125	7/32	7/32	Chord	2/4	1	1	1/32	1/32	1	857					1	
57	57	113	113	0.0	1/4	1/4	Spanner	2/4	1	1	0									
57	57	905/8	905/8	0.125	9/32	9/32	Chord	2/4	1	1	1/32	1/32	1	858				137		
57	57	453/4	453/4	0.125	5/16	5/16	Chord	2/4	1	1	1/32	1/32	1	859				137		
57	57	907/8	907/8	0.125	11/32	11/32	Chord	2/4	1	1	1/32	1/32	1	860				137		
57	57	227/2	227/2	0.125	3/8	3/8	Chord	2/4	1	1	1/32	1/32	1	861				137		
57	57	909/8	909/8	0.125	13/32	13/32	Chord	2/4	1	1	1/32	1/32	1	862				137		
57	57	455/4	455/4	0.125	7/16	7/16	Chord	2/4	1	1	1/32	1/32	1	863				137		
57	57	911/8	911/8	0.125	15/32	15/32	Chord	2/4	1	1	1/32	1/32	1	864						
57	57	112	112	1.0	0	0	Chord	2/4	2	1	1/4	1/4	1	865						
57	57	113	113	0.0	1/4	1/4	Dynamic	2/4	2	1	0					sf				
57	57	113	113	1.0	1/4	1/4	Chord	2/4	2	1	1/4	1/4	1	866						
58	58	913/8	913/8	0.0	1/32	1/32	Dynamic	2/4	1	1	0					p				
58	58	913/8	913/8	0.125	1/32	1/32	Chord	2/4	1	1	1/32	1/32	1	867				138		
58	58	457/4	457/4	0.125	1/16	1/16	Chord	2/4	1	1	1/32	1/32	1	868				138		
58	58	915/8	915/8	0.125	3/32	3/32	Chord	2/4	1	1	1/32	1/32	1	869				138		
58	58	229/2	229/2	0.125	1/8	1/8	Chord	2/4	1	1	1/32	1/32	1	870				138		
58	58	917/8	917/8	0.125	5/32	5/32	Chord	2/4	1	1	1/32	1/32	1	871				138		
58	58	459/4	459/4	0.125	3/16	3/16	Chord	2/4	1	1	1/32	1/32	1	872				138		
58	58	919/8	919/8	0.125	7/32	7/32	Chord	2/4	1	1	1/32	1/32	1	873						
58	58	921/8	921/8	0.125	9/32	9/32	Chord	2/4	1	1	1/32	1/32	1	874				139		
58	58	461/4	461/4	0.125	5/16	5/16	Chord	2/4	1	1	1/32	1/32	1	875				139		
58	58	923/8	923/8	0.125	11/32	11/32	Chord	2/4	1	1	1/32	1/32	1	876				139		
58	58	231/2	231/2	0.125	3/8	3/8	Chord	2/4	1	1	1/32	1/32	1	877				139		
58	58	925/8	925/8	0.125	13/32	13/32	Chord	2/4	1	1	1/32	1/32	1	878				139		
58	58	463/4	463/4	0.125	7/16	7/16	Chord	2/4	1	1	1/32	1/32	1	879				139		
58	58	927/8	927/8	0.125	15/32	15/32	Chord	2/4	1	1	1/32	1/32	1	880						
58	58	114	114	1.0	0	0	Chord	2/4	2	1	1/4	1/4	1	881						
58	58	115	115	0.0	1/4	1/4	Dynamic	2/4	2	1	0					pp				
58	58	115	115	1.0	1/4	1/4	Chord	2/4	2	1	1/4	1/4	1	882						
59	59	929/8	929/8	0.125	1/32	1/32	Chord	2/4	1	1	1/32	1/32	1	883				140		
59	59	465/4	465/4	0.125	1/16	1/16	Chord	2/4	1	1	1/32	1/32	1	884				140		
59	59	931/8	931/8	0.125	3/32	3/32	Chord	2/4	1	1	1/32	1/32	1	885				140		
59	59	233/2	233/2	0.125	1/8	1/8	Chord	2/4	1	1	1/32	1/32	1	886				140		
59	59	933/8	933/8	0.125	5/32	5/32	Chord	2/4	1	1	1/32	1/32	1	887				140		
59	59	467/4	467/4	0.125	3/16	3/16	Chord	2/4	1	1	1/32	1/32	1	888				140		
59	59	935/8	935/8	0.125	7/32	7/32	Chord	2/4	1	1	1/32	1/32	1	889						
59	59	937/8	937/8	0.125	9/32	9/32	Chord	2/4	1	1	1/32	1/32	1	890				141		
59	59	469/4	469/4	0.125	5/16	5/16	Chord	2/4	1	1	1/32	1/32	1	891				141		
59	59	939/8	939/8	0.125	11/32	11/32	Chord	2/4	1	1	1/32	1/32	1	892				141		
59	59	235/2	235/2	0.125	3/8	3/8	Chord	2/4	1	1	1/32	1/32	1	893				141		
59	59	941/8	941/8	0.125	13/32	13/32	Chord	2/4	1	1	1/32	1/32	1	894				141		
59	59	471/4	471/4	0.125	7/16	7/16	Chord	2/4	1	1	1/32	1/32	1	895				141		
59	59	943/8	943/8	0.125	15/32	15/32	Chord	2/4	1	1	1/32	1/32	1	896						
59	59	116	116	0.25	0	0	Chord	2/4	2	1	1/16	1/16	1	897						
59	59	465/4	465/4	0.5	1/16	1/16	Chord	2/4	2	1	1/8	1/8	1	898				142		
59	59	467/4	467/4	0.25	3/16	3/16	Chord	2/4	2	1	1/16	1/16	1	899						
59	59	117	117	0.25	1/4	1/4	Chord	2/4	2	1	1/16	1/16	1	900						
59	59	469/4	469/4	0.5	5/16	5/16	Chord	2/4	2	1	1/8	1/8	1	901				143		
59	59	471/4	471/4	0.25	7/16	7/16	Chord	2/4	2	1	1/16	1/16	1	902						
60	60	945/8	945/8	0.125	1/32	1/32	Chord	2/4	1	1	1/32	1/32	1	903				144		
60	60	473/4	473/4	0.125	1/16	1/16	Chord	2/4	1	1	1/32	1/32	1	904				144		
60	60	947/8	947/8	0.125	3/32	3/32	Chord	2/4	1	1	1/32	1/32	1	905				144		
60	60	237/2	237/2	0.125	1/8	1/8	Chord	2/4	1	1	1/32	1/32	1	906				144		
60	60	949/8	949/8	0.125	5/32	5/32	Chord	2/4	1	1	1/32	1/32	1	907				144		
60	60	475/4	475/4	0.125	3/16	3/16	Chord	2/4	1	1	1/32	1/32	1	908				144		
60	60	951/8	951/8	0.125	7/32	7/32	Chord	2/4	1	1	1/32	1/32	1	909						
60	60	953/8	953/8	0.125	9/32	9/32	Chord	2/4	1	1	1/32	1/32	1	910				145		
60	60	477/4	477/4	0.125	5/16	5/16	Chord	2/4	1	1	1/32	1/32	1	911				145		
60	60	955/8	955/8	0.125	11/32	11/32	Chord	2/4	1	1	1/32	1/32	1	912				145		
60	60	239/2	239/2	0.125	3/8	3/8	Chord	2/4	1	1	1/32	1/32	1	913				145		
60	60	957/8	957/8	0.125	13/32	13/32	Chord	2/4	1	1	1/32	1/32	1	914				145		
60	60	479/4	479/4	0.125	7/16	7/16	Chord	2/4	1	1	1/32	1/32	1	915				145		
60	60	959/8	959/8	0.125	15/32	15/32	Chord	2/4	1	1	1/32	1/32	1	916						
60	60	118	118	0.25	0	0	Chord	2/4	2	1	1/16	1/16	1	917						
60	60	473/4	473/4	0.5	1/16	1/16	Chord	2/4	2	1	1/8	1/8	1	918				146		
60	60	475/4	475/4	0.25	3/16	3/16	Chord	2/4	2	1	1/16	1/16	1	919						
60	60	119	119	0.25	1/4	1/4	Chord	2/4	2	1	1/16	1/16	1	920						
60	60	477/4	477/4	0.5	5/16	5/16	Chord	2/4	2	1	1/8	1/8	1	921				147		
60	60	479/4	479/4	0.25	7/16	7/16	Chord	2/4	2	1	1/16	1/16	1	922						
61	61	961/8	961/8	0.25	1/32	1/32	Chord	2/4	1	1	1/16	1/16	1	923				148		
61	61	963/8	963/8	0.125	3/32	3/32	Chord	2/4	1	1	1/32	1/32	1	924				148		
61	61	241/2	241/2	0.125	1/8	1/8	Chord	2/4	1	1	1/32	1/32	1	925				148		
61	61	965/8	965/8	0.125	5/32	5/32	Chord	2/4	1	1	1/32	1/32	1	926				148		
61	61	483/4	483/4	0.125	3/16	3/16	Chord	2/4	1	1	1/32	1/32	1	927				148		
61	61	967/8	967/8	0.125	7/32	7/32	Chord	2/4	1	1	1/32	1/32	1	928						
61	61	969/8	969/8	0.25	9/32	9/32	Chord	2/4	1	1	1/16	1/16	1	929				149		
61	61	971/8	971/8	0.125	11/32	11/32	Chord	2/4	1	1	1/32	1/32	1	930				149		
61	61	243/2	243/2	0.125	3/8	3/8	Chord	2/4	1	1	1/32	1/32	1	931				149		
61	61	973/8	973/8	0.125	13/32	13/32	Chord	2/4	1	1	1/32	1/32	1	932				149		
61	61	487/4	487/4	0.125	7/16	7/16	Chord	2/4	1	1	1/32	1/32	1	933				149		
61	61	975/8	975/8	0.125	15/32	15/32	Chord	2/4	1	1	1/32	1/32	1	934						
61	61	120	120	0.25	0	0	Chord	2/4	2	1	1/16	1/16	1	935						
61	61	481/4	481/4	0.5	1/16	1/16	Chord	2/4	2	1	1/8	1/8	1	936				150		
61	61	483/4	483/4	0.25	3/16	3/16	Chord	2/4	2	1	1/16	1/16	1	937						
61	61	121	121	0.25	1/4	1/4	Chord	2/4	2	1	1/16	1/16	1	938						
61	61	485/4	485/4	0.5	5/16	5/16	Chord	2/4	2	1	1/8	1/8	1	939				151		
61	61	487/4	487/4	0.25	7/16	7/16	Chord	2/4	2	1	1/16	1/16	1	940						
62	62	977/8	977/8	0.125	1/32	1/32	Chord	2/4	1	1	1/32	1/32	1	941				152		
62	62	489/4	489/4	0.125	1/16	1/16	Chord	2/4	1	1	1/32	1/32	1	942				152		
62	62	979/8	979/8	0.125	3/32	3/32	Chord	2/4	1	1	1/32	1/32	1	943				152		
62	62	245/2	245/2	0.125	1/8	1/8	Chord	2/4	1	1	1/32	1/32	1	944				152		
62	62	981/8	981/8	0.125	5/32	5/32	Chord	2/4	1	1	1/32	1/32	1	945				152		
62	62	491/4	491/4	0.125	3/16	3/16	Chord	2/4	1	1	1/32	1/32	1	946				152		
62	62	983/8	983/8	0.125	7/32	7/32	Chord	2/4	1	1	1/32	1/32	1	947						
62	62	985/8	985/8	0.125	9/32	9/32	Chord	2/4	1	1	1/32	1/32	1	948				153		
62	62	493/4	493/4	0.125	5/16	5/16	Chord	2/4	1	1	1/32	1/32	1	949				153		
62	62	987/8	987/8	0.125	11/32	11/32	Chord	2/4	1	1	1/32	1/32	1	950				153		
62	62	247/2	247/2	0.125	3/8	3/8	Chord	2/4	1	1	1/32	1/32	1	951				153		
62	62	989/8	989/8	0.125	13/32	13/32	Chord	2/4	1	1	1/32	1/32	1	952				153		
62	62	495/4	495/4	0.125	7/16	7/16	Chord	2/4	1	1	1/32	1/32	1	953				153		
62	62	991/8	991/8	0.125	15/32	15/32	Chord	2/4	1	1	1/32	1/32	1	954						
62	62	122	122	0.25	0	0	Chord	2/4	2	1	1/16	1/16	1	955						
62	62	489/4	489/4	0.5	1/16	1/16	Chord	2/4	2	1	1/8	1/8	1	956				154		
62	62	491/4	491/4	0.25	3/16	3/16	Chord	2/4	2	1	1/16	1/16	1	957						
62	62	123	123	0.25	1/4	1/4	Chord	2/4	2	1	1/16	1/16	1	958						
62	62	493/4	493/4	0.5	5/16	5/16	Chord	2/4	2	1	1/8	1/8	1	959				155		
62	62	495/4	495/4	0.25	7/16	7/16	Chord	2/4	2	1	1/16	1/16	1	960						
63	63	993/8	993/8	0.125	1/32	1/32	Chord	2/4	1	1	1/32	1/32	1	961				156		
63	63	497/4	497/4	0.125	1/16	1/16	Chord	2/4	1	1	1/32	1/32	1	962				156		
63	63	995/8	995/8	0.125	3/32	3/32	Chord	2/4	1	1	1/32	1/32	1	963				156		
63	63	249/2	249/2	0.125	1/8	1/8	Chord	2/4	1	1	1/32	1/32	1	964				156		
63	63	997/8	997/8	0.125	5/32	5/32	Chord	2/4	1	1	1/32	1/32	1	965				156		
63	63	499/4	499/4	0.125	3/16	3/16	Chord	2/4	1	1	1/32	1/32	1	966				156		
63	63	999/8	999/8	0.125	7/32	7/32	Chord	2/4	1	1	1/32	1/32	1	967						
63	63	1001/8	1001/8	0.125	9/32	9/32	Chord	2/4	1	1	1/32	1/32	1	968				157		
63	63	501/4	501/4	0.125	5/16	5/16	Chord	2/4	1	1	1/32	1/32	1	969				157		
63	63	1003/8	1003/8	0.125	11/32	11/32	Chord	2/4	1	1	1/32	1/32	1	970				157		
63	63	251/2	251/2	0.125	3/8	3/8	Chord	2/4	1	1	1/32	1/32	1	971				157		
63	63	1005/8	1005/8	0.125	13/32	13/32	Chord	2/4	1	1	1/32	1/32	1	972				157		
63	63	503/4	503/4	0.125	7/16	7/16	Chord	2/4	1	1	1/32	1/32	1	973				157		
63	63	1007/8	1007/8	0.125	15/32	15/32	Chord	2/4	1	1	1/32	1/32	1	974						
63	63	124	124	0.25	0	0	Chord	2/4	2	1	1/16	1/16	1	975						
63	63	497/4	497/4	0.5	1/16	1/16	Chord	2/4	2	1	1/8	1/8	1	976				158		
63	63	499/4	499/4	0.25	3/16	3/16	Chord	2/4	2	1	1/16	1/16	1	977						
63	63	125	125	0.25	1/4	1/4	Chord	2/4	2	1	1/16	1/16	1	978						
63	63	501/4	501/4	0.5	5/16	5/16	Chord	2/4	2	1	1/8	1/8	1	979				159		
63	63	503/4	503/4	0.25	7/16	7/16	Chord	2/4	2	1	1/16	1/16	1	980						
64	64	1009/8	1009/8	0.25	1/32	1/32	Chord	2/4	1	1	1/16	1/16	1	981				160		
64	64	1011/8	1011/8	0.125	3/32	3/32	Chord	2/4	1	1	1/32	1/32	1	982				160		
64	64	253/2	253/2	0.125	1/8	1/8	Chord	2/4	1	1	1/32	1/32	1	983				160		
64	64	1013/8	1013/8	0.125	5/32	5/32	Chord	2/4	1	1	1/32	1/32	1	984				160		
64	64	507/4	507/4	0.125	3/16	3/16	Chord	2/4	1	1	1/32	1/32	1	985				160		
64	64	1015/8	1015/8	0.125	7/32	7/32	Chord	2/4	1	1	1/32	1/32	1	986						
64	64	1017/8	1017/8	0.25	9/32	9/32	Chord	2/4	1	1	1/16	1/16	1	987				161		
64	64	1019/8	1019/8	0.125	11/32	11/32	Chord	2/4	1	1	1/32	1/32	1	988				161		
64	64	255/2	255/2	0.125	3/8	3/8	Chord	2/4	1	1	1/32	1/32	1	989				161		
64	64	1021/8	1021/8	0.125	13/32	13/32	Chord	2/4	1	1	1/32	1/32	1	990				161		
64	64	511/4	511/4	0.125	7/16	7/16	Chord	2/4	1	1	1/32	1/32	1	991				161		
64	64	1023/8	1023/8	0.125	15/32	15/32	Chord	2/4	1	1	1/32	1/32	1	992						
64	64	126	126	0.25	0	0	Chord	2/4	2	1	1/16	1/16	1	993						
64	64	505/4	505/4	0.5	1/16	1/16	Chord	2/4	2	1	1/8	1/8	1	994				162		
64	64	507/4	507/4	0.25	3/16	3/16	Chord	2/4	2	1	1/16	1/16	1	995						
64	64	127	127	0.25	1/4	1/4	Chord	2/4	2	1	1/16	1/16	1	996						
64	64	509/4	509/4	0.0	5/16	5/16	Dynamic	2/4	2	1	0					sf				
64	64	509/4	509/4	0.5	5/16	5/16	Chord	2/4	2	1	1/8	1/8	1	997				163		
64	64	511/4	511/4	0.25	7/16	7/16	Chord	2/4	2	1	1/16	1/16	1	998						
65	65	1025/8	1025/8	0.125	1/32	1/32	Chord	2/4	1	1	1/32	1/32	1	999				164		
65	65	513/4	513/4	0.125	1/16	1/16	Chord	2/4	1	1	1/32	1/32	1	1000				164		
65	65	1027/8	1027/8	0.125	3/32	3/32	Chord	2/4	1	1	1/32	1/32	1	1001				164		
65	65	257/2	257/2	0.125	1/8	1/8	Chord	2/4	1	1	1/32	1/32	1	1002				164		
65	65	1029/8	1029/8	0.125	5/32	5/32	Chord	2/4	1	1	1/32	1/32	1	1003				164		
65	65	515/4	515/4	0.125	3/16	3/16	Chord	2/4	1	1	1/32	1/32	1	1004				164		
65	65	1031/8	1031/8	0.125	7/32	7/32	Chord	2/4	1	1	1/32	1/32	1	1005						
65	65	1033/8	1033/8	0.25	9/32	9/32	Chord	2/4	1	1	1/16	1/16	1	1006				165		
65	65	1035/8	1035/8	0.125	11/32	11/32	Chord	2/4	1	1	1/32	1/32	1	1007				165		
65	65	259/2	259/2	0.125	3/8	3/8	Chord	2/4	1	1	1/32	1/32	1	1008				165		
65	65	1037/8	1037/8	0.125	13/32	13/32	Chord	2/4	1	1	1/32	1/32	1	1009				165		
65	65	519/4	519/4	0.125	7/16	7/16	Chord	2/4	1	1	1/32	1/32	1	1010				165		
65	65	1039/8	1039/8	0.125	15/32	15/32	Chord	2/4	1	1	1/32	1/32	1	1011						
65	65	128	128	0.25	0	0	Chord	2/4	2	1	1/16	1/16	1	1012						
65	65	513/4	513/4	0.5	1/16	1/16	Chord	2/4	2	1	1/8	1/8	1	1013				166		
65	65	515/4	515/4	0.25	3/16	3/16	Chord	2/4	2	1	1/16	1/16	1	1014						
65	65	129	129	0.25	1/4	1/4	Chord	2/4	2	1	1/16	1/16	1	1015						
65	65	517/4	517/4	0.5	5/16	5/16	Chord	2/4	2	1	1/8	1/8	1	1016				167		
65	65	519/4	519/4	0.25	7/16	7/16	Chord	2/4	2	1	1/16	1/16	1	1017						
66	66	1041/8	1041/8	0.125	1/32	1/32	Chord	2/4	1	1	1/32	1/32	1	1018				168		
66	66	521/4	521/4	0.125	1/16	1/16	Chord	2/4	1	1	1/32	1/32	1	1019				168		
66	66	1043/8	1043/8	0.125	3/32	3/32	Chord	2/4	1	1	1/32	1/32	1	1020				168		
66	66	261/2	261/2	0.125	1/8	1/8	Chord	2/4	1	1	1/32	1/32	1	1021				168		
66	66	1045/8	1045/8	0.125	5/32	5/32	Chord	2/4	1	1	1/32	1/32	1	1022				168		
66	66	523/4	523/4	0.125	3/16	3/16	Chord	2/4	1	1	1/32	1/32	1	1023				168		
66	66	1047/8	1047/8	0.125	7/32	7/32	Chord	2/4	1	1	1/32	1/32	1	1024				168		
66	66	131	131	0.125	1/4	1/4	Chord	2/4	1	1	1/32	1/32	1	1025				168		
66	66	1049/8	1049/8	0.125	9/32	9/32	Chord	2/4	1	1	1/32	1/32	1	1026				168		
66	66	525/4	525/4	0.125	5/16	5/16	Chord	2/4	1	1	1/32	1/32	1	1027				168		
66	66	1051/8	1051/8	0.125	11/32	11/32	Chord	2/4	1	1	1/32	1/32	1	1028				168		
66	66	263/2	263/2	0.125	3/8	3/8	Chord	2/4	1	1	1/32	1/32	1	1029				168		
66	66	1053/8	1053/8	0.125	13/32	13/32	Chord	2/4	1	1	1/32	1/32	1	1030				168		
66	66	527/4	527/4	0.125	7/16	7/16	Chord	2/4	1	1	1/32	1/32	1	1031				168		
66	66	1055/8	1055/8	0.125	15/32	15/32	Chord	2/4	1	1	1/32	1/32	1	1032						
66	66	130	130	0.5	0	0	Chord	2/4	2	1	1/8	1/8	1	1033						
67	67	132	132	0.0	0	0	Dynamic	2/4	1	1	0					p				
67	67	132	132	0.375	0	0	Chord	2/4	1	1	3/32	1/16	3/2	1034				169		
67	67	1059/8	1059/8	0.125	3/32	3/32	Chord	2/4	1	1	1/32	1/32	1	1035						
67	67	265/2	265/2	0.25	1/8	1/8	Chord	2/4	1	1	1/16	1/16	1	1036			articStaccatoAbove			
67	67	531/4	531/4	0.25	3/16	3/16	Chord	2/4	1	1	1/16	1/16	1	1037			articStaccatoAbove			
67	67	133	133	0.5	1/4	1/4	Chord	2/4	1	1	1/8	1/8	1	1038						
67	67	132	132	1.0	0	0	Chord	2/4	2	1	1/4	1/4	1	1039						
67	67	133	133	0.5	1/4	1/4	Chord	2/4	2	1	1/8	1/8	1	1040						
68	68	134	134	0.375	0	0	Chord	2/4	1	1	3/32	1/16	3/2	1041				170		
68	68	1075/8	1075/8	0.0625	3/32	3/32	Chord	2/4	1	1	1/64	1/64	1	1042				170		
68	68	2151/16	2151/16	0.0625	7/64	7/64	Chord	2/4	1	1	1/64	1/64	1	1043				170		
68	68	269/2	269/2	0.125	1/8	1/8	Chord	2/4	1	1	1/32	1/32	1	1044				170		
68	68	1077/8	1077/8	0.125	5/32	5/32	Chord	2/4	1	1	1/32	1/32	1	1045				170		
68	68	539/4	539/4	0.125	3/16	3/16	Chord	2/4	1	1	1/32	1/32	1	1046				170		
68	68	1079/8	1079/8	0.125	7/32	7/32	Chord	2/4	1	1	1/32	1/32	1	1047				170		
68	68	135	135	0.25	1/4	1/4	Chord	2/4	1	1	1/16	1/16	1	1048				170		
68	68	541/4	541/4	0.25	5/16	5/16	Chord	2/4	1	1	1/16	1/16	1	1049						
68	68	1087/8	1087/8	0.125	15/32	15/32	Chord	2/4	1	1	1/32	1/32	1	1050				171		
68	68	134	134	1.0	0	0	Chord	2/4	2	1	1/4	1/4	1	1051						
68	68	135	135	0.5	1/4	1/4	Chord	2/4	2	1	1/8	1/8	1	1052						
69	69	136	136	0.125	0	0	Chord	2/4	1	1	1/32	1/32	1	1053						
69	69	2179/16	2179/16	0.0625	3/64	3/64	Chord	2/4	1	1	1/64	1/64	1	1054				172		
69	69	545/4	545/4	0.125	1/16	1/16	Chord	2/4	1	1	1/32	1/32	1	1055						
69	69	2183/16	2183/16	0.0625	7/64	7/64	Chord	2/4	1	1	1/64	1/64	1	1056				173		
69	69	273/2	273/2	0.125	1/8	1/8	Chord	2/4	1	1	1/32	1/32	1	1057						
69	69	2187/16	2187/16	0.0625	11/64	11/64	Chord	2/4	1	1	1/64	1/64	1	1058				174		
69	69	547/4	547/4	0.25	3/16	3/16	Chord	2/4	1	1	1/16	1/16	1	1059						
69	69	137	137	0.5	1/4	1/4	Chord	2/4	1	1	1/8	1/8	1	1060						
69	69	2203/16	2203/16	0.0625	27/64	27/64	Chord	2/4	1	1	1/64	1/64	1	1061				175		
69	69	551/4	551/4	0.125	7/16	7/16	Chord	2/4	1	1	1/32	1/32	1	1062						
69	69	2207/16	2207/16	0.0625	31/64	31/64	Chord	2/4	1	1	1/64	1/64	1	1063				176		
69	69	136	136	0.25	0	0	Chord	2/4	1	2	1/16	1/16	1	1064			articStaccatoBelow			
69	69	545/4	545/4	0.25	1/16	1/16	Chord	2/4	1	2	1/16	1/16	1	1065			articStaccatoBelow			
69	69	273/2	273/2	0.25	1/8	1/8	Chord	2/4	1	2	1/16	1/16	1	1066			articStaccatoBelow			
69	69	547/4	547/4	0.25	3/16	3/16	Chord	2/4	1	2	1/16	1/16	1	1067			articStaccatoBelow			
69	69	137	137	0.5	1/4	1/4	Chord	2/4	1	2	1/8	1/8	1	1068						
69	69	551/4	551/4	0.25	7/16	7/16	Chord	2/4	1	2	1/16	1/16	1	1069						
69	69	137	137	0.5	1/4	1/4	Chord	2/4	2	1	1/8	1/8	1	1070						
69	69	551/4	551/4	0.25	7/16	7/16	Chord	2/4	2	1	1/16	1/16	1	1071						
70	70	138	138	0.125	0	0	Chord	2/4	1	1	1/32	1/32	1	1072						
70	70	2211/16	2211/16	0.0625	3/64	3/64	Chord	2/4	1	1	1/64	1/64	1	1073				177		
70	70	553/4	553/4	0.125	1/16	1/16	Chord	2/4	1	1	1/32	1/32	1	1074						
70	70	2215/16	2215/16	0.0625	7/64	7/64	Chord	2/4	1	1	1/64	1/64	1	1075				178		
70	70	277/2	277/2	0.125	1/8	1/8	Chord	2/4	1	1	1/32	1/32	1	1076						
70	70	2219/16	2219/16	0.0625	11/64	11/64	Chord	2/4	1	1	1/64	1/64	1	1077				179		
70	70	555/4	555/4	0.1875	3/16	3/16	Chord	2/4	1	1	3/64	1/32	3/2	1078						
70	70	2223/16	2223/16	0.0625	15/64	15/64	Chord	2/4	1	1	1/64	1/64	1	1079						
70	70	139	139	0.5	1/4	1/4	Chord	2/4	1	1	1/8	1/8	1	1080						
70	70	138	138	0.25	0	0	Chord	2/4	1	2	1/16	1/16	1	1081						
70	70	553/4	553/4	0.25	1/16	1/16	Chord	2/4	1	2	1/16	1/16	1	1082						
70	70	277/2	277/2	0.25	1/8	1/8	Chord	2/4	1	2	1/16	1/16	1	1083						
70	70	555/4	555/4	0.1875	3/16	3/16	Chord	2/4	1	2	3/64	1/32	3/2	1084						
70	70	2223/16	2223/16	0.0625	15/64	15/64	Chord	2/4	1	2	1/64	1/64	1	1085						
70	70	139	139	0.5	1/4	1/4	Chord	2/4	1	2	1/8	1/8	1	1086						
70	70	138	138	0.25	0	0	Chord	2/4	2	1	1/16	1/16	1	1087			articStaccatoAbove			
70	70	553/4	553/4	0.25	1/16	1/16	Chord	2/4	2	1	1/16	1/16	1	1088			articStaccatoAbove			
70	70	277/2	277/2	0.25	1/8	1/8	Chord	2/4	2	1	1/16	1/16	1	1089			articStaccatoAbove			
70	70	555/4	555/4	0.1875	3/16	3/16	Chord	2/4	2	1	3/64	1/32	3/2	1090			articStaccatoAbove			
70	70	2223/16	2223/16	0.0625	15/64	15/64	Chord	2/4	2	1	1/64	1/64	1	1091						
70	70	139	139	0.5	1/4	1/4	Chord	2/4	2	1	1/8	1/8	1	1092						
71	71	140	140	0.375	0	0	Chord	2/4	1	1	3/32	1/16	3/2	1093				180		
71	71	1123/8	1123/8	0.125	3/32	3/32	Chord	2/4	1	1	1/32	1/32	1	1094						
71	71	281/2	281/2	0.25	1/8	1/8	Chord	2/4	1	1	1/16	1/16	1	1095			articStaccatoAbove			
71	71	563/4	563/4	0.25	3/16	3/16	Chord	2/4	1	1	1/16	1/16	1	1096			articStaccatoAbove			
71	71	140	140	1.0	0	0	Chord	2/4	1	2	1/4	1/4	1	1097						
71	71	141	141	0.5	1/4	1/4	Chord	2/4	1	2	1/8	1/8	1	1098						
71	71	1135/8	1135/8	0.125	15/32	15/32	Chord	2/4	1	2	1/32	1/32	1	1099						
71	71	140	140	1.0	0	0	Chord	2/4	2	1	1/4	1/4	1	1100						
71	71	141	141	0.5	1/4	1/4	Chord	2/4	2	1	1/8	1/8	1	1101						
71	71	283/2	283/2	0.0	3/8	3/8	Dynamic	2/4	2	1	0					ff				
72	72	142	142	1.0	0	0	Chord	2/4	1	1	1/4	1/4	1	1102						
72	72	143	143	0.5	1/4	1/4	Chord	2/4	1	1	1/8	1/8	1	1103						
72	72	575/4	575/4	0.0	7/16	7/16	Dynamic	2/4	1	1	0					p				
72	72	575/4	575/4	0.25	7/16	7/16	Chord	2/4	1	1	1/16	1/16	1	1104				181		
72	72	142	142	0.0	0	0	Dynamic	2/4	2	1	0					ff				
72	72	142	142	1.0	0	0	Chord	2/4	2	1	1/4	1/4	1	1105						
72	72	143	143	0.5	1/4	1/4	Chord	2/4	2	1	1/8	1/8	1	1106						
72	72	575/4	575/4	0.25	7/16	7/16	Chord	2/4	2	1	1/16	1/16	1	1107				182		
73	73	144	144	0.25	0	0	Chord	2/4	1	1	1/16	1/16	1	1108				181		
73	73	577/4	577/4	0.25	1/16	1/16	Chord	2/4	1	1	1/16	1/16	1	1109						
73	73	579/4	579/4	0.25	3/16	3/16	Chord	2/4	1	1	1/16	1/16	1	1110				183		
73	73	145	145	0.25	1/4	1/4	Chord	2/4	1	1	1/16	1/16	1	1111				183		
73	73	581/4	581/4	0.25	5/16	5/16	Chord	2/4	1	1	1/16	1/16	1	1112						
73	73	583/4	583/4	0.1875	7/16	7/16	Chord	2/4	1	1	3/64	1/32	3/2	1113						
73	73	2335/16	2335/16	0.0625	31/64	31/64	Chord	2/4	1	1	1/64	1/64	1	1114						
73	73	144	144	0.25	0	0	Chord	2/4	2	1	1/16	1/16	1	1115				182		
73	73	577/4	577/4	0.25	1/16	1/16	Chord	2/4	2	1	1/16	1/16	1	1116						
73	73	579/4	579/4	0.25	3/16	3/16	Chord	2/4	2	1	1/16	1/16	1	1117				184		
73	73	145	145	0.25	1/4	1/4	Chord	2/4	2	1	1/16	1/16	1	1118				184		
73	73	581/4	581/4	0.25	5/16	5/16	Chord	2/4	2	1	1/16	1/16	1	1119						
74	74	146	146	0.25	0	0	Chord	2/4	1	1	1/16	1/16	1	1120				185		
74	74	585/4	585/4	0.1875	1/16	1/16	Chord	2/4	1	1	3/64	1/32	3/2	1121			ornamentTurn	185		
74	74	2343/16	2343/16	0.0625	7/64	7/64	Chord	2/4	1	1	1/64	1/64	1	1122						
74	74	293/2	293/2	0.25	1/8	1/8	Chord	2/4	1	1	1/16	1/16	1	1123				186		
74	74	587/4	587/4	0.1875	3/16	3/16	Chord	2/4	1	1	3/64	1/32	3/2	1124			ornamentTurn	186		
74	74	2351/16	2351/16	0.0625	15/64	15/64	Chord	2/4	1	1	1/64	1/64	1	1125						
74	74	147	147	0.5	1/4	1/4	Chord	2/4	1	1	1/8	1/8	1	1126						
74	74	146	146	1.0	0	0	Chord	2/4	1	2	1/4	1/4	1	1127						
74	74	147	147	0.5	1/4	1/4	Chord	2/4	1	2	1/8	1/8	1	1128						
74	74	146	146	1.0	0	0	Chord	2/4	2	1	1/4	1/4	1	1129						
74	74	147	147	0.5	1/4	1/4	Chord	2/4	2	1	1/8	1/8	1	1130						
74	74	591/4	591/4	0.25	7/16	7/16	Chord	2/4	2	1	1/16	1/16	1	1131				187		
75	75	148	148	0.5	0	0	Chord	2/4	1	1	1/8	1/8	1	1132				188		
75	75	297/2	297/2	0.25	1/8	1/8	Chord	2/4	1	1	1/16	1/16	1	1133						
75	75	149	149	0.5	1/4	1/4	Chord	2/4	1	1	1/8	1/8	1	1134				189		
75	75	299/2	299/2	0.25	3/8	3/8	Chord	2/4	1	1	1/16	1/16	1	1135						
75	75	599/4	599/4	0.25	7/16	7/16	Chord	2/4	1	1	1/16	1/16	1	1136				190		
75	75	148	148	0.25	0	0	Chord	2/4	2	1	1/16	1/16	1	1137				187		
75	75	593/4	593/4	0.25	1/16	1/16	Chord	2/4	2	1	1/16	1/16	1	1138						
75	75	595/4	595/4	0.25	3/16	3/16	Chord	2/4	2	1	1/16	1/16	1	1139				191		
75	75	149	149	0.25	1/4	1/4	Chord	2/4	2	1	1/16	1/16	1	1140				191		
75	75	597/4	597/4	0.25	5/16	5/16	Chord	2/4	2	1	1/16	1/16	1	1141						
76	76	150	150	0.25	0	0	Chord	2/4	1	1	1/16	1/16	1	1142			articStaccatoAbove			
76	76	601/4	601/4	0.25	1/16	1/16	Chord	2/4	1	1	1/16	1/16	1	1143				192		
76	76	301/2	301/2	0.25	1/8	1/8	Chord	2/4	1	1	1/16	1/16	1	1144						
76	76	603/4	603/4	0.25	3/16	3/16	Chord	2/4	1	1	1/16	1/16	1	1145				193		
76	76	151	151	0.25	1/4	1/4	Chord	2/4	1	1	1/16	1/16	1	1146				193		
76	76	605/4	605/4	0.25	5/16	5/16	Chord	2/4	1	1	1/16	1/16	1	1147				193		
76	76	303/2	303/2	0.25	3/8	3/8	Chord	2/4	1	1	1/16	1/16	1	1148				193		
76	76	607/4	607/4	0.25	7/16	7/16	Chord	2/4	1	1	1/16	1/16	1	1149						
76	76	151	151	1.0	1/4	1/4	Chord	2/4	2	1	1/4	1/4	1	1150						
77	77	152	152	0.25	0	0	Chord	2/4	1	1	1/16	1/16	1	1151						
77	77	609/4	609/4	0.0	1/16	1/16	Dynamic	2/4	1	1	0					p				
77	77	609/4	609/4	0.25	1/16	1/16	Chord	2/4	1	1	1/16	1/16	1	1152			articStaccatoBelow	194		
77	77	305/2	305/2	0.25	1/8	1/8	Chord	2/4	1	1	1/16	1/16	1	1153			articStaccatoBelow	194		
77	77	611/4	611/4	0.25	3/16	3/16	Chord	2/4	1	1	1/16	1/16	1	1154			articStaccatoBelow			
77	77	153	153	0.25	1/4	1/4	Chord	2/4	1	1	1/16	1/16	1	1155			articStaccatoBelow	195		
77	77	613/4	613/4	0.25	5/16	5/16	Chord	2/4	1	1	1/16	1/16	1	1156			articStaccatoBelow	195		
77	77	307/2	307/2	0.25	3/8	3/8	Chord	2/4	1	1	1/16	1/16	1	1157			articStaccatoBelow	195		
77	77	615/4	615/4	0.25	7/16	7/16	Chord	2/4	1	1	1/16	1/16	1	1158			articStaccatoBelow			
77	77	152	152	0.5	0	0	Chord	2/4	2	1	1/8	1/8	1	1159						
77	77	153	153	0.375	1/4	1/4	Chord	2/4	2	1	3/32	1/16	3/2	1160				196		
77	77	1227/8	1227/8	0.125	11/32	11/32	Chord	2/4	2	1	1/32	1/32	1	1161						
77	77	307/2	307/2	0.25	3/8	3/8	Chord	2/4	2	1	1/16	1/16	1	1162			articStaccatoBelow			
77	77	615/4	615/4	0.25	7/16	7/16	Chord	2/4	2	1	1/16	1/16	1	1163			articStaccatoBelow			
78	78	154	154	0.25	0	0	Chord	2/4	1	1	1/16	1/16	1	1164			articStaccatoAbove	197		
78	78	617/4	617/4	0.25	1/16	1/16	Chord	2/4	1	1	1/16	1/16	1	1165			articStaccatoAbove	197		
78	78	309/2	309/2	0.25	1/8	1/8	Chord	2/4	1	1	1/16	1/16	1	1166			articStaccatoAbove	197		
78	78	619/4	619/4	0.25	3/16	3/16	Chord	2/4	1	1	1/16	1/16	1	1167			articStaccatoAbove			
78	78	155	155	0.25	1/4	1/4	Chord	2/4	1	1	1/16	1/16	1	1168			articStaccatoAbove	198		
78	78	621/4	621/4	0.25	5/16	5/16	Chord	2/4	1	1	1/16	1/16	1	1169			articStaccatoAbove	198		
78	78	311/2	311/2	0.25	3/8	3/8	Chord	2/4	1	1	1/16	1/16	1	1170			articStaccatoAbove	198		
78	78	623/4	623/4	0.25	7/16	7/16	Chord	2/4	1	1	1/16	1/16	1	1171			articStaccatoAbove			
78	78	154	154	0.5	0	0	Chord	2/4	2	1	1/8	1/8	1	1172						
78	78	155	155	0.375	1/4	1/4	Chord	2/4	2	1	3/32	1/16	3/2	1173				199		
78	78	1243/8	1243/8	0.125	11/32	11/32	Chord	2/4	2	1	1/32	1/32	1	1174						
78	78	311/2	311/2	0.25	3/8	3/8	Chord	2/4	2	1	1/16	1/16	1	1175			articStaccatoAbove			
78	78	623/4	623/4	0.25	7/16	7/16	Chord	2/4	2	1	1/16	1/16	1	1176			articStaccatoAbove			
79	79	156	156	0.25	0	0	Chord	2/4	1	1	1/16	1/16	1	1177			articStaccatoAbove	200		
79	79	625/4	625/4	0.25	1/16	1/16	Chord	2/4	1	1	1/16	1/16	1	1178			articStaccatoAbove	200		
79	79	313/2	313/2	0.25	1/8	1/8	Chord	2/4	1	1	1/16	1/16	1	1179			articStaccatoAbove	200		
79	79	627/4	627/4	0.25	3/16	3/16	Chord	2/4	1	1	1/16	1/16	1	1180			articStaccatoAbove			
79	79	157	157	0.0	1/4	1/4	Dynamic	2/4	1	1	0					sf				
79	79	157	157	0.25	1/4	1/4	Chord	2/4	1	1	1/16	1/16	1	1181			ornamentTurn			
79	79	629/4	629/4	0.0	5/16	5/16	Dynamic	2/4	1	1	0					sf				
79	79	629/4	629/4	0.25	5/16	5/16	Chord	2/4	1	1	1/16	1/16	1	1182				201		
79	79	315/2	315/2	0.125	3/8	3/8	Chord	2/4	1	1	1/32	1/32	1	1183				201		
79	79	1261/8	1261/8	0.125	13/32	13/32	Chord	2/4	1	1	1/32	1/32	1	1184						
79	79	631/4	631/4	0.125	7/16	7/16	Chord	2/4	1	1	1/32	1/32	1	1185			articStaccatoAbove			
79	79	1263/8	1263/8	0.125	15/32	15/32	Chord	2/4	1	1	1/32	1/32	1	1186			articStaccatoAbove			
79	79	156	156	0.5	0	0	Chord	2/4	2	1	1/8	1/8	1	1187			articStaccatoAbove			
79	79	157	157	1.0	1/4	1/4	Chord	2/4	2	1	1/4	1/4	1	1188						
80	80	158	158	0.25	0	0	Chord	2/4	1	1	1/16	1/16	1	1189						
80	80	633/4	633/4	0.0	1/16	1/16	Dynamic	2/4	1	1	0					sf				
80	80	633/4	633/4	0.75	1/16	1/16	Chord	2/4	1	1	3/16	1/8	3/2	1190						
80	80	637/4	637/4	0.0	5/16	5/16	Dynamic	2/4	1	1	0					f				
80	80	637/4	637/4	0.25	5/16	5/16	Chord	2/4	1	1	1/16	1/16	1	1191			ornamentTrill			
80	80	319/2	319/2	0.25	3/8	3/8	Chord	2/4	1	1	1/16	1/16	1	1192			articStaccatoAbove			
80	80	639/4	639/4	0.25	7/16	7/16	Chord	2/4	1	1	1/16	1/16	1	1193			articStaccatoAbove			
80	80	158	158	1.0	0	0	Chord	2/4	2	1	1/4	1/4	1	1194						
81	81	160	160	0.0	0	0	Dynamic	2/4	1	1	0					sfp				
81	81	160	160	0.0	0	0	Dynamic	2/4	1	1	0					p				
81	81	160	160	1.0	0	0	Chord	2/4	1	1	1/4	1/4	1	1195				202		
81	81	161	161	0.125	1/4	1/4	Chord	2/4	1	1	1/32	1/32	1	1196				202		
81	81	1289/8	1289/8	0.125	9/32	9/32	Chord	2/4	1	1	1/32	1/32	1	1197				202		
81	81	645/4	645/4	0.125	5/16	5/16	Chord	2/4	1	1	1/32	1/32	1	1198				202		
81	81	1291/8	1291/8	0.125	11/32	11/32	Chord	2/4	1	1	1/32	1/32	1	1199				202		
81	81	323/2	323/2	0.125	3/8	3/8	Chord	2/4	1	1	1/32	1/32	1	1200				202		
81	81	1293/8	1293/8	0.125	13/32	13/32	Chord	2/4	1	1	1/32	1/32	1	1201				202		
81	81	647/4	647/4	0.125	7/16	7/16	Chord	2/4	1	1	1/32	1/32	1	1202				202		
81	81	1295/8	1295/8	0.125	15/32	15/32	Chord	2/4	1	1	1/32	1/32	1	1203						
81	81	161	161	0.0	1/4	1/4	Dynamic	2/4	2	1	0					pp				
81	81	161	161	1.0	1/4	1/4	Chord	2/4	2	1	1/4	1/4	1	1204						
82	82	162	162	1.0	0	0	Chord	2/4	1	1	1/4	1/4	1	1205				203		
82	82	163	163	0.5	1/4	1/4	Chord	2/4	1	1	1/8	1/8	1	1206						
82	82	162	162	1.0	0	0	Chord	2/4	2	1	1/4	1/4	1	1207				204		
82	82	163	163	0.5	1/4	1/4	Chord	2/4	2	1	1/8	1/8	1	1208						
