mc	mn	quarterbeats	quarterbeats_all_endings	duration_qb	mc_onset	mn_onset	timesig	staff	voice	duration	nominal_duration	scalar	tied	tpc	midi	name	octave	chord_id
1	1	0	0	1.5	0	0	3/4	2	1	3/8	1/4	3/2		4	52	E3	3	4
1	1	0	0	1.5	0	0	3/4	2	2	3/8	1/4	3/2		4	52	E3	3	5
1	1	0	0	3.0	0	0	3/4	1	2	3/4	1/2	3/2		1	55	G3	3	3
1	1	0	0	3.0	0	0	3/4	1	2	3/4	1/2	3/2		5	59	B3	3	3
1	1	0	0	1.5	0	0	3/4	1	1	3/8	1/4	3/2		4	64	E4	4	0
1	1	3/2	3/2	0.5	3/8	3/8	3/4	2	2	1/8	1/8	1		9	51	D#3	3	6
1	1	3/2	3/2	0.5	3/8	3/8	3/4	1	1	1/8	1/8	1		9	63	D#4	4	1
1	1	2	2	1.0	1/2	1/2	3/4	2	2	1/4	1/4	1		4	52	E3	3	7
1	1	2	2	1.0	1/2	1/2	3/4	1	1	1/4	1/4	1		4	64	E4	4	2
2	2	3	3	3.0	0	0	3/4	2	2	3/4	1/2	3/2		0	48	C3	3	15
2	2	3	3	1.5	0	0	3/4	2	1	3/8	1/4	3/2		4	52	E3	3	12
2	2	3	3	3.0	0	0	3/4	1	2	3/4	1/2	3/2		1	55	G3	3	11
2	2	3	3	3.0	0	0	3/4	1	2	3/4	1/2	3/2		0	60	C4	4	11
2	2	3	3	1.5	0	0	3/4	1	1	3/8	1/4	3/2		4	64	E4	4	8
2	2	9/2	9/2	0.5	3/8	3/8	3/4	2	1	1/8	1/8	1		9	51	D#3	3	13
2	2	9/2	9/2	0.5	3/8	3/8	3/4	1	1	1/8	1/8	1		9	63	D#4	4	9
2	2	5	5	1.0	1/2	1/2	3/4	2	1	1/4	1/4	1		4	52	E3	3	14
2	2	5	5	1.0	1/2	1/2	3/4	1	1	1/4	1/4	1		4	64	E4	4	10
3	3	6	6	3.0	0	0	3/4	2	1	3/4	1/2	3/2		10	46	A#2	2	17
3	3	6	6	3.0	0	0	3/4	2	1	3/4	1/2	3/2	1	1	55	G3	3	17
3	3	6	6	3.0	0	0	3/4	1	1	3/4	1/2	3/2		10	58	A#3	3	16
3	3	6	6	3.0	0	0	3/4	1	1	3/4	1/2	3/2		7	61	C#4	4	16
3	3	6	6	3.0	0	0	3/4	1	1	3/4	1/2	3/2	1	1	67	G4	4	16
4	4	9	9	3.0	0	0	3/4	2	2	3/4	1/2	3/2		3	45	A2	2	29
4	4	9	9	1.0	0	0	3/4	2	1	1/4	1/4	1	-1	1	55	G3	3	24
4	4	9	9	3.0	0	0	3/4	1	2	3/4	1/2	3/2		3	57	A3	3	23
4	4	9	9	3.0	0	0	3/4	1	2	3/4	1/2	3/2		0	60	C4	4	23
4	4	9	9	1.0	0	0	3/4	1	1	1/4	1/4	1	-1	1	67	G4	4	18
4	4	10	10	0.5	1/4	1/4	3/4	2	1	1/8	1/8	1		6	54	F#3	3	25
4	4	10	10	0.5	1/4	1/4	3/4	1	1	1/8	1/8	1		6	66	F#4	4	19
4	4	21/2	21/2	0.5	3/8	3/8	3/4	2	1	1/8	1/8	1		4	52	E3	3	26
4	4	21/2	21/2	0.5	3/8	3/8	3/4	1	1	1/8	1/8	1		4	64	E4	4	20
4	4	11	11	0.5	1/2	1/2	3/4	2	1	1/8	1/8	1		9	51	D#3	3	27
4	4	11	11	0.5	1/2	1/2	3/4	1	1	1/8	1/8	1		9	63	D#4	4	21
4	4	23/2	23/2	0.5	5/8	5/8	3/4	2	1	1/8	1/8	1		6	54	F#3	3	28
4	4	23/2	23/2	0.5	5/8	5/8	3/4	1	1	1/8	1/8	1		6	66	F#4	4	22
5	5	12	12	1.0	0	0	3/4	2	1	1/4	1/4	1		1	43	G2	2	33
5	5	12	12	1.0	0	0	3/4	2	1	1/4	1/4	1		4	52	E3	3	33
5	5	12	12	1.0	0	0	3/4	1	1	1/4	1/4	1		5	59	B3	3	30
5	5	12	12	1.0	0	0	3/4	1	1	1/4	1/4	1		4	64	E4	4	30
5	5	13	13	1.0	1/4	1/4	3/4	2	1	1/4	1/4	1		6	42	F#2	2	34
5	5	13	13	1.0	1/4	1/4	3/4	2	1	1/4	1/4	1		9	51	D#3	3	34
5	5	13	13	1.0	1/4	1/4	3/4	1	1	1/4	1/4	1		5	59	B3	3	31
5	5	13	13	1.0	1/4	1/4	3/4	1	1	1/4	1/4	1		6	66	F#4	4	31
5	5	14	14	1.0	1/2	1/2	3/4	2	1	1/4	1/4	1		4	40	E2	2	35
5	5	14	14	1.0	1/2	1/2	3/4	2	1	1/4	1/4	1		4	52	E3	3	35
5	5	14	14	1.0	1/2	1/2	3/4	1	1	1/4	1/4	1		5	59	B3	3	32
5	5	14	14	1.0	1/2	1/2	3/4	1	1	1/4	1/4	1		1	67	G4	4	32
6	6	15	15	2.0	0	0	3/4	2	1	1/2	1/2	1		9	39	D#2	2	41
6	6	15	15	2.0	0	0	3/4	2	1	1/2	1/2	1		5	47	B2	2	41
6	6	15	15	2.0	0	0	3/4	1	2	1/2	1/2	1		6	66	F#4	4	39
6	6	15	15	1.0	0	0	3/4	1	1	1/4	1/4	1		5	71	B4	4	36
6	6	16	16	1.0	1/4	1/4	3/4	1	1	1/4	1/4	1		3	69	A4	4	37
6	6	17	17	1.0	1/2	1/2	3/4	2	1	1/4	1/4	1		4	40	E2	2	42
6	6	17	17	1.0	1/2	1/2	3/4	2	1	1/4	1/4	1		5	47	B2	2	42
6	6	17	17	1.0	1/2	1/2	3/4	1	2	1/4	1/4	1		4	64	E4	4	40
6	6	17	17	1.0	1/2	1/2	3/4	1	1	1/4	1/4	1		1	67	G4	4	38
7	7	18	18	3.0	0	0	3/4	2	2	3/4	1/2	3/2	1	5	35	B1	1	50
7	7	18	18	2.0	0	0	3/4	2	1	1/2	1/2	1		5	47	B2	2	48
7	7	18	18	2.0	0	0	3/4	1	2	1/2	1/2	1		9	63	D#4	4	46
7	7	18	18	2.0	0	0	3/4	1	1	1/2	1/2	1		6	66	F#4	4	43
7	7	20	20	1.0	1/2	1/2	3/4	2	1	1/4	1/4	1		10	46	A#2	2	49
7	7	20	20	1.0	1/2	1/2	3/4	1	2	1/4	1/4	1		4	64	E4	4	47
7	7	20	20	0.5	1/2	1/2	3/4	1	1	1/8	1/8	1		3	69	A4	4	44
7	7	41/2	41/2	0.5	5/8	5/8	3/4	1	1	1/8	1/8	1		1	67	G4	4	45
8	8	21	21	1.0	0	0	3/4	2	2	1/4	1/4	1	-1	5	35	B1	1	55
8	8	21	21	1.0	0	0	3/4	2	1	1/4	1/4	1		5	47	B2	2	54
8	8	21	21	1.0	0	0	3/4	1	2	1/4	1/4	1		9	63	D#4	4	53
8	8	21	21	1.0	0	0	3/4	1	1	1/4	1/4	1		6	66	F#4	4	51
8	8	23	23	1.0	1/2	1/2	3/4	1	1	1/4	1/4	1		5	71	B4	4	52
9	9	24	24	1.5	0	0	3/4	2	2	3/8	1/4	3/2		4	64	E4	4	58
9	9	24	24	3.0	0	0	3/4	2	1	3/4	1/2	3/2		4	64	E4	4	57
9	9	24	24	3.0	0	0	3/4	1	1	3/4	1/2	3/2		1	67	G4	4	56
9	9	24	24	3.0	0	0	3/4	1	1	3/4	1/2	3/2		5	71	B4	4	56
9	9	24	24	1.5	0	0	3/4	2	3	3/8	1/4	3/2		4	76	E5	5	61
9	9	51/2	51/2	0.5	3/8	3/8	3/4	2	2	1/8	1/8	1		9	63	D#4	4	59
9	9	51/2	51/2	0.5	3/8	3/8	3/4	2	3	1/8	1/8	1		9	75	D#5	5	62
9	9	26	26	1.0	1/2	1/2	3/4	2	2	1/4	1/4	1		4	64	E4	4	60
9	9	26	26	1.0	1/2	1/2	3/4	2	3	1/4	1/4	1		4	76	E5	5	63
10	10	27	27	3.0	0	0	3/4	2	2	3/4	1/2	3/2		0	60	C4	4	68
10	10	27	27	1.5	0	0	3/4	2	1	3/8	1/4	3/2		4	64	E4	4	65
10	10	27	27	3.0	0	0	3/4	1	1	3/4	1/2	3/2		1	67	G4	4	64
10	10	27	27	3.0	0	0	3/4	1	1	3/4	1/2	3/2		0	72	C5	5	64
10	10	27	27	1.5	0	0	3/4	2	3	3/8	1/4	3/2		4	76	E5	5	69
10	10	57/2	57/2	0.5	3/8	3/8	3/4	2	1	1/8	1/8	1		9	63	D#4	4	66
10	10	57/2	57/2	0.5	3/8	3/8	3/4	2	3	1/8	1/8	1		9	75	D#5	5	70
10	10	29	29	1.0	1/2	1/2	3/4	2	1	1/4	1/4	1		4	64	E4	4	67
10	10	29	29	1.0	1/2	1/2	3/4	2	3	1/4	1/4	1		4	76	E5	5	71
11	11	30	30	3.0	0	0	3/4	2	2	3/4	1/2	3/2		10	58	A#3	3	74
11	11	30	30	3.0	0	0	3/4	2	1	3/4	1/2	3/2	1	1	67	G4	4	73
11	11	30	30	3.0	0	0	3/4	1	1	3/4	1/2	3/2		10	70	A#4	4	72
11	11	30	30	3.0	0	0	3/4	1	1	3/4	1/2	3/2		7	73	C#5	5	72
11	11	30	30	3.0	0	0	3/4	2	3	3/4	1/2	3/2	1	1	79	G5	5	75
12	12	33	33	3.0	0	0	3/4	2	2	3/4	1/2	3/2		3	57	A3	3	82
12	12	33	33	1.0	0	0	3/4	2	1	1/4	1/4	1	-1	1	67	G4	4	77
12	12	33	33	3.0	0	0	3/4	1	1	3/4	1/2	3/2		3	69	A4	4	76
12	12	33	33	3.0	0	0	3/4	1	1	3/4	1/2	3/2		0	72	C5	5	76
12	12	33	33	1.0	0	0	3/4	2	3	1/4	1/4	1	-1	1	79	G5	5	83
12	12	34	34	0.5	1/4	1/4	3/4	2	1	1/8	1/8	1		6	66	F#4	4	78
12	12	34	34	0.5	1/4	1/4	3/4	2	3	1/8	1/8	1		6	78	F#5	5	84
12	12	69/2	69/2	0.5	3/8	3/8	3/4	2	1	1/8	1/8	1		4	64	E4	4	79
12	12	69/2	69/2	0.5	3/8	3/8	3/4	2	3	1/8	1/8	1		4	76	E5	5	85
12	12	35	35	0.5	1/2	1/2	3/4	2	1	1/8	1/8	1		9	63	D#4	4	80
12	12	35	35	0.5	1/2	1/2	3/4	2	3	1/8	1/8	1		9	75	D#5	5	86
12	12	71/2	71/2	0.5	5/8	5/8	3/4	2	1	1/8	1/8	1		6	66	F#4	4	81
12	12	71/2	71/2	0.5	5/8	5/8	3/4	2	3	1/8	1/8	1		6	78	F#5	5	87
13	13	36	36	1.0	0	0	3/4	2	1	1/4	1/4	1		1	55	G3	3	94
13	13	36	36	1.0	0	0	3/4	2	1	1/4	1/4	1		4	64	E4	4	94
13	13	36	36	1.0	0	0	3/4	1	1	1/4	1/4	1		5	71	B4	4	88
13	13	36	36	1.0	0	0	3/4	1	2	1/4	1/4	1		4	76	E5	5	91
13	13	37	37	1.0	1/4	1/4	3/4	2	1	1/4	1/4	1		6	54	F#3	3	95
13	13	37	37	1.0	1/4	1/4	3/4	2	1	1/4	1/4	1		9	63	D#4	4	95
13	13	37	37	1.0	1/4	1/4	3/4	1	1	1/4	1/4	1		5	71	B4	4	89
13	13	37	37	1.0	1/4	1/4	3/4	1	2	1/4	1/4	1		6	78	F#5	5	92
13	13	38	38	1.0	1/2	1/2	3/4	2	1	1/4	1/4	1		4	52	E3	3	96
13	13	38	38	1.0	1/2	1/2	3/4	2	1	1/4	1/4	1		4	64	E4	4	96
13	13	38	38	1.0	1/2	1/2	3/4	1	1	1/4	1/4	1		5	71	B4	4	90
13	13	38	38	1.0	1/2	1/2	3/4	1	2	1/4	1/4	1		1	79	G5	5	93
14	14	39	39	2.0	0	0	3/4	2	1	1/2	1/2	1		9	51	D#3	3	102
14	14	39	39	2.0	0	0	3/4	2	1	1/2	1/2	1		5	59	B3	3	102
14	14	39	39	2.0	0	0	3/4	1	1	1/2	1/2	1		6	78	F#5	5	97
14	14	39	39	1.0	0	0	3/4	1	2	1/4	1/4	1		5	83	B5	5	99
14	14	40	40	1.0	1/4	1/4	3/4	1	2	1/4	1/4	1		3	81	A5	5	100
14	14	41	41	1.0	1/2	1/2	3/4	2	1	1/4	1/4	1		4	52	E3	3	103
14	14	41	41	1.0	1/2	1/2	3/4	2	1	1/4	1/4	1		5	59	B3	3	103
14	14	41	41	1.0	1/2	1/2	3/4	1	1	1/4	1/4	1		4	76	E5	5	98
14	14	41	41	1.0	1/2	1/2	3/4	1	2	1/4	1/4	1		1	79	G5	5	101
15	15	42	42	3.0	0	0	3/4	2	2	3/4	1/2	3/2		5	47	B2	2	110
15	15	42	42	2.0	0	0	3/4	2	1	1/2	1/2	1		5	59	B3	3	108
15	15	42	42	2.0	0	0	3/4	1	1	1/2	1/2	1		4	76	E5	5	104
15	15	42	42	2.0	0	0	3/4	1	2	1/2	1/2	1		1	79	G5	5	106
15	15	44	44	1.0	1/2	1/2	3/4	2	1	1/4	1/4	1		3	57	A3	3	109
15	15	44	44	1.0	1/2	1/2	3/4	1	1	1/4	1/4	1		9	75	D#5	5	105
15	15	44	44	1.0	1/2	1/2	3/4	1	2	1/4	1/4	1		6	78	F#5	5	107
16	16	45	45	1.0	0	0	3/4	2	2	1/4	1/4	1		4	52	E3	3	114
16	16	45	45	1.0	0	0	3/4	2	1	1/4	1/4	1		1	55	G3	3	113
16	16	45	45	1.0	0	0	3/4	1	1	1/4	1/4	1		4	76	E5	5	111
16	16	45	45	1.0	0	0	3/4	1	2	1/4	1/4	1		4	76	E5	5	112
17	17	48	48	3.0	0	0	3/4	2	2	3/4	1/2	3/2		0	48	C3	3	120
17	17	48	48	3.0	0	0	3/4	2	1	3/4	1/2	3/2		4	52	E3	3	119
17	17	48	48	3.0	0	0	3/4	1	1	3/4	1/2	3/2		1	55	G3	3	115
17	17	48	48	3.0	0	0	3/4	1	1	3/4	1/2	3/2		0	60	C4	4	115
17	17	48	48	1.5	0	0	3/4	1	2	3/8	1/4	3/2		4	64	E4	4	116
17	17	99/2	99/2	0.5	3/8	3/8	3/4	1	2	1/8	1/8	1		9	63	D#4	4	117
17	17	50	50	1.0	1/2	1/2	3/4	1	2	1/4	1/4	1		4	64	E4	4	118
18	18	51	51	3.0	0	0	3/4	2	2	3/4	1/2	3/2		1	43	G2	2	124
18	18	51	51	3.0	0	0	3/4	2	1	3/4	1/2	3/2		1	55	G3	3	123
18	18	51	51	3.0	0	0	3/4	1	2	3/4	1/2	3/2		5	59	B3	3	122
18	18	51	51	3.0	0	0	3/4	1	2	3/4	1/2	3/2		2	62	D4	4	122
18	18	51	51	3.0	0	0	3/4	1	1	3/4	1/2	3/2		1	67	G4	4	121
19	19	54	54	3.0	0	0	3/4	2	2	3/4	1/2	3/2		2	50	D3	3	130
19	19	54	54	3.0	0	0	3/4	2	1	3/4	1/2	3/2		-1	53	F3	3	129
19	19	54	54	3.0	0	0	3/4	1	1	3/4	1/2	3/2		3	57	A3	3	125
19	19	54	54	3.0	0	0	3/4	1	1	3/4	1/2	3/2		2	62	D4	4	125
19	19	54	54	1.5	0	0	3/4	1	2	3/8	1/4	3/2		-1	65	F4	4	126
19	19	111/2	111/2	0.5	3/8	3/8	3/4	1	2	1/8	1/8	1		4	64	E4	4	127
19	19	56	56	1.0	1/2	1/2	3/4	1	2	1/4	1/4	1		-1	65	F4	4	128
20	20	57	57	3.0	0	0	3/4	2	2	3/4	1/2	3/2		5	47	B2	2	134
20	20	57	57	3.0	0	0	3/4	2	1	3/4	1/2	3/2		1	55	G3	3	133
20	20	57	57	3.0	0	0	3/4	1	2	3/4	1/2	3/2		2	62	D4	4	132
20	20	57	57	3.0	0	0	3/4	1	1	3/4	1/2	3/2		1	67	G4	4	131
21	21	60	60	3.0	0	0	3/4	2	2	3/4	1/2	3/2		0	48	C3	3	140
21	21	60	60	3.0	0	0	3/4	2	1	3/4	1/2	3/2		4	52	E3	3	139
21	21	60	60	3.0	0	0	3/4	1	1	3/4	1/2	3/2		1	55	G3	3	135
21	21	60	60	3.0	0	0	3/4	1	1	3/4	1/2	3/2		0	60	C4	4	135
21	21	60	60	1.5	0	0	3/4	1	2	3/8	1/4	3/2		4	64	E4	4	136
21	21	123/2	123/2	0.5	3/8	3/8	3/4	1	2	1/8	1/8	1		9	63	D#4	4	137
21	21	62	62	1.0	1/2	1/2	3/4	1	2	1/4	1/4	1		4	64	E4	4	138
22	22	63	63	3.0	0	0	3/4	2	1	3/4	1/2	3/2		1	43	G2	2	144
22	22	63	63	3.0	0	0	3/4	2	1	3/4	1/2	3/2		2	50	D3	3	144
22	22	63	63	3.0	0	0	3/4	1	1	3/4	1/2	3/2		5	59	B3	3	141
22	22	63	63	3.0	0	0	3/4	1	1	3/4	1/2	3/2		2	62	D4	4	141
22	22	63	63	2.0	0	0	3/4	1	2	1/2	1/2	1		1	67	G4	4	142
22	22	65	65	1.0	1/2	1/2	3/4	1	2	1/4	1/4	1		1	67	G4	4	143
23	23	66	66	3.0	0	0	3/4	2	1	3/4	1/2	3/2		2	38	D2	2	148
23	23	66	66	3.0	0	0	3/4	2	1	3/4	1/2	3/2		2	50	D3	3	148
23	23	66	66	3.0	0	0	3/4	1	2	3/4	1/2	3/2		3	57	A3	3	147
23	23	66	66	3.0	0	0	3/4	1	2	3/4	1/2	3/2		2	62	D4	4	147
23	23	66	66	2.0	0	0	3/4	1	1	1/2	1/2	1		1	67	G4	4	145
23	23	68	68	1.0	1/2	1/2	3/4	1	1	1/4	1/4	1		6	66	F#4	4	146
24	24	69	69	1.0	0	0	3/4	2	1	1/4	1/4	1		1	31	G1	1	152
24	24	69	69	1.0	0	0	3/4	2	1	1/4	1/4	1		1	43	G2	2	152
24	24	69	69	1.0	0	0	3/4	1	2	1/4	1/4	1		5	59	B3	3	151
24	24	69	69	1.0	0	0	3/4	1	2	1/4	1/4	1		2	62	D4	4	151
24	24	69	69	1.0	0	0	3/4	1	1	1/4	1/4	1		1	67	G4	4	149
24	24	71	71	1.0	1/2	1/2	3/4	1	1	1/4	1/4	1		1	67	G4	4	150
25	25	72	72	3.0	0	0	3/4	2	2	3/4	1/2	3/2		0	60	C4	4	160
25	25	72	72	1.5	0	0	3/4	2	1	3/8	1/4	3/2		4	64	E4	4	157
25	25	72	72	3.0	0	0	3/4	1	1	3/4	1/2	3/2		1	67	G4	4	153
25	25	72	72	3.0	0	0	3/4	1	1	3/4	1/2	3/2		0	72	C5	5	153
25	25	72	72	1.5	0	0	3/4	1	2	3/8	1/4	3/2		4	76	E5	5	154
25	25	147/2	147/2	0.5	3/8	3/8	3/4	2	1	1/8	1/8	1		9	63	D#4	4	158
25	25	147/2	147/2	0.5	3/8	3/8	3/4	1	2	1/8	1/8	1		9	75	D#5	5	155
25	25	74	74	1.0	1/2	1/2	3/4	2	1	1/4	1/4	1		4	64	E4	4	159
25	25	74	74	1.0	1/2	1/2	3/4	1	2	1/4	1/4	1		4	76	E5	5	156
26	26	75	75	3.0	0	0	3/4	2	1	3/4	1/2	3/2		1	55	G3	3	163
26	26	75	75	3.0	0	0	3/4	2	1	3/4	1/2	3/2		1	67	G4	4	163
26	26	75	75	3.0	0	0	3/4	1	1	3/4	1/2	3/2		5	71	B4	4	161
26	26	75	75	3.0	0	0	3/4	1	1	3/4	1/2	3/2		2	74	D5	5	161
26	26	75	75	3.0	0	0	3/4	1	2	3/4	1/2	3/2		1	79	G5	5	162
27	27	78	78	3.0	0	0	3/4	2	2	3/4	1/2	3/2		2	62	D4	4	171
27	27	78	78	1.5	0	0	3/4	2	1	3/8	1/4	3/2		-1	65	F4	4	168
27	27	78	78	3.0	0	0	3/4	1	1	3/4	1/2	3/2		3	69	A4	4	164
27	27	78	78	3.0	0	0	3/4	1	1	3/4	1/2	3/2		2	74	D5	5	164
27	27	78	78	1.5	0	0	3/4	1	2	3/8	1/4	3/2		-1	77	F5	5	165
27	27	159/2	159/2	0.5	3/8	3/8	3/4	2	1	1/8	1/8	1		4	64	E4	4	169
27	27	159/2	159/2	0.5	3/8	3/8	3/4	1	2	1/8	1/8	1		4	76	E5	5	166
27	27	80	80	1.0	1/2	1/2	3/4	2	1	1/4	1/4	1		-1	65	F4	4	170
27	27	80	80	1.0	1/2	1/2	3/4	1	2	1/4	1/4	1		-1	77	F5	5	167
28	28	81	81	3.0	0	0	3/4	2	1	3/4	1/2	3/2		5	59	B3	3	174
28	28	81	81	3.0	0	0	3/4	2	1	3/4	1/2	3/2		1	67	G4	4	174
28	28	81	81	3.0	0	0	3/4	1	2	3/4	1/2	3/2		2	74	D5	5	173
28	28	81	81	3.0	0	0	3/4	1	1	3/4	1/2	3/2		1	79	G5	5	172
29	29	84	84	3.0	0	0	3/4	2	2	3/4	1/2	3/2		0	60	C4	4	182
29	29	84	84	1.5	0	0	3/4	2	1	3/8	1/4	3/2		4	64	E4	4	179
29	29	84	84	3.0	0	0	3/4	1	1	3/4	1/2	3/2		1	67	G4	4	175
29	29	84	84	3.0	0	0	3/4	1	1	3/4	1/2	3/2		0	72	C5	5	175
29	29	84	84	1.5	0	0	3/4	1	2	3/8	1/4	3/2		4	76	E5	5	176
29	29	171/2	171/2	0.5	3/8	3/8	3/4	2	1	1/8	1/8	1		9	63	D#4	4	180
29	29	171/2	171/2	0.5	3/8	3/8	3/4	1	2	1/8	1/8	1		9	75	D#5	5	177
29	29	86	86	1.0	1/2	1/2	3/4	2	1	1/4	1/4	1		4	64	E4	4	181
29	29	86	86	1.0	1/2	1/2	3/4	1	2	1/4	1/4	1		4	76	E5	5	178
30	30	87	87	3.0	0	0	3/4	2	1	3/4	1/2	3/2		0	48	C3	3	185
30	30	87	87	3.0	0	0	3/4	2	1	3/4	1/2	3/2		10	58	A#3	3	185
30	30	87	87	2.0	0	0	3/4	1	1	1/2	1/2	1		4	64	E4	4	183
30	30	87	87	2.0	0	0	3/4	1	1	1/2	1/2	1		4	76	E5	5	183
30	30	89	89	1.0	1/2	1/2	3/4	1	1	1/4	1/4	1		4	64	E4	4	184
30	30	89	89	1.0	1/2	1/2	3/4	1	1	1/4	1/4	1		4	76	E5	5	184
31	31	90	90	3.0	0	0	3/4	2	1	3/4	1/2	3/2	1	5	47	B2	2	188
31	31	90	90	3.0	0	0	3/4	2	1	3/4	1/2	3/2	1	5	59	B3	3	188
31	31	90	90	2.0	0	0	3/4	1	1	1/2	1/2	1		4	64	E4	4	186
31	31	90	90	2.0	0	0	3/4	1	1	1/2	1/2	1		4	76	E5	5	186
31	31	92	92	1.0	1/2	1/2	3/4	1	1	1/4	1/4	1		9	63	D#4	4	187
31	31	92	92	1.0	1/2	1/2	3/4	1	1	1/4	1/4	1		9	75	D#5	5	187
32	32	93	93	3.0	0	0	3/4	2	1	3/4	1/2	3/2	-1	5	47	B2	2	191
32	32	93	93	3.0	0	0	3/4	2	1	3/4	1/2	3/2	-1	5	59	B3	3	191
32	32	93	93	2.0	0	0	3/4	1	1	1/2	1/2	1		6	66	F#4	4	189
32	32	93	93	2.0	0	0	3/4	1	1	1/2	1/2	1		6	78	F#5	5	189
32	32	95	95	1.0	1/2	1/2	3/4	1	1	1/4	1/4	1		5	71	B4	4	190
33	33	96	96	1.5	0	0	3/4	2	1	3/8	1/4	3/2		4	64	E4	4	196
33	33	96	96	1.5	0	0	3/4	2	2	3/8	1/4	3/2		4	64	E4	4	197
33	33	96	96	3.0	0	0	3/4	1	2	3/4	1/2	3/2		1	67	G4	4	195
33	33	96	96	3.0	0	0	3/4	1	2	3/4	1/2	3/2		5	71	B4	4	195
33	33	96	96	1.5	0	0	3/4	1	1	3/8	1/4	3/2		4	76	E5	5	192
33	33	195/2	195/2	0.5	3/8	3/8	3/4	2	2	1/8	1/8	1		9	63	D#4	4	198
33	33	195/2	195/2	0.5	3/8	3/8	3/4	1	1	1/8	1/8	1		9	75	D#5	5	193
33	33	98	98	1.0	1/2	1/2	3/4	2	2	1/4	1/4	1		4	64	E4	4	199
33	33	98	98	1.0	1/2	1/2	3/4	1	1	1/4	1/4	1		4	76	E5	5	194
34	34	99	99	3.0	0	0	3/4	2	2	3/4	1/2	3/2		0	60	C4	4	207
34	34	99	99	1.5	0	0	3/4	2	1	3/8	1/4	3/2		4	64	E4	4	204
34	34	99	99	3.0	0	0	3/4	1	2	3/4	1/2	3/2		1	67	G4	4	203
34	34	99	99	3.0	0	0	3/4	1	2	3/4	1/2	3/2		0	72	C5	5	203
34	34	99	99	1.5	0	0	3/4	1	1	3/8	1/4	3/2		4	76	E5	5	200
34	34	201/2	201/2	0.5	3/8	3/8	3/4	2	1	1/8	1/8	1		9	63	D#4	4	205
34	34	201/2	201/2	0.5	3/8	3/8	3/4	1	1	1/8	1/8	1		9	75	D#5	5	201
34	34	101	101	1.0	1/2	1/2	3/4	2	1	1/4	1/4	1		4	64	E4	4	206
34	34	101	101	1.0	1/2	1/2	3/4	1	1	1/4	1/4	1		4	76	E5	5	202
35	35	102	102	3.0	0	0	3/4	2	2	3/4	1/2	3/2		10	58	A#3	3	211
35	35	102	102	3.0	0	0	3/4	2	1	3/4	1/2	3/2	1	1	67	G4	4	210
35	35	102	102	3.0	0	0	3/4	1	2	3/4	1/2	3/2		10	70	A#4	4	209
35	35	102	102	3.0	0	0	3/4	1	2	3/4	1/2	3/2		7	73	C#5	5	209
35	35	102	102	3.0	0	0	3/4	1	1	3/4	1/2	3/2	1	1	79	G5	5	208
36	36	105	105	3.0	0	0	3/4	2	2	3/4	1/2	3/2		3	57	A3	3	223
36	36	105	105	1.0	0	0	3/4	2	1	1/4	1/4	1	-1	1	67	G4	4	218
36	36	105	105	3.0	0	0	3/4	1	2	3/4	1/2	3/2		3	69	A4	4	217
36	36	105	105	3.0	0	0	3/4	1	2	3/4	1/2	3/2		0	72	C5	5	217
36	36	105	105	1.0	0	0	3/4	1	1	1/4	1/4	1	-1	1	79	G5	5	212
36	36	106	106	0.5	1/4	1/4	3/4	2	1	1/8	1/8	1		6	66	F#4	4	219
36	36	106	106	0.5	1/4	1/4	3/4	1	1	1/8	1/8	1		6	78	F#5	5	213
36	36	213/2	213/2	0.5	3/8	3/8	3/4	2	1	1/8	1/8	1		4	64	E4	4	220
36	36	213/2	213/2	0.5	3/8	3/8	3/4	1	1	1/8	1/8	1		4	76	E5	5	214
36	36	107	107	0.5	1/2	1/2	3/4	2	1	1/8	1/8	1		9	63	D#4	4	221
36	36	107	107	0.5	1/2	1/2	3/4	1	1	1/8	1/8	1		9	75	D#5	5	215
36	36	215/2	215/2	0.5	5/8	5/8	3/4	2	1	1/8	1/8	1		6	66	F#4	4	222
36	36	215/2	215/2	0.5	5/8	5/8	3/4	1	1	1/8	1/8	1		6	78	F#5	5	216
37	37	108	108	1.0	0	0	3/4	2	1	1/4	1/4	1		1	55	G3	3	230
37	37	108	108	1.0	0	0	3/4	2	1	1/4	1/4	1		4	64	E4	4	230
37	37	108	108	1.0	0	0	3/4	1	2	1/4	1/4	1		5	71	B4	4	227
37	37	108	108	1.0	0	0	3/4	1	1	1/4	1/4	1		4	76	E5	5	224
37	37	109	109	1.0	1/4	1/4	3/4	2	1	1/4	1/4	1		6	54	F#3	3	231
37	37	109	109	1.0	1/4	1/4	3/4	2	1	1/4	1/4	1		9	63	D#4	4	231
37	37	109	109	1.0	1/4	1/4	3/4	1	2	1/4	1/4	1		5	71	B4	4	228
37	37	109	109	1.0	1/4	1/4	3/4	1	1	1/4	1/4	1		6	78	F#5	5	225
37	37	110	110	1.0	1/2	1/2	3/4	2	1	1/4	1/4	1		4	52	E3	3	232
37	37	110	110	1.0	1/2	1/2	3/4	2	1	1/4	1/4	1		4	64	E4	4	232
37	37	110	110	1.0	1/2	1/2	3/4	1	2	1/4	1/4	1		5	71	B4	4	229
37	37	110	110	1.0	1/2	1/2	3/4	1	1	1/4	1/4	1		1	79	G5	5	226
38	38	111	111	2.0	0	0	3/4	2	1	1/2	1/2	1		9	51	D#3	3	238
38	38	111	111	2.0	0	0	3/4	2	1	1/2	1/2	1		5	59	B3	3	238
38	38	111	111	2.0	0	0	3/4	1	2	1/2	1/2	1		6	78	F#5	5	236
38	38	111	111	1.0	0	0	3/4	1	1	1/4	1/4	1		5	83	B5	5	233
38	38	112	112	1.0	1/4	1/4	3/4	1	1	1/4	1/4	1		3	81	A5	5	234
38	38	113	113	1.0	1/2	1/2	3/4	2	1	1/4	1/4	1		4	52	E3	3	239
38	38	113	113	1.0	1/2	1/2	3/4	2	1	1/4	1/4	1		5	59	B3	3	239
38	38	113	113	1.0	1/2	1/2	3/4	1	2	1/4	1/4	1		4	76	E5	5	237
38	38	113	113	1.0	1/2	1/2	3/4	1	1	1/4	1/4	1		1	79	G5	5	235
39	39	114	114	3.0	0	0	3/4	2	2	3/4	1/2	3/2	1	5	47	B2	2	247
39	39	114	114	2.0	0	0	3/4	2	1	1/2	1/2	1		5	59	B3	3	245
39	39	114	114	2.0	0	0	3/4	1	2	1/2	1/2	1		9	75	D#5	5	243
39	39	114	114	2.0	0	0	3/4	1	1	1/2	1/2	1		6	78	F#5	5	240
39	39	116	116	1.0	1/2	1/2	3/4	2	1	1/4	1/4	1		10	58	A#3	3	246
39	39	116	116	1.0	1/2	1/2	3/4	1	2	1/4	1/4	1		4	76	E5	5	244
39	39	116	116	0.5	1/2	1/2	3/4	1	1	1/8	1/8	1		3	81	A5	5	241
39	39	233/2	233/2	0.5	5/8	5/8	3/4	1	1	1/8	1/8	1		1	79	G5	5	242
40	40	117	117	1.0	0	0	3/4	2	1	1/4	1/4	1	-1	5	47	B2	2	251
40	40	117	117	1.0	0	0	3/4	2	1	1/4	1/4	1		5	59	B3	3	251
40	40	117	117	1.0	0	0	3/4	1	2	1/4	1/4	1		9	75	D#5	5	250
40	40	117	117	1.0	0	0	3/4	1	1	1/4	1/4	1		6	78	F#5	5	248
40	40	119	119	1.0	1/2	1/2	3/4	1	1	1/4	1/4	1		5	59	B3	3	249
41	41	120	120	1.5	0	0	3/4	2	1	3/8	1/4	3/2		4	52	E3	3	255
41	41	120	120	1.5	0	0	3/4	2	2	3/8	1/4	3/2		4	52	E3	3	256
41	41	120	120	1.5	0	0	3/4	1	1	3/8	1/4	3/2		4	64	E4	4	252
41	41	243/2	243/2	0.5	3/8	3/8	3/4	2	2	1/8	1/8	1		9	51	D#3	3	257
41	41	243/2	243/2	0.5	3/8	3/8	3/4	1	1	1/8	1/8	1		9	63	D#4	4	253
41	41	122	122	1.0	1/2	1/2	3/4	2	2	1/4	1/4	1		4	52	E3	3	258
41	41	122	122	1.0	1/2	1/2	3/4	1	1	1/4	1/4	1		4	64	E4	4	254
42	42	123	123	3.0	0	0	3/4	2	2	3/4	1/2	3/2		0	48	C3	3	265
42	42	123	123	1.5	0	0	3/4	2	1	3/8	1/4	3/2		4	52	E3	3	262
42	42	123	123	1.5	0	0	3/4	1	1	3/8	1/4	3/2		4	64	E4	4	259
42	42	249/2	249/2	0.5	3/8	3/8	3/4	2	1	1/8	1/8	1		9	51	D#3	3	263
42	42	249/2	249/2	0.5	3/8	3/8	3/4	1	1	1/8	1/8	1		9	63	D#4	4	260
42	42	125	125	1.0	1/2	1/2	3/4	2	1	1/4	1/4	1		4	52	E3	3	264
42	42	125	125	1.0	1/2	1/2	3/4	1	1	1/4	1/4	1		4	64	E4	4	261
43	43	126	126	3.0	0	0	3/4	2	1	3/4	1/2	3/2	1	2	50	D3	3	268
43	43	126	126	3.0	0	0	3/4	2	1	3/4	1/2	3/2	1	-1	53	F3	3	268
43	43	126	126	3.0	0	0	3/4	2	1	3/4	1/2	3/2		0	60	C4	4	268
43	43	126	126	3.0	0	0	3/4	1	2	3/4	1/2	3/2	1	2	62	D4	4	267
43	43	126	126	3.0	0	0	3/4	1	2	3/4	1/2	3/2	1	-1	65	F4	4	267
43	43	126	126	3.0	0	0	3/4	1	1	3/4	1/2	3/2	1	0	72	C5	5	266
44	44	129	129	3.0	0	0	3/4	2	2	3/4	1/2	3/2	-1	2	50	D3	3	280
44	44	129	129	3.0	0	0	3/4	2	2	3/4	1/2	3/2	-1	-1	53	F3	3	280
44	44	129	129	1.0	0	0	3/4	2	1	1/4	1/4	1		0	60	C4	4	275
44	44	129	129	3.0	0	0	3/4	1	2	3/4	1/2	3/2	-1	2	62	D4	4	274
44	44	129	129	3.0	0	0	3/4	1	2	3/4	1/2	3/2	-1	-1	65	F4	4	274
44	44	129	129	1.0	0	0	3/4	1	1	1/4	1/4	1	-1	0	72	C5	5	269
44	44	130	130	0.5	1/4	1/4	3/4	2	1	1/8	1/8	1		5	59	B3	3	276
44	44	130	130	0.5	1/4	1/4	3/4	1	1	1/8	1/8	1		5	71	B4	4	270
44	44	261/2	261/2	0.5	3/8	3/8	3/4	2	1	1/8	1/8	1		3	57	A3	3	277
44	44	261/2	261/2	0.5	3/8	3/8	3/4	1	1	1/8	1/8	1		3	69	A4	4	271
44	44	131	131	0.5	1/2	1/2	3/4	2	1	1/8	1/8	1		8	56	G#3	3	278
44	44	131	131	0.5	1/2	1/2	3/4	1	1	1/8	1/8	1		8	68	G#4	4	272
44	44	263/2	263/2	0.5	5/8	5/8	3/4	2	1	1/8	1/8	1		5	59	B3	3	279
44	44	263/2	263/2	0.5	5/8	5/8	3/4	1	1	1/8	1/8	1		5	71	B4	4	273
45	45	132	132	1.0	0	0	3/4	2	2	1/4	1/4	1		0	48	C3	3	289
45	45	132	132	1.0	0	0	3/4	2	2	1/4	1/4	1		4	52	E3	3	289
45	45	132	132	1.0	0	0	3/4	2	1	1/4	1/4	1		3	57	A3	3	287
45	45	132	132	1.0	0	0	3/4	1	1	1/4	1/4	1		0	60	C4	4	281
45	45	132	132	1.0	0	0	3/4	1	1	1/4	1/4	1		4	64	E4	4	281
45	45	132	132	1.0	0	0	3/4	1	1	1/4	1/4	1		3	69	A4	4	281
45	45	133	133	2.0	1/4	1/4	3/4	2	2	1/2	1/2	1		2	50	D3	3	290
45	45	133	133	2.0	1/4	1/4	3/4	2	2	1/2	1/2	1		-1	53	F3	3	290
45	45	133	133	2.0	1/4	1/4	3/4	2	1	1/2	1/2	1		5	59	B3	3	288
45	45	133	133	2.0	1/4	1/4	3/4	1	2	1/2	1/2	1		2	62	D4	4	286
45	45	133	133	2.0	1/4	1/4	3/4	1	2	1/2	1/2	1		-1	65	F4	4	286
45	45	133	133	0.5	1/4	1/4	3/4	1	1	1/8	1/8	1		5	71	B4	4	282
45	45	267/2	267/2	0.5	3/8	3/8	3/4	1	1	1/8	1/8	1		3	69	A4	4	283
45	45	134	134	0.5	1/2	1/2	3/4	1	1	1/8	1/8	1		8	68	G#4	4	284
45	45	269/2	269/2	0.5	5/8	5/8	3/4	1	1	1/8	1/8	1		5	71	B4	4	285
46	46	135	135	1.0	0	0	3/4	2	2	1/4	1/4	1		0	48	C3	3	299
46	46	135	135	1.0	0	0	3/4	2	2	1/4	1/4	1		4	52	E3	3	299
46	46	135	135	1.0	0	0	3/4	2	1	1/4	1/4	1		3	57	A3	3	297
46	46	135	135	1.0	0	0	3/4	1	1	1/4	1/4	1		0	60	C4	4	291
46	46	135	135	1.0	0	0	3/4	1	1	1/4	1/4	1		4	64	E4	4	291
46	46	135	135	1.0	0	0	3/4	1	1	1/4	1/4	1		3	69	A4	4	291
46	46	136	136	2.0	1/4	1/4	3/4	2	2	1/2	1/2	1		2	50	D3	3	300
46	46	136	136	2.0	1/4	1/4	3/4	2	2	1/2	1/2	1		-1	53	F3	3	300
46	46	136	136	2.0	1/4	1/4	3/4	2	1	1/2	1/2	1		5	59	B3	3	298
46	46	136	136	2.0	1/4	1/4	3/4	1	2	1/2	1/2	1		2	62	D4	4	296
46	46	136	136	2.0	1/4	1/4	3/4	1	2	1/2	1/2	1		-1	65	F4	4	296
46	46	136	136	0.5	1/4	1/4	3/4	1	1	1/8	1/8	1		5	71	B4	4	292
46	46	273/2	273/2	0.5	3/8	3/8	3/4	1	1	1/8	1/8	1		3	69	A4	4	293
46	46	137	137	0.5	1/2	1/2	3/4	1	1	1/8	1/8	1		8	68	G#4	4	294
46	46	275/2	275/2	0.5	5/8	5/8	3/4	1	1	1/8	1/8	1		5	71	B4	4	295
47	47	138	138	1.0	0	0	3/4	2	1	1/4	1/4	1		0	48	C3	3	307
47	47	138	138	1.0	0	0	3/4	2	1	1/4	1/4	1		4	52	E3	3	307
47	47	138	138	1.0	0	0	3/4	2	1	1/4	1/4	1		3	57	A3	3	307
47	47	138	138	1.0	0	0	3/4	1	2	1/4	1/4	1		0	60	C4	4	306
47	47	138	138	1.0	0	0	3/4	1	2	1/4	1/4	1		4	64	E4	4	306
47	47	138	138	1.0	0	0	3/4	1	1	1/4	1/4	1		3	69	A4	4	301
47	47	139	139	0.5	1/4	1/4	3/4	1	1	1/8	1/8	1		3	69	A4	4	302
47	47	279/2	279/2	0.5	3/8	3/8	3/4	1	1	1/8	1/8	1		8	68	G#4	4	303
47	47	140	140	0.5	1/2	1/2	3/4	1	1	1/8	1/8	1		3	69	A4	4	304
47	47	281/2	281/2	0.5	5/8	5/8	3/4	1	1	1/8	1/8	1		5	71	B4	4	305
48	48	141	141	0.5	0	0	3/4	1	1	1/8	1/8	1		0	72	C5	5	308
48	48	283/2	283/2	0.5	1/8	1/8	3/4	1	1	1/8	1/8	1		2	74	D5	5	309
48	48	142	142	0.5	1/4	1/4	3/4	1	1	1/8	1/8	1		4	76	E5	5	310
48	48	285/2	285/2	0.5	3/8	3/8	3/4	1	1	1/8	1/8	1		9	75	D#5	5	311
48	48	143	143	1.0	1/2	1/2	3/4	2	1	1/4	1/4	1		3	57	A3	3	314
48	48	143	143	1.0	1/2	1/2	3/4	2	1	1/4	1/4	1		4	64	E4	4	314
48	48	143	143	0.5	1/2	1/2	3/4	1	1	1/8	1/8	1		4	76	E5	5	312
48	48	287/2	287/2	0.5	5/8	5/8	3/4	1	1	1/8	1/8	1		0	72	C5	5	313
49	49	144	144	1.0	0	0	3/4	2	1	1/4	1/4	1		5	59	B3	3	320
49	49	144	144	1.0	0	0	3/4	2	1	1/4	1/4	1		4	64	E4	4	320
49	49	144	144	1.0	0	0	3/4	1	1	1/4	1/4	1		5	71	B4	4	315
49	49	145	145	0.5	1/4	1/4	3/4	1	1	1/8	1/8	1		5	71	B4	4	316
49	49	291/2	291/2	0.5	3/8	3/8	3/4	1	1	1/8	1/8	1		10	70	A#4	4	317
49	49	146	146	0.5	1/2	1/2	3/4	1	1	1/8	1/8	1		5	71	B4	4	318
49	49	293/2	293/2	0.5	5/8	5/8	3/4	1	1	1/8	1/8	1		1	67	G4	4	319
50	50	147	147	1.0	0	0	3/4	2	1	1/4	1/4	1		5	35	B1	1	326
50	50	147	147	1.0	0	0	3/4	2	1	1/4	1/4	1		5	47	B2	2	326
50	50	147	147	1.0	0	0	3/4	1	1	1/4	1/4	1		9	63	D#4	4	321
50	50	147	147	1.0	0	0	3/4	1	1	1/4	1/4	1		6	66	F#4	4	321
50	50	148	148	0.5	1/4	1/4	3/4	1	1	1/8	1/8	1		5	71	B4	4	322
50	50	297/2	297/2	0.5	3/8	3/8	3/4	1	1	1/8	1/8	1		10	70	A#4	4	323
50	50	149	149	0.5	1/2	1/2	3/4	1	1	1/8	1/8	1		5	71	B4	4	324
50	50	299/2	299/2	0.5	5/8	5/8	3/4	1	1	1/8	1/8	1		6	66	F#4	4	325
51	51	150	150	3.0	0	0	3/4	2	2	3/4	1/2	3/2	1	4	40	E2	2	330
51	51	150	150	3.0	0	0	3/4	1	1	3/4	1/2	3/2		4	64	E4	4	327
51	51	152	152	1.0	1/2	1/2	3/4	2	1	1/4	1/4	1		5	47	B2	2	329
51	51	152	152	1.0	1/2	1/2	3/4	1	2	1/4	1/4	1		8	56	G#3	3	328
52	52	153	153	3.0	0	0	3/4	2	2	3/4	1/2	3/2	0	4	40	E2	2	342
52	52	153	153	1.0	0	0	3/4	2	1	1/4	1/4	1		0	48	C3	3	337
52	52	153	153	1.0	0	0	3/4	1	2	1/4	1/4	1		3	57	A3	3	332
52	52	153	153	3.0	0	0	3/4	1	1	3/4	1/2	3/2		9	63	D#4	4	331
52	52	154	154	0.5	1/4	1/4	3/4	2	1	1/8	1/8	1		0	48	C3	3	338
52	52	154	154	0.5	1/4	1/4	3/4	1	2	1/8	1/8	1		3	57	A3	3	333
52	52	309/2	309/2	0.5	3/8	3/8	3/4	2	1	1/8	1/8	1		5	47	B2	2	339
52	52	309/2	309/2	0.5	3/8	3/8	3/4	1	2	1/8	1/8	1		5	59	B3	3	334
52	52	155	155	0.5	1/2	1/2	3/4	2	1	1/8	1/8	1		3	45	A2	2	340
52	52	155	155	0.5	1/2	1/2	3/4	1	2	1/8	1/8	1		0	60	C4	4	335
52	52	311/2	311/2	0.5	5/8	5/8	3/4	2	1	1/8	1/8	1		0	48	C3	3	341
52	52	311/2	311/2	0.5	5/8	5/8	3/4	1	2	1/8	1/8	1		3	57	A3	3	336
53	53	156	156	1.0	0	0	3/4	2	2	1/4	1/4	1	-1	4	40	E2	2	348
53	53	156	156	3.0	0	0	3/4	2	1	3/4	1/2	3/2	1	4	52	E3	3	347
53	53	156	156	1.0	0	0	3/4	1	2	1/4	1/4	1		8	56	G#3	3	345
53	53	156	156	1.0	0	0	3/4	1	1	1/4	1/4	1		4	64	E4	4	343
53	53	158	158	1.0	1/2	1/2	3/4	2	2	1/4	1/4	1		5	59	B3	3	349
53	53	158	158	1.0	1/2	1/2	3/4	1	2	1/4	1/4	1		4	64	E4	4	346
53	53	158	158	1.0	1/2	1/2	3/4	1	1	1/4	1/4	1		8	68	G#4	4	344
54	54	159	159	3.0	0	0	3/4	2	2	3/4	1/2	3/2	-1	4	52	E3	3	361
54	54	159	159	1.0	0	0	3/4	2	1	1/4	1/4	1		0	60	C4	4	356
54	54	159	159	3.0	0	0	3/4	1	2	3/4	1/2	3/2		9	63	D#4	4	355
54	54	159	159	1.0	0	0	3/4	1	1	1/4	1/4	1		3	69	A4	4	350
54	54	160	160	0.5	1/4	1/4	3/4	2	1	1/8	1/8	1		0	60	C4	4	357
54	54	160	160	0.5	1/4	1/4	3/4	1	1	1/8	1/8	1		3	69	A4	4	351
54	54	321/2	321/2	0.5	3/8	3/8	3/4	2	1	1/8	1/8	1		5	59	B3	3	358
54	54	321/2	321/2	0.5	3/8	3/8	3/4	1	1	1/8	1/8	1		5	71	B4	4	352
54	54	161	161	0.5	1/2	1/2	3/4	2	1	1/8	1/8	1		3	57	A3	3	359
54	54	161	161	0.5	1/2	1/2	3/4	1	1	1/8	1/8	1		0	72	C5	5	353
54	54	323/2	323/2	0.5	5/8	5/8	3/4	2	1	1/8	1/8	1		0	60	C4	4	360
54	54	323/2	323/2	0.5	5/8	5/8	3/4	1	1	1/8	1/8	1		3	69	A4	4	354
55	55	162	162	3.0	0	0	3/4	2	2	3/4	1/2	3/2	1	4	52	E3	3	368
55	55	162	162	1.0	0	0	3/4	2	1	1/4	1/4	1		5	59	B3	3	366
55	55	162	162	1.0	0	0	3/4	1	2	1/4	1/4	1		4	64	E4	4	364
55	55	162	162	1.0	0	0	3/4	1	1	1/4	1/4	1		8	68	G#4	4	362
55	55	164	164	1.0	1/2	1/2	3/4	2	1	1/4	1/4	1		5	59	B3	3	367
55	55	164	164	1.0	1/2	1/2	3/4	1	2	1/4	1/4	1		8	68	G#4	4	365
55	55	164	164	1.0	1/2	1/2	3/4	1	1	1/4	1/4	1		4	76	E5	5	363
56	56	165	165	3.0	0	0	3/4	2	2	3/4	1/2	3/2	-1	4	52	E3	3	380
56	56	165	165	1.0	0	0	3/4	2	1	1/4	1/4	1		0	60	C4	4	375
56	56	165	165	1.0	0	0	3/4	1	2	1/4	1/4	1		3	69	A4	4	370
56	56	165	165	3.0	0	0	3/4	1	1	3/4	1/2	3/2		9	75	D#5	5	369
56	56	166	166	0.5	1/4	1/4	3/4	2	1	1/8	1/8	1		0	60	C4	4	376
56	56	166	166	0.5	1/4	1/4	3/4	1	2	1/8	1/8	1		3	69	A4	4	371
56	56	333/2	333/2	0.5	3/8	3/8	3/4	2	1	1/8	1/8	1		5	59	B3	3	377
56	56	333/2	333/2	0.5	3/8	3/8	3/4	1	2	1/8	1/8	1		5	71	B4	4	372
56	56	167	167	0.5	1/2	1/2	3/4	2	1	1/8	1/8	1		3	57	A3	3	378
56	56	167	167	0.5	1/2	1/2	3/4	1	2	1/8	1/8	1		0	72	C5	5	373
56	56	335/2	335/2	0.5	5/8	5/8	3/4	2	1	1/8	1/8	1		0	60	C4	4	379
56	56	335/2	335/2	0.5	5/8	5/8	3/4	1	2	1/8	1/8	1		3	69	A4	4	374
57	57	168	168	1.0	0	0	3/4	2	2	1/4	1/4	1		4	52	E3	3	393
57	57	168	168	1.0	0	0	3/4	2	1	1/4	1/4	1		5	59	B3	3	388
57	57	168	168	1.0	0	0	3/4	1	2	1/4	1/4	1		8	68	G#4	4	383
57	57	168	168	1.0	0	0	3/4	1	1	1/4	1/4	1		4	76	E5	5	381
57	57	169	169	2.0	1/4	1/4	3/4	2	2	1/2	1/2	1		4	52	E3	3	394
57	57	169	169	0.5	1/4	1/4	3/4	2	1	1/8	1/8	1		0	60	C4	4	389
57	57	169	169	0.5	1/4	1/4	3/4	1	2	1/8	1/8	1		3	69	A4	4	384
57	57	169	169	2.0	1/4	1/4	3/4	1	1	1/2	1/2	1		9	75	D#5	5	382
57	57	339/2	339/2	0.5	3/8	3/8	3/4	2	1	1/8	1/8	1		5	59	B3	3	390
57	57	339/2	339/2	0.5	3/8	3/8	3/4	1	2	1/8	1/8	1		5	71	B4	4	385
57	57	170	170	0.5	1/2	1/2	3/4	2	1	1/8	1/8	1		3	57	A3	3	391
57	57	170	170	0.5	1/2	1/2	3/4	1	2	1/8	1/8	1		0	72	C5	5	386
57	57	341/2	341/2	0.5	5/8	5/8	3/4	2	1	1/8	1/8	1		0	60	C4	4	392
57	57	341/2	341/2	0.5	5/8	5/8	3/4	1	2	1/8	1/8	1		3	69	A4	4	387
58	58	171	171	1.0	0	0	3/4	2	2	1/4	1/4	1		4	52	E3	3	407
58	58	171	171	1.0	0	0	3/4	2	1	1/4	1/4	1		5	59	B3	3	402
58	58	171	171	1.0	0	0	3/4	1	2	1/4	1/4	1		8	68	G#4	4	397
58	58	171	171	1.0	0	0	3/4	1	1	1/4	1/4	1		4	76	E5	5	395
58	58	172	172	2.0	1/4	1/4	3/4	2	2	1/2	1/2	1		4	52	E3	3	408
58	58	172	172	0.5	1/4	1/4	3/4	2	1	1/8	1/8	1		0	60	C4	4	403
58	58	172	172	0.5	1/4	1/4	3/4	1	2	1/8	1/8	1		3	69	A4	4	398
58	58	172	172	2.0	1/4	1/4	3/4	1	1	1/2	1/2	1		9	75	D#5	5	396
58	58	345/2	345/2	0.5	3/8	3/8	3/4	2	1	1/8	1/8	1		5	59	B3	3	404
58	58	345/2	345/2	0.5	3/8	3/8	3/4	1	2	1/8	1/8	1		5	71	B4	4	399
58	58	173	173	0.5	1/2	1/2	3/4	2	1	1/8	1/8	1		3	57	A3	3	405
58	58	173	173	0.5	1/2	1/2	3/4	1	2	1/8	1/8	1		0	72	C5	5	400
58	58	347/2	347/2	0.5	5/8	5/8	3/4	2	1	1/8	1/8	1		0	60	C4	4	406
58	58	347/2	347/2	0.5	5/8	5/8	3/4	1	2	1/8	1/8	1		3	69	A4	4	401
59	59	174	174	1.0	0	0	3/4	2	2	1/4	1/4	1		4	52	E3	3	412
59	59	174	174	1.0	0	0	3/4	2	1	1/4	1/4	1		5	59	B3	3	411
59	59	174	174	1.0	0	0	3/4	1	2	1/4	1/4	1		8	68	G#4	4	410
59	59	174	174	1.0	0	0	3/4	1	1	1/4	1/4	1		4	76	E5	5	409
60	60	177	177	1.0	0	0	3/4	2	2	1/4	1/4	1		4	52	E3	3	416
60	60	177	177	1.0	0	0	3/4	2	1	1/4	1/4	1		5	59	B3	3	415
60	60	177	177	1.0	0	0	3/4	1	2	1/4	1/4	1		4	76	E5	5	414
60	60	177	177	1.0	0	0	3/4	1	1	1/4	1/4	1		8	80	G#5	5	413
61	61	180	180	1.0	0	0	3/4	2	1	1/4	1/4	1		4	40	E2	2	418
61	61	180	180	1.0	0	0	3/4	2	1	1/4	1/4	1		5	47	B2	2	418
61	61	180	180	1.0	0	0	3/4	2	1	1/4	1/4	1		4	52	E3	3	418
61	61	180	180	1.0	0	0	3/4	1	1	1/4	1/4	1		4	76	E5	5	417
61	61	180	180	1.0	0	0	3/4	1	1	1/4	1/4	1		8	80	G#5	5	417
61	61	180	180	1.0	0	0	3/4	1	1	1/4	1/4	1		4	88	E6	6	417
62	62	183	183	2.0	0	0	3/4	1	1	1/2	1/2	1	1	4	88	E6	6	419
62	62	185	185	0.75	1/2	1/2	3/4	1	1	3/16	1/8	3/2	-1	4	88	E6	6	420
62	62	743/4	743/4	0.25	11/16	11/16	3/4	1	1	1/16	1/16	1		4	64	E4	4	421
63	63	186	186	3.0	0	0	3/4	2	2	3/4	1/2	3/2	1	0	36	C2	2	425
63	63	186	186	3.0	0	0	3/4	2	1	3/4	1/2	3/2		0	48	C3	3	424
63	63	186	186	3.0	0	0	3/4	1	2	3/4	1/2	3/2		1	55	G3	3	423
63	63	186	186	3.0	0	0	3/4	1	1	3/4	1/2	3/2		4	64	E4	4	422
64	64	189	189	3.0	0	0	3/4	2	2	3/4	1/2	3/2	-1	0	36	C2	2	432
64	64	189	189	2.0	0	0	3/4	2	1	1/2	1/2	1		5	47	B2	2	430
64	64	189	189	3.0	0	0	3/4	1	2	3/4	1/2	3/2		-1	53	F3	3	429
64	64	189	189	1.0	0	0	3/4	1	1	1/4	1/4	1		2	62	D4	4	426
64	64	190	190	1.0	1/4	1/4	3/4	1	1	1/4	1/4	1		-1	65	F4	4	427
64	64	191	191	1.0	1/2	1/2	3/4	2	1	1/4	1/4	1		2	50	D3	3	431
64	64	191	191	1.0	1/2	1/2	3/4	1	1	1/4	1/4	1		5	59	B3	3	428
65	65	192	192	1.0	0	0	3/4	2	2	1/4	1/4	1		0	36	C2	2	438
65	65	192	192	1.0	0	0	3/4	2	1	1/4	1/4	1		0	48	C3	3	437
65	65	192	192	1.0	0	0	3/4	1	2	1/4	1/4	1		4	52	E3	3	436
65	65	192	192	1.0	0	0	3/4	1	1	1/4	1/4	1		0	60	C4	4	433
65	65	193	193	1.0	1/4	1/4	3/4	1	1	1/4	1/4	1		4	64	E4	4	434
65	65	194	194	1.0	1/2	1/2	3/4	1	1	1/4	1/4	1	1	1	67	G4	4	435
66	66	195	195	1.0	0	0	3/4	1	2	1/4	1/4	1		1	55	G3	3	442
66	66	195	195	1.0	0	0	3/4	1	1	1/4	1/4	1	-1	1	67	G4	4	439
66	66	196	196	1.0	1/4	1/4	3/4	1	2	1/4	1/4	1		3	57	A3	3	443
66	66	196	196	1.0	1/4	1/4	3/4	1	1	1/4	1/4	1		6	66	F#4	4	440
66	66	197	197	1.0	1/2	1/2	3/4	1	2	1/4	1/4	1		5	59	B3	3	444
66	66	197	197	1.0	1/2	1/2	3/4	1	1	1/4	1/4	1		-1	65	F4	4	441
67	67	198	198	3.0	0	0	3/4	2	2	3/4	1/2	3/2	1	0	36	C2	2	448
67	67	198	198	3.0	0	0	3/4	2	1	3/4	1/2	3/2		0	48	C3	3	447
67	67	198	198	3.0	0	0	3/4	1	2	3/4	1/2	3/2		1	55	G3	3	446
67	67	198	198	3.0	0	0	3/4	1	1	3/4	1/2	3/2		0	60	C4	4	445
67	67	198	198	3.0	0	0	3/4	1	1	3/4	1/2	3/2		4	64	E4	4	445
68	68	201	201	3.0	0	0	3/4	2	2	3/4	1/2	3/2	-1	0	36	C2	2	455
68	68	201	201	2.0	0	0	3/4	2	1	1/2	1/2	1		5	47	B2	2	453
68	68	201	201	3.0	0	0	3/4	1	2	3/4	1/2	3/2		-1	53	F3	3	452
68	68	201	201	1.0	0	0	3/4	1	1	1/4	1/4	1		2	62	D4	4	449
68	68	202	202	1.0	1/4	1/4	3/4	1	1	1/4	1/4	1		-1	65	F4	4	450
68	68	203	203	1.0	1/2	1/2	3/4	2	1	1/4	1/4	1		2	50	D3	3	454
68	68	203	203	1.0	1/2	1/2	3/4	1	1	1/4	1/4	1		5	59	B3	3	451
69	69	204	204	1.0	0	0	3/4	2	2	1/4	1/4	1		0	36	C2	2	461
69	69	204	204	1.0	0	0	3/4	2	1	1/4	1/4	1		0	48	C3	3	460
69	69	204	204	1.0	0	0	3/4	1	2	1/4	1/4	1		4	52	E3	3	459
69	69	204	204	1.0	0	0	3/4	1	1	1/4	1/4	1		0	60	C4	4	456
69	69	205	205	1.0	1/4	1/4	3/4	1	1	1/4	1/4	1		4	64	E4	4	457
69	69	206	206	1.0	1/2	1/2	3/4	1	1	1/4	1/4	1		1	67	G4	4	458
70	70	207	207	1.0	0	0	3/4	1	1	1/4	1/4	1		0	72	C5	5	462
70	70	208	208	1.0	1/4	1/4	3/4	1	1	1/4	1/4	1		2	74	D5	5	463
70	70	209	209	1.0	1/2	1/2	3/4	1	1	1/4	1/4	1		9	75	D#5	5	464
71	71	210	210	2.0	0	0	3/4	2	1	1/2	1/2	1		0	60	C4	4	469
71	71	210	210	1.0	0	0	3/4	1	1	1/4	1/4	1		4	76	E5	5	465
71	71	210	210	2.0	0	0	3/4	1	2	1/2	1/2	1		4	76	E5	5	467
71	71	211	211	2.0	1/4	1/4	3/4	1	1	1/2	1/2	1	1	1	79	G5	5	466
71	71	212	212	1.0	1/2	1/2	3/4	2	1	1/4	1/4	1		5	59	B3	3	470
71	71	212	212	1.0	1/2	1/2	3/4	1	2	1/4	1/4	1		2	74	D5	5	468
72	72	213	213	2.0	0	0	3/4	2	1	1/2	1/2	1		3	57	A3	3	476
72	72	213	213	2.0	0	0	3/4	1	2	1/2	1/2	1		0	72	C5	5	474
72	72	213	213	1.0	0	0	3/4	1	1	1/4	1/4	1	-1	1	79	G5	5	471
72	72	214	214	1.0	1/4	1/4	3/4	1	1	1/4	1/4	1		6	78	F#5	5	472
72	72	215	215	1.0	1/2	1/2	3/4	2	1	1/4	1/4	1		1	55	G3	3	477
72	72	215	215	1.0	1/2	1/2	3/4	1	2	1/4	1/4	1		5	71	B4	4	475
72	72	215	215	1.0	1/2	1/2	3/4	1	1	1/4	1/4	1		1	79	G5	5	473
73	73	216	216	2.0	0	0	3/4	2	1	1/2	1/2	1		6	54	F#3	3	482
73	73	216	216	1.0	0	0	3/4	1	1	1/4	1/4	1		3	69	A4	4	478
73	73	216	216	2.0	0	0	3/4	1	2	1/2	1/2	1		3	69	A4	4	480
73	73	217	217	2.0	1/4	1/4	3/4	1	1	1/2	1/2	1	1	0	72	C5	5	479
73	73	218	218	1.0	1/2	1/2	3/4	2	1	1/4	1/4	1		4	52	E3	3	483
73	73	218	218	1.0	1/2	1/2	3/4	1	2	1/4	1/4	1		1	67	G4	4	481
74	74	219	219	2.0	0	0	3/4	2	1	1/2	1/2	1		9	51	D#3	3	488
74	74	219	219	2.0	0	0	3/4	1	2	1/2	1/2	1		6	66	F#4	4	486
74	74	219	219	1.0	0	0	3/4	1	1	1/4	1/4	1	-1	0	72	C5	5	484
74	74	220	220	2.0	1/4	1/4	3/4	1	1	1/2	1/2	1	1	5	71	B4	4	485
74	74	221	221	1.0	1/2	1/2	3/4	2	1	1/4	1/4	1		4	52	E3	3	489
74	74	221	221	1.0	1/2	1/2	3/4	1	2	1/4	1/4	1		1	67	G4	4	487
75	75	222	222	3.0	0	0	3/4	2	1	3/4	1/2	3/2		0	48	C3	3	494
75	75	222	222	3.0	0	0	3/4	1	2	3/4	1/2	3/2		4	64	E4	4	493
75	75	222	222	1.0	0	0	3/4	1	1	1/4	1/4	1	-1	5	71	B4	4	490
75	75	223	223	1.0	1/4	1/4	3/4	1	1	1/4	1/4	1		8	68	G#4	4	491
75	75	224	224	1.0	1/2	1/2	3/4	1	1	1/4	1/4	1	1	3	69	A4	4	492
76	76	225	225	3.0	0	0	3/4	2	1	3/4	1/2	3/2		2	50	D3	3	499
76	76	225	225	3.0	0	0	3/4	1	2	3/4	1/2	3/2		0	60	C4	4	498
76	76	225	225	1.0	0	0	3/4	1	1	1/4	1/4	1	-1	3	69	A4	4	495
76	76	226	226	1.0	1/4	1/4	3/4	1	1	1/4	1/4	1		4	64	E4	4	496
76	76	227	227	1.0	1/2	1/2	3/4	1	1	1/4	1/4	1		6	66	F#4	4	497
77	77	228	228	1.0	0	0	3/4	2	1	1/4	1/4	1		1	43	G2	2	504
77	77	228	228	1.0	0	0	3/4	1	2	1/4	1/4	1		5	59	B3	3	501
77	77	228	228	1.0	0	0	3/4	1	1	1/4	1/4	1		1	67	G4	4	500
77	77	229	229	1.0	1/4	1/4	3/4	1	2	1/4	1/4	1		3	57	A3	3	502
77	77	230	230	1.0	1/2	1/2	3/4	1	2	1/4	1/4	1		1	55	G3	3	503
78	78	231	231	1.0	0	0	3/4	2	1	1/4	1/4	1		-1	53	F3	3	505
78	78	232	232	1.0	1/4	1/4	3/4	2	1	1/4	1/4	1		4	52	E3	3	506
78	78	233	233	1.0	1/2	1/2	3/4	2	1	1/4	1/4	1		2	50	D3	3	507
79	79	234	234	3.0	0	0	3/4	2	2	3/4	1/2	3/2	1	1	43	G2	2	512
79	79	234	234	3.0	0	0	3/4	2	1	3/4	1/2	3/2		7	49	C#3	3	511
79	79	235	235	1.0	1/4	1/4	3/4	1	2	1/4	1/4	1		3	57	A3	3	509
79	79	235	235	2.0	1/4	1/4	3/4	1	1	1/2	1/2	1	1	3	57	A3	3	508
79	79	236	236	1.0	1/2	1/2	3/4	1	2	1/4	1/4	1		1	67	G4	4	510
80	80	237	237	3.0	0	0	3/4	2	2	3/4	1/2	3/2	-1	1	43	G2	2	520
80	80	237	237	1.0	0	0	3/4	2	1	1/4	1/4	1		2	50	D3	3	517
80	80	237	237	3.0	0	0	3/4	1	1	3/4	1/2	3/2	-1	3	57	A3	3	513
80	80	237	237	1.0	0	0	3/4	1	2	1/4	1/4	1		-1	65	F4	4	514
80	80	238	238	1.0	1/4	1/4	3/4	2	1	1/4	1/4	1		4	52	E3	3	518
80	80	238	238	1.0	1/4	1/4	3/4	1	2	1/4	1/4	1		4	64	E4	4	515
80	80	239	239	1.0	1/2	1/2	3/4	2	1	1/4	1/4	1		-1	53	F3	3	519
80	80	239	239	1.0	1/2	1/2	3/4	1	2	1/4	1/4	1		2	62	D4	4	516
81	81	240	240	3.0	0	0	3/4	2	2	3/4	1/2	3/2	1	1	43	G2	2	525
81	81	240	240	3.0	0	0	3/4	2	1	3/4	1/2	3/2		5	47	B2	2	524
81	81	241	241	1.0	1/4	1/4	3/4	1	2	1/4	1/4	1		1	55	G3	3	522
81	81	241	241	2.0	1/4	1/4	3/4	1	1	1/2	1/2	1	1	1	55	G3	3	521
81	81	242	242	1.0	1/2	1/2	3/4	1	2	1/4	1/4	1		-1	65	F4	4	523
82	82	243	243	3.0	0	0	3/4	2	2	3/4	1/2	3/2	-1	1	43	G2	2	533
82	82	243	243	1.0	0	0	3/4	2	1	1/4	1/4	1		0	48	C3	3	530
82	82	243	243	3.0	0	0	3/4	1	1	3/4	1/2	3/2	-1	1	55	G3	3	526
82	82	243	243	1.0	0	0	3/4	1	2	1/4	1/4	1		4	64	E4	4	527
82	82	244	244	1.0	1/4	1/4	3/4	2	1	1/4	1/4	1		2	50	D3	3	531
82	82	244	244	1.0	1/4	1/4	3/4	1	2	1/4	1/4	1		2	62	D4	4	528
82	82	245	245	1.0	1/2	1/2	3/4	2	1	1/4	1/4	1		4	52	E3	3	532
82	82	245	245	1.0	1/2	1/2	3/4	1	2	1/4	1/4	1		0	60	C4	4	529
83	83	246	246	3.0	0	0	3/4	2	2	3/4	1/2	3/2	1	1	55	G3	3	538
83	83	247	247	1.0	1/4	1/4	3/4	1	1	1/4	1/4	1		3	69	A4	4	534
83	83	247	247	2.0	1/4	1/4	3/4	1	2	1/2	1/2	1	1	3	69	A4	4	536
83	83	248	248	1.0	1/2	1/2	3/4	2	1	1/4	1/4	1		7	61	C#4	4	537
83	83	248	248	1.0	1/2	1/2	3/4	1	1	1/4	1/4	1		1	79	G5	5	535
84	84	249	249	3.0	0	0	3/4	2	2	3/4	1/2	3/2	-1	1	55	G3	3	546
84	84	249	249	1.0	0	0	3/4	2	1	1/4	1/4	1		2	62	D4	4	543
84	84	249	249	3.0	0	0	3/4	1	2	3/4	1/2	3/2	-1	3	69	A4	4	542
84	84	249	249	1.0	0	0	3/4	1	1	1/4	1/4	1		-1	77	F5	5	539
84	84	250	250	1.0	1/4	1/4	3/4	2	1	1/4	1/4	1		4	64	E4	4	544
84	84	250	250	1.0	1/4	1/4	3/4	1	1	1/4	1/4	1		4	76	E5	5	540
84	84	251	251	1.0	1/2	1/2	3/4	2	1	1/4	1/4	1		-1	65	F4	4	545
84	84	251	251	1.0	1/2	1/2	3/4	1	1	1/4	1/4	1		2	74	D5	5	541
85	85	252	252	3.0	0	0	3/4	2	2	3/4	1/2	3/2	1	1	55	G3	3	551
85	85	253	253	1.0	1/4	1/4	3/4	1	3	1/4	1/4	1		1	67	G4	4	548
85	85	253	253	2.0	1/4	1/4	3/4	1	1	1/2	1/2	1	1	1	67	G4	4	547
85	85	254	254	1.0	1/2	1/2	3/4	2	1	1/4	1/4	1		5	59	B3	3	550
85	85	254	254	1.0	1/2	1/2	3/4	1	3	1/4	1/4	1		-1	77	F5	5	549
86	86	255	255	3.0	0	0	3/4	2	2	3/4	1/2	3/2	-1	1	55	G3	3	559
86	86	255	255	1.0	0	0	3/4	2	1	1/4	1/4	1		0	60	C4	4	556
86	86	255	255	3.0	0	0	3/4	1	1	3/4	1/2	3/2	-1	1	67	G4	4	552
86	86	255	255	1.0	0	0	3/4	1	2	1/4	1/4	1		4	76	E5	5	553
86	86	256	256	1.0	1/4	1/4	3/4	2	1	1/4	1/4	1		2	62	D4	4	557
86	86	256	256	1.0	1/4	1/4	3/4	1	2	1/4	1/4	1		2	74	D5	5	554
86	86	257	257	1.0	1/2	1/2	3/4	2	1	1/4	1/4	1		4	64	E4	4	558
86	86	257	257	1.0	1/2	1/2	3/4	1	2	1/4	1/4	1		0	72	C5	5	555
87	87	258	258	1.0	0	0	3/4	2	2	1/4	1/4	1		1	55	G3	3	564
87	87	258	258	1.0	0	0	3/4	2	1	1/4	1/4	1		-1	65	F4	4	563
87	87	258	258	1.0	0	0	3/4	1	1	1/4	1/4	1		5	71	B4	4	560
87	87	259	259	1.0	1/4	1/4	3/4	1	1	1/4	1/4	1		3	69	A4	4	561
87	87	260	260	1.0	1/2	1/2	3/4	1	1	1/4	1/4	1		1	67	G4	4	562
88	88	261	261	1.0	0	0	3/4	1	1	1/4	1/4	1		-1	65	F4	4	565
88	88	262	262	1.0	1/4	1/4	3/4	1	1	1/4	1/4	1		4	64	E4	4	566
88	88	263	263	1.0	1/2	1/2	3/4	1	1	1/4	1/4	1		2	62	D4	4	567
89	89	264	264	3.0	0	0	3/4	2	2	3/4	1/2	3/2	1	0	36	C2	2	570
89	89	264	264	3.0	0	0	3/4	2	2	3/4	1/2	3/2		0	48	C3	3	570
89	89	264	264	3.0	0	0	3/4	2	1	3/4	1/2	3/2		1	55	G3	3	569
89	89	264	264	3.0	0	0	3/4	1	1	3/4	1/2	3/2		4	64	E4	4	568
90	90	267	267	3.0	0	0	3/4	2	2	3/4	1/2	3/2	-1	0	36	C2	2	576
90	90	267	267	2.0	0	0	3/4	2	1	1/2	1/2	1		5	47	B2	2	574
90	90	267	267	3.0	0	0	3/4	2	3	3/4	1/2	3/2		-1	53	F3	3	577
90	90	267	267	1.0	0	0	3/4	1	1	1/4	1/4	1		2	62	D4	4	571
90	90	268	268	1.0	1/4	1/4	3/4	1	1	1/4	1/4	1		-1	65	F4	4	572
90	90	269	269	1.0	1/2	1/2	3/4	2	1	1/4	1/4	1		2	50	D3	3	575
90	90	269	269	1.0	1/2	1/2	3/4	1	1	1/4	1/4	1		5	59	B3	3	573
91	91	270	270	1.0	0	0	3/4	2	2	1/4	1/4	1		0	36	C2	2	583
91	91	270	270	1.0	0	0	3/4	2	1	1/4	1/4	1		0	48	C3	3	582
91	91	270	270	1.0	0	0	3/4	1	2	1/4	1/4	1		4	52	E3	3	581
91	91	270	270	1.0	0	0	3/4	1	1	1/4	1/4	1		0	60	C4	4	578
91	91	271	271	1.0	1/4	1/4	3/4	1	1	1/4	1/4	1		4	64	E4	4	579
91	91	272	272	1.0	1/2	1/2	3/4	1	1	1/4	1/4	1		1	67	G4	4	580
92	92	273	273	1.0	0	0	3/4	1	1	1/4	1/4	1		0	72	C5	5	584
92	92	274	274	1.0	1/4	1/4	3/4	1	1	1/4	1/4	1		2	74	D5	5	585
92	92	275	275	1.0	1/2	1/2	3/4	1	1	1/4	1/4	1		9	75	D#5	5	586
93	93	276	276	3.0	0	0	3/4	2	2	3/4	1/2	3/2	1	0	48	C3	3	590
93	93	276	276	3.0	0	0	3/4	2	1	3/4	1/2	3/2		0	60	C4	4	589
93	93	276	276	3.0	0	0	3/4	1	2	3/4	1/2	3/2		4	64	E4	4	588
93	93	276	276	3.0	0	0	3/4	1	1	3/4	1/2	3/2		1	67	G4	4	587
93	93	276	276	3.0	0	0	3/4	1	1	3/4	1/2	3/2		4	76	E5	5	587
94	94	279	279	3.0	0	0	3/4	2	2	3/4	1/2	3/2	-1	0	48	C3	3	597
94	94	279	279	2.0	0	0	3/4	2	1	1/2	1/2	1		5	59	B3	3	595
94	94	279	279	3.0	0	0	3/4	1	2	3/4	1/2	3/2		-1	65	F4	4	594
94	94	279	279	1.0	0	0	3/4	1	1	1/4	1/4	1		2	74	D5	5	591
94	94	280	280	1.0	1/4	1/4	3/4	1	1	1/4	1/4	1		-1	77	F5	5	592
94	94	281	281	1.0	1/2	1/2	3/4	2	1	1/4	1/4	1		2	62	D4	4	596
94	94	281	281	1.0	1/2	1/2	3/4	1	1	1/4	1/4	1		5	71	B4	4	593
95	95	282	282	1.0	0	0	3/4	2	1	1/4	1/4	1		0	48	C3	3	602
95	95	282	282	1.0	0	0	3/4	2	1	1/4	1/4	1		0	60	C4	4	602
95	95	282	282	1.0	0	0	3/4	1	2	1/4	1/4	1		4	64	E4	4	601
95	95	282	282	1.0	0	0	3/4	1	1	1/4	1/4	1		0	72	C5	5	598
95	95	283	283	1.0	1/4	1/4	3/4	1	1	1/4	1/4	1		4	76	E5	5	599
95	95	284	284	1.0	1/2	1/2	3/4	1	1	1/4	1/4	1		1	79	G5	5	600
96	96	285	285	1.0	0	0	3/4	1	1	1/4	1/4	1		0	84	C6	6	603
96	96	286	286	1.0	1/4	1/4	3/4	1	1	1/4	1/4	1		2	86	D6	6	604
96	96	287	287	1.0	1/2	1/2	3/4	1	1	1/4	1/4	1		9	87	D#6	6	605
97	97	288	288	3.0	0	0	3/4	2	1	3/4	1/2	3/2	1	0	48	C3	3	607
97	97	288	288	3.0	0	0	3/4	2	1	3/4	1/2	3/2	1	4	52	E3	3	607
97	97	288	288	3.0	0	0	3/4	2	1	3/4	1/2	3/2		1	55	G3	3	607
97	97	288	288	3.0	0	0	3/4	1	1	3/4	1/2	3/2	1	4	76	E5	5	606
97	97	288	288	3.0	0	0	3/4	1	1	3/4	1/2	3/2	1	4	88	E6	6	606
98	98	291	291	3.0	0	0	3/4	2	1	3/4	1/2	3/2	-1	0	48	C3	3	609
98	98	291	291	3.0	0	0	3/4	2	1	3/4	1/2	3/2	-1	4	52	E3	3	609
98	98	291	291	3.0	0	0	3/4	2	1	3/4	1/2	3/2		3	57	A3	3	609
98	98	291	291	3.0	0	0	3/4	1	1	3/4	1/2	3/2	-1	4	76	E5	5	608
98	98	291	291	3.0	0	0	3/4	1	1	3/4	1/2	3/2	-1	4	88	E6	6	608
99	99	294	294	3.0	0	0	3/4	2	1	3/4	1/2	3/2	1	5	47	B2	2	611
99	99	294	294	3.0	0	0	3/4	2	1	3/4	1/2	3/2		4	52	E3	3	611
99	99	294	294	3.0	0	0	3/4	2	1	3/4	1/2	3/2		1	55	G3	3	611
99	99	294	294	3.0	0	0	3/4	2	1	3/4	1/2	3/2	1	5	59	B3	3	611
99	99	294	294	3.0	0	0	3/4	1	1	3/4	1/2	3/2	1	5	71	B4	4	610
99	99	294	294	3.0	0	0	3/4	1	1	3/4	1/2	3/2	1	5	83	B5	5	610
100	100	297	297	3.0	0	0	3/4	2	1	3/4	1/2	3/2	-1	5	47	B2	2	613
100	100	297	297	3.0	0	0	3/4	2	1	3/4	1/2	3/2		9	51	D#3	3	613
100	100	297	297	3.0	0	0	3/4	2	1	3/4	1/2	3/2		6	54	F#3	3	613
100	100	297	297	3.0	0	0	3/4	2	1	3/4	1/2	3/2	-1	5	59	B3	3	613
100	100	297	297	3.0	0	0	3/4	1	1	3/4	1/2	3/2	-1	5	71	B4	4	612
100	100	297	297	3.0	0	0	3/4	1	1	3/4	1/2	3/2	-1	5	83	B5	5	612
101	101	300	300	1.5	0	0	3/4	2	1	3/8	1/4	3/2		4	52	E3	3	618
101	101	300	300	1.5	0	0	3/4	2	2	3/8	1/4	3/2		4	52	E3	3	619
101	101	300	300	3.0	0	0	3/4	1	2	3/4	1/2	3/2		1	55	G3	3	617
101	101	300	300	3.0	0	0	3/4	1	2	3/4	1/2	3/2		5	59	B3	3	617
101	101	300	300	1.5	0	0	3/4	1	1	3/8	1/4	3/2		4	64	E4	4	614
101	101	603/2	603/2	0.5	3/8	3/8	3/4	2	2	1/8	1/8	1		9	51	D#3	3	620
101	101	603/2	603/2	0.5	3/8	3/8	3/4	1	1	1/8	1/8	1		9	63	D#4	4	615
101	101	302	302	1.0	1/2	1/2	3/4	2	2	1/4	1/4	1		4	52	E3	3	621
101	101	302	302	1.0	1/2	1/2	3/4	1	1	1/4	1/4	1		4	64	E4	4	616
102	102	303	303	3.0	0	0	3/4	2	2	3/4	1/2	3/2		0	48	C3	3	629
102	102	303	303	1.5	0	0	3/4	2	1	3/8	1/4	3/2		4	52	E3	3	626
102	102	303	303	3.0	0	0	3/4	1	2	3/4	1/2	3/2		1	55	G3	3	625
102	102	303	303	3.0	0	0	3/4	1	2	3/4	1/2	3/2		0	60	C4	4	625
102	102	303	303	1.5	0	0	3/4	1	1	3/8	1/4	3/2		4	64	E4	4	622
102	102	609/2	609/2	0.5	3/8	3/8	3/4	2	1	1/8	1/8	1		9	51	D#3	3	627
102	102	609/2	609/2	0.5	3/8	3/8	3/4	1	1	1/8	1/8	1		9	63	D#4	4	623
102	102	305	305	1.0	1/2	1/2	3/4	2	1	1/4	1/4	1		4	52	E3	3	628
102	102	305	305	1.0	1/2	1/2	3/4	1	1	1/4	1/4	1		4	64	E4	4	624
103	103	306	306	3.0	0	0	3/4	2	1	3/4	1/2	3/2		10	46	A#2	2	631
103	103	306	306	3.0	0	0	3/4	2	1	3/4	1/2	3/2	1	1	55	G3	3	631
103	103	306	306	3.0	0	0	3/4	1	1	3/4	1/2	3/2		10	58	A#3	3	630
103	103	306	306	3.0	0	0	3/4	1	1	3/4	1/2	3/2		7	61	C#4	4	630
103	103	306	306	3.0	0	0	3/4	1	1	3/4	1/2	3/2	1	1	67	G4	4	630
104	104	309	309	3.0	0	0	3/4	2	2	3/4	1/2	3/2		3	45	A2	2	643
104	104	309	309	1.0	0	0	3/4	2	1	1/4	1/4	1	-1	1	55	G3	3	638
104	104	309	309	3.0	0	0	3/4	1	2	3/4	1/2	3/2		3	57	A3	3	637
104	104	309	309	3.0	0	0	3/4	1	2	3/4	1/2	3/2		0	60	C4	4	637
104	104	309	309	1.0	0	0	3/4	1	1	1/4	1/4	1	-1	1	67	G4	4	632
104	104	310	310	0.5	1/4	1/4	3/4	2	1	1/8	1/8	1		6	54	F#3	3	639
104	104	310	310	0.5	1/4	1/4	3/4	1	1	1/8	1/8	1		6	66	F#4	4	633
104	104	621/2	621/2	0.5	3/8	3/8	3/4	2	1	1/8	1/8	1		4	52	E3	3	640
104	104	621/2	621/2	0.5	3/8	3/8	3/4	1	1	1/8	1/8	1		4	64	E4	4	634
104	104	311	311	0.5	1/2	1/2	3/4	2	1	1/8	1/8	1		9	51	D#3	3	641
104	104	311	311	0.5	1/2	1/2	3/4	1	1	1/8	1/8	1		9	63	D#4	4	635
104	104	623/2	623/2	0.5	5/8	5/8	3/4	2	1	1/8	1/8	1		6	54	F#3	3	642
104	104	623/2	623/2	0.5	5/8	5/8	3/4	1	1	1/8	1/8	1		6	66	F#4	4	636
105	105	312	312	1.0	0	0	3/4	2	1	1/4	1/4	1		1	43	G2	2	647
105	105	312	312	1.0	0	0	3/4	2	1	1/4	1/4	1		4	52	E3	3	647
105	105	312	312	1.0	0	0	3/4	1	1	1/4	1/4	1		5	59	B3	3	644
105	105	312	312	1.0	0	0	3/4	1	1	1/4	1/4	1		4	64	E4	4	644
105	105	313	313	1.0	1/4	1/4	3/4	2	1	1/4	1/4	1		6	42	F#2	2	648
105	105	313	313	1.0	1/4	1/4	3/4	2	1	1/4	1/4	1		9	51	D#3	3	648
105	105	313	313	1.0	1/4	1/4	3/4	1	1	1/4	1/4	1		5	59	B3	3	645
105	105	313	313	1.0	1/4	1/4	3/4	1	1	1/4	1/4	1		6	66	F#4	4	645
105	105	314	314	1.0	1/2	1/2	3/4	2	1	1/4	1/4	1		4	40	E2	2	649
105	105	314	314	1.0	1/2	1/2	3/4	2	1	1/4	1/4	1		4	52	E3	3	649
105	105	314	314	1.0	1/2	1/2	3/4	1	1	1/4	1/4	1		5	59	B3	3	646
105	105	314	314	1.0	1/2	1/2	3/4	1	1	1/4	1/4	1		1	67	G4	4	646
106	106	315	315	2.0	0	0	3/4	2	1	1/2	1/2	1		9	39	D#2	2	655
106	106	315	315	2.0	0	0	3/4	2	1	1/2	1/2	1		5	47	B2	2	655
106	106	315	315	2.0	0	0	3/4	1	2	1/2	1/2	1		6	66	F#4	4	653
106	106	315	315	1.0	0	0	3/4	1	1	1/4	1/4	1		5	71	B4	4	650
106	106	316	316	1.0	1/4	1/4	3/4	1	1	1/4	1/4	1		3	69	A4	4	651
106	106	317	317	1.0	1/2	1/2	3/4	2	1	1/4	1/4	1		4	40	E2	2	656
106	106	317	317	1.0	1/2	1/2	3/4	2	1	1/4	1/4	1		5	47	B2	2	656
106	106	317	317	1.0	1/2	1/2	3/4	1	2	1/4	1/4	1		4	64	E4	4	654
106	106	317	317	1.0	1/2	1/2	3/4	1	1	1/4	1/4	1		1	67	G4	4	652
107	107	318	318	3.0	0	0	3/4	2	2	3/4	1/2	3/2	1	5	35	B1	1	664
107	107	318	318	2.0	0	0	3/4	2	1	1/2	1/2	1		5	47	B2	2	662
107	107	318	318	2.0	0	0	3/4	1	2	1/2	1/2	1		9	63	D#4	4	660
107	107	318	318	2.0	0	0	3/4	1	1	1/2	1/2	1		6	66	F#4	4	657
107	107	320	320	1.0	1/2	1/2	3/4	2	1	1/4	1/4	1		10	46	A#2	2	663
107	107	320	320	1.0	1/2	1/2	3/4	1	2	1/4	1/4	1		4	64	E4	4	661
107	107	320	320	0.5	1/2	1/2	3/4	1	1	1/8	1/8	1		3	69	A4	4	658
107	107	641/2	641/2	0.5	5/8	5/8	3/4	1	1	1/8	1/8	1		1	67	G4	4	659
108	108	321	321	1.0	0	0	3/4	2	2	1/4	1/4	1	-1	5	35	B1	1	669
108	108	321	321	1.0	0	0	3/4	2	1	1/4	1/4	1		5	47	B2	2	668
108	108	321	321	1.0	0	0	3/4	1	2	1/4	1/4	1		9	63	D#4	4	667
108	108	321	321	1.0	0	0	3/4	1	1	1/4	1/4	1		6	66	F#4	4	665
108	108	323	323	1.0	1/2	1/2	3/4	1	1	1/4	1/4	1		5	71	B4	4	666
109	109	324	324	1.5	0	0	3/4	2	1	3/8	1/4	3/2		4	64	E4	4	674
109	109	324	324	1.5	0	0	3/4	2	2	3/8	1/4	3/2		4	64	E4	4	675
109	109	324	324	3.0	0	0	3/4	1	2	3/4	1/2	3/2		1	67	G4	4	673
109	109	324	324	3.0	0	0	3/4	1	2	3/4	1/2	3/2		5	71	B4	4	673
109	109	324	324	1.5	0	0	3/4	1	1	3/8	1/4	3/2		4	76	E5	5	670
109	109	651/2	651/2	0.5	3/8	3/8	3/4	2	2	1/8	1/8	1		9	63	D#4	4	676
109	109	651/2	651/2	0.5	3/8	3/8	3/4	1	1	1/8	1/8	1		9	75	D#5	5	671
109	109	326	326	1.0	1/2	1/2	3/4	2	2	1/4	1/4	1		4	64	E4	4	677
109	109	326	326	1.0	1/2	1/2	3/4	1	1	1/4	1/4	1		4	76	E5	5	672
110	110	327	327	3.0	0	0	3/4	2	2	3/4	1/2	3/2		0	60	C4	4	685
110	110	327	327	1.5	0	0	3/4	2	1	3/8	1/4	3/2		4	64	E4	4	682
110	110	327	327	3.0	0	0	3/4	1	2	3/4	1/2	3/2		1	67	G4	4	681
110	110	327	327	3.0	0	0	3/4	1	2	3/4	1/2	3/2		0	72	C5	5	681
110	110	327	327	1.5	0	0	3/4	1	1	3/8	1/4	3/2		4	76	E5	5	678
110	110	657/2	657/2	0.5	3/8	3/8	3/4	2	1	1/8	1/8	1		9	63	D#4	4	683
110	110	657/2	657/2	0.5	3/8	3/8	3/4	1	1	1/8	1/8	1		9	75	D#5	5	679
110	110	329	329	1.0	1/2	1/2	3/4	2	1	1/4	1/4	1		4	64	E4	4	684
110	110	329	329	1.0	1/2	1/2	3/4	1	1	1/4	1/4	1		4	76	E5	5	680
111	111	330	330	3.0	0	0	3/4	2	2	3/4	1/2	3/2		10	58	A#3	3	689
111	111	330	330	3.0	0	0	3/4	2	1	3/4	1/2	3/2	1	1	67	G4	4	688
111	111	330	330	3.0	0	0	3/4	1	2	3/4	1/2	3/2		10	70	A#4	4	687
111	111	330	330	3.0	0	0	3/4	1	2	3/4	1/2	3/2		7	73	C#5	5	687
111	111	330	330	3.0	0	0	3/4	1	1	3/4	1/2	3/2	1	1	79	G5	5	686
112	112	333	333	3.0	0	0	3/4	2	2	3/4	1/2	3/2		3	57	A3	3	701
112	112	333	333	1.0	0	0	3/4	2	1	1/4	1/4	1	-1	1	67	G4	4	696
112	112	333	333	3.0	0	0	3/4	1	2	3/4	1/2	3/2		3	69	A4	4	695
112	112	333	333	3.0	0	0	3/4	1	2	3/4	1/2	3/2		0	72	C5	5	695
112	112	333	333	1.0	0	0	3/4	1	1	1/4	1/4	1	-1	1	79	G5	5	690
112	112	334	334	0.5	1/4	1/4	3/4	2	1	1/8	1/8	1		6	66	F#4	4	697
112	112	334	334	0.5	1/4	1/4	3/4	1	1	1/8	1/8	1		6	78	F#5	5	691
112	112	669/2	669/2	0.5	3/8	3/8	3/4	2	1	1/8	1/8	1		4	64	E4	4	698
112	112	669/2	669/2	0.5	3/8	3/8	3/4	1	1	1/8	1/8	1		4	76	E5	5	692
112	112	335	335	0.5	1/2	1/2	3/4	2	1	1/8	1/8	1		9	63	D#4	4	699
112	112	335	335	0.5	1/2	1/2	3/4	1	1	1/8	1/8	1		9	75	D#5	5	693
112	112	671/2	671/2	0.5	5/8	5/8	3/4	2	1	1/8	1/8	1		6	66	F#4	4	700
112	112	671/2	671/2	0.5	5/8	5/8	3/4	1	1	1/8	1/8	1		6	78	F#5	5	694
113	113	336	336	1.0	0	0	3/4	2	1	1/4	1/4	1		1	55	G3	3	708
113	113	336	336	1.0	0	0	3/4	2	1	1/4	1/4	1		4	64	E4	4	708
113	113	336	336	1.0	0	0	3/4	1	2	1/4	1/4	1		5	71	B4	4	705
113	113	336	336	1.0	0	0	3/4	1	1	1/4	1/4	1		4	76	E5	5	702
113	113	337	337	1.0	1/4	1/4	3/4	2	1	1/4	1/4	1		6	54	F#3	3	709
113	113	337	337	1.0	1/4	1/4	3/4	2	1	1/4	1/4	1		9	63	D#4	4	709
113	113	337	337	1.0	1/4	1/4	3/4	1	2	1/4	1/4	1		5	71	B4	4	706
113	113	337	337	1.0	1/4	1/4	3/4	1	1	1/4	1/4	1		6	78	F#5	5	703
113	113	338	338	1.0	1/2	1/2	3/4	2	1	1/4	1/4	1		4	52	E3	3	710
113	113	338	338	1.0	1/2	1/2	3/4	2	1	1/4	1/4	1		4	64	E4	4	710
113	113	338	338	1.0	1/2	1/2	3/4	1	2	1/4	1/4	1		5	71	B4	4	707
113	113	338	338	1.0	1/2	1/2	3/4	1	1	1/4	1/4	1		1	79	G5	5	704
114	114	339	339	2.0	0	0	3/4	2	1	1/2	1/2	1		9	51	D#3	3	716
114	114	339	339	2.0	0	0	3/4	2	1	1/2	1/2	1		5	59	B3	3	716
114	114	339	339	2.0	0	0	3/4	1	2	1/2	1/2	1		6	78	F#5	5	714
114	114	339	339	1.0	0	0	3/4	1	1	1/4	1/4	1		5	83	B5	5	711
114	114	340	340	1.0	1/4	1/4	3/4	1	1	1/4	1/4	1		3	81	A5	5	712
114	114	341	341	1.0	1/2	1/2	3/4	2	1	1/4	1/4	1		4	52	E3	3	717
114	114	341	341	1.0	1/2	1/2	3/4	2	1	1/4	1/4	1		5	59	B3	3	717
114	114	341	341	1.0	1/2	1/2	3/4	1	2	1/4	1/4	1		4	76	E5	5	715
114	114	341	341	1.0	1/2	1/2	3/4	1	1	1/4	1/4	1		1	79	G5	5	713
115	115	342	342	3.0	0	0	3/4	2	2	3/4	1/2	3/2		5	47	B2	2	724
115	115	342	342	2.0	0	0	3/4	2	1	1/2	1/2	1		5	59	B3	3	722
115	115	342	342	2.0	0	0	3/4	1	2	1/2	1/2	1		4	76	E5	5	720
115	115	342	342	2.0	0	0	3/4	1	1	1/2	1/2	1		1	79	G5	5	718
115	115	344	344	1.0	1/2	1/2	3/4	2	1	1/4	1/4	1		3	57	A3	3	723
115	115	344	344	1.0	1/2	1/2	3/4	1	2	1/4	1/4	1		9	75	D#5	5	721
115	115	344	344	1.0	1/2	1/2	3/4	1	1	1/4	1/4	1		6	78	F#5	5	719
116	116	345	345	1.0	0	0	3/4	2	2	1/4	1/4	1		4	52	E3	3	728
116	116	345	345	1.0	0	0	3/4	2	1	1/4	1/4	1		1	55	G3	3	727
116	116	345	345	1.0	0	0	3/4	1	1	1/4	1/4	1		4	76	E5	5	725
116	116	345	345	1.0	0	0	3/4	1	2	1/4	1/4	1		4	76	E5	5	726
117	117	348	348	3.0	0	0	3/4	2	1	3/4	1/2	3/2		0	48	C3	3	733
117	117	348	348	3.0	0	0	3/4	2	1	3/4	1/2	3/2		4	52	E3	3	733
117	117	348	348	3.0	0	0	3/4	1	2	3/4	1/2	3/2		1	55	G3	3	732
117	117	348	348	3.0	0	0	3/4	1	2	3/4	1/2	3/2		0	60	C4	4	732
117	117	348	348	1.5	0	0	3/4	1	1	3/8	1/4	3/2		4	64	E4	4	729
117	117	699/2	699/2	0.5	3/8	3/8	3/4	1	1	1/8	1/8	1		9	63	D#4	4	730
117	117	350	350	1.0	1/2	1/2	3/4	1	1	1/4	1/4	1		4	64	E4	4	731
118	118	351	351	3.0	0	0	3/4	2	2	3/4	1/2	3/2		1	43	G2	2	737
118	118	351	351	3.0	0	0	3/4	2	1	3/4	1/2	3/2		1	55	G3	3	736
118	118	351	351	3.0	0	0	3/4	1	2	3/4	1/2	3/2		5	59	B3	3	735
118	118	351	351	3.0	0	0	3/4	1	2	3/4	1/2	3/2		2	62	D4	4	735
118	118	351	351	3.0	0	0	3/4	1	1	3/4	1/2	3/2		1	67	G4	4	734
119	119	354	354	3.0	0	0	3/4	2	2	3/4	1/2	3/2		2	50	D3	3	743
119	119	354	354	3.0	0	0	3/4	2	1	3/4	1/2	3/2		-1	53	F3	3	742
119	119	354	354	3.0	0	0	3/4	1	2	3/4	1/2	3/2		3	57	A3	3	741
119	119	354	354	3.0	0	0	3/4	1	2	3/4	1/2	3/2		2	62	D4	4	741
119	119	354	354	1.5	0	0	3/4	1	1	3/8	1/4	3/2		-1	65	F4	4	738
119	119	711/2	711/2	0.5	3/8	3/8	3/4	1	1	1/8	1/8	1		4	64	E4	4	739
119	119	356	356	1.0	1/2	1/2	3/4	1	1	1/4	1/4	1		-1	65	F4	4	740
120	120	357	357	3.0	0	0	3/4	2	2	3/4	1/2	3/2		5	47	B2	2	747
120	120	357	357	3.0	0	0	3/4	2	1	3/4	1/2	3/2		1	55	G3	3	746
120	120	357	357	3.0	0	0	3/4	1	2	3/4	1/2	3/2		2	62	D4	4	745
120	120	357	357	3.0	0	0	3/4	1	1	3/4	1/2	3/2		1	67	G4	4	744
121	121	360	360	3.0	0	0	3/4	2	2	3/4	1/2	3/2		0	48	C3	3	753
121	121	360	360	3.0	0	0	3/4	2	1	3/4	1/2	3/2		4	52	E3	3	752
121	121	360	360	3.0	0	0	3/4	1	2	3/4	1/2	3/2		1	55	G3	3	751
121	121	360	360	3.0	0	0	3/4	1	2	3/4	1/2	3/2		0	60	C4	4	751
121	121	360	360	1.5	0	0	3/4	1	1	3/8	1/4	3/2		4	64	E4	4	748
121	121	723/2	723/2	0.5	3/8	3/8	3/4	1	1	1/8	1/8	1		9	63	D#4	4	749
121	121	362	362	1.0	1/2	1/2	3/4	1	1	1/4	1/4	1		4	64	E4	4	750
122	122	363	363	3.0	0	0	3/4	2	1	3/4	1/2	3/2		1	43	G2	2	757
122	122	363	363	3.0	0	0	3/4	2	1	3/4	1/2	3/2		2	50	D3	3	757
122	122	363	363	3.0	0	0	3/4	1	2	3/4	1/2	3/2		5	59	B3	3	756
122	122	363	363	3.0	0	0	3/4	1	2	3/4	1/2	3/2		2	62	D4	4	756
122	122	363	363	2.0	0	0	3/4	1	1	1/2	1/2	1		1	67	G4	4	754
122	122	365	365	1.0	1/2	1/2	3/4	1	1	1/4	1/4	1		1	67	G4	4	755
123	123	366	366	3.0	0	0	3/4	2	1	3/4	1/2	3/2		2	38	D2	2	761
123	123	366	366	3.0	0	0	3/4	2	1	3/4	1/2	3/2		2	50	D3	3	761
123	123	366	366	3.0	0	0	3/4	1	2	3/4	1/2	3/2		3	57	A3	3	760
123	123	366	366	3.0	0	0	3/4	1	2	3/4	1/2	3/2		2	62	D4	4	760
123	123	366	366	2.0	0	0	3/4	1	1	1/2	1/2	1		1	67	G4	4	758
123	123	368	368	1.0	1/2	1/2	3/4	1	1	1/4	1/4	1		6	66	F#4	4	759
124	124	369	369	1.0	0	0	3/4	2	1	1/4	1/4	1		1	31	G1	1	765
124	124	369	369	1.0	0	0	3/4	2	1	1/4	1/4	1		1	43	G2	2	765
124	124	369	369	1.0	0	0	3/4	1	2	1/4	1/4	1		5	59	B3	3	764
124	124	369	369	1.0	0	0	3/4	1	2	1/4	1/4	1		2	62	D4	4	764
124	124	369	369	1.0	0	0	3/4	1	1	1/4	1/4	1		1	67	G4	4	762
124	124	371	371	1.0	1/2	1/2	3/4	1	1	1/4	1/4	1		1	67	G4	4	763
125	125	372	372	3.0	0	0	3/4	2	2	3/4	1/2	3/2		0	60	C4	4	773
125	125	372	372	1.5	0	0	3/4	2	1	3/8	1/4	3/2		4	64	E4	4	770
125	125	372	372	3.0	0	0	3/4	1	2	3/4	1/2	3/2		1	67	G4	4	769
125	125	372	372	3.0	0	0	3/4	1	2	3/4	1/2	3/2		0	72	C5	5	769
125	125	372	372	1.5	0	0	3/4	1	1	3/8	1/4	3/2		4	76	E5	5	766
125	125	747/2	747/2	0.5	3/8	3/8	3/4	2	1	1/8	1/8	1		9	63	D#4	4	771
125	125	747/2	747/2	0.5	3/8	3/8	3/4	1	1	1/8	1/8	1		9	75	D#5	5	767
125	125	374	374	1.0	1/2	1/2	3/4	2	1	1/4	1/4	1		4	64	E4	4	772
125	125	374	374	1.0	1/2	1/2	3/4	1	1	1/4	1/4	1		4	76	E5	5	768
126	126	375	375	3.0	0	0	3/4	2	1	3/4	1/2	3/2		1	55	G3	3	776
126	126	375	375	3.0	0	0	3/4	2	1	3/4	1/2	3/2		1	67	G4	4	776
126	126	375	375	3.0	0	0	3/4	1	2	3/4	1/2	3/2		5	71	B4	4	775
126	126	375	375	3.0	0	0	3/4	1	2	3/4	1/2	3/2		2	74	D5	5	775
126	126	375	375	3.0	0	0	3/4	1	1	3/4	1/2	3/2		1	79	G5	5	774
127	127	378	378	3.0	0	0	3/4	2	2	3/4	1/2	3/2		2	62	D4	4	784
127	127	378	378	1.5	0	0	3/4	2	1	3/8	1/4	3/2		-1	65	F4	4	781
127	127	378	378	3.0	0	0	3/4	1	2	3/4	1/2	3/2		3	69	A4	4	780
127	127	378	378	3.0	0	0	3/4	1	2	3/4	1/2	3/2		2	74	D5	5	780
127	127	378	378	1.5	0	0	3/4	1	1	3/8	1/4	3/2		-1	77	F5	5	777
127	127	759/2	759/2	0.5	3/8	3/8	3/4	2	1	1/8	1/8	1		4	64	E4	4	782
127	127	759/2	759/2	0.5	3/8	3/8	3/4	1	1	1/8	1/8	1		4	76	E5	5	778
127	127	380	380	1.0	1/2	1/2	3/4	2	1	1/4	1/4	1		-1	65	F4	4	783
127	127	380	380	1.0	1/2	1/2	3/4	1	1	1/4	1/4	1		-1	77	F5	5	779
128	128	381	381	3.0	0	0	3/4	2	1	3/4	1/2	3/2		5	59	B3	3	787
128	128	381	381	3.0	0	0	3/4	2	1	3/4	1/2	3/2		1	67	G4	4	787
128	128	381	381	3.0	0	0	3/4	1	2	3/4	1/2	3/2		2	74	D5	5	786
128	128	381	381	3.0	0	0	3/4	1	1	3/4	1/2	3/2		1	79	G5	5	785
129	129	384	384	3.0	0	0	3/4	2	2	3/4	1/2	3/2		0	60	C4	4	795
129	129	384	384	1.5	0	0	3/4	2	1	3/8	1/4	3/2		4	64	E4	4	792
129	129	384	384	3.0	0	0	3/4	1	2	3/4	1/2	3/2		1	67	G4	4	791
129	129	384	384	3.0	0	0	3/4	1	2	3/4	1/2	3/2		0	72	C5	5	791
129	129	384	384	1.5	0	0	3/4	1	1	3/8	1/4	3/2		4	76	E5	5	788
129	129	771/2	771/2	0.5	3/8	3/8	3/4	2	1	1/8	1/8	1		9	63	D#4	4	793
129	129	771/2	771/2	0.5	3/8	3/8	3/4	1	1	1/8	1/8	1		9	75	D#5	5	789
129	129	386	386	1.0	1/2	1/2	3/4	2	1	1/4	1/4	1		4	64	E4	4	794
129	129	386	386	1.0	1/2	1/2	3/4	1	1	1/4	1/4	1		4	76	E5	5	790
130	130	387	387	3.0	0	0	3/4	2	1	3/4	1/2	3/2		0	48	C3	3	798
130	130	387	387	3.0	0	0	3/4	2	1	3/4	1/2	3/2		10	58	A#3	3	798
130	130	387	387	2.0	0	0	3/4	1	1	1/2	1/2	1		4	64	E4	4	796
130	130	387	387	2.0	0	0	3/4	1	1	1/2	1/2	1		4	76	E5	5	796
130	130	389	389	1.0	1/2	1/2	3/4	1	1	1/4	1/4	1		4	64	E4	4	797
130	130	389	389	1.0	1/2	1/2	3/4	1	1	1/4	1/4	1		4	76	E5	5	797
131	131	390	390	3.0	0	0	3/4	2	1	3/4	1/2	3/2	1	5	47	B2	2	801
131	131	390	390	3.0	0	0	3/4	2	1	3/4	1/2	3/2	1	5	59	B3	3	801
131	131	390	390	2.0	0	0	3/4	1	1	1/2	1/2	1		4	64	E4	4	799
131	131	390	390	2.0	0	0	3/4	1	1	1/2	1/2	1		4	76	E5	5	799
131	131	392	392	1.0	1/2	1/2	3/4	1	1	1/4	1/4	1		9	63	D#4	4	800
131	131	392	392	1.0	1/2	1/2	3/4	1	1	1/4	1/4	1		9	75	D#5	5	800
132	132	393	393	3.0	0	0	3/4	2	1	3/4	1/2	3/2	-1	5	47	B2	2	804
132	132	393	393	3.0	0	0	3/4	2	1	3/4	1/2	3/2	-1	5	59	B3	3	804
132	132	393	393	2.0	0	0	3/4	1	1	1/2	1/2	1		6	66	F#4	4	802
132	132	393	393	2.0	0	0	3/4	1	1	1/2	1/2	1		6	78	F#5	5	802
132	132	395	395	1.0	1/2	1/2	3/4	1	1	1/4	1/4	1		5	71	B4	4	803
133	133	396	396	1.5	0	0	3/4	2	1	3/8	1/4	3/2		4	64	E4	4	809
133	133	396	396	1.5	0	0	3/4	2	2	3/8	1/4	3/2		4	64	E4	4	810
133	133	396	396	3.0	0	0	3/4	1	2	3/4	1/2	3/2		1	67	G4	4	808
133	133	396	396	3.0	0	0	3/4	1	2	3/4	1/2	3/2		5	71	B4	4	808
133	133	396	396	1.5	0	0	3/4	1	1	3/8	1/4	3/2		4	76	E5	5	805
133	133	795/2	795/2	0.5	3/8	3/8	3/4	2	2	1/8	1/8	1		9	63	D#4	4	811
133	133	795/2	795/2	0.5	3/8	3/8	3/4	1	1	1/8	1/8	1		9	75	D#5	5	806
133	133	398	398	1.0	1/2	1/2	3/4	2	2	1/4	1/4	1		4	64	E4	4	812
133	133	398	398	1.0	1/2	1/2	3/4	1	1	1/4	1/4	1		4	76	E5	5	807
134	134	399	399	3.0	0	0	3/4	2	2	3/4	1/2	3/2		0	60	C4	4	820
134	134	399	399	1.5	0	0	3/4	2	1	3/8	1/4	3/2		4	64	E4	4	817
134	134	399	399	3.0	0	0	3/4	1	2	3/4	1/2	3/2		1	67	G4	4	816
134	134	399	399	3.0	0	0	3/4	1	2	3/4	1/2	3/2		0	72	C5	5	816
134	134	399	399	1.5	0	0	3/4	1	1	3/8	1/4	3/2		4	76	E5	5	813
134	134	801/2	801/2	0.5	3/8	3/8	3/4	2	1	1/8	1/8	1		9	63	D#4	4	818
134	134	801/2	801/2	0.5	3/8	3/8	3/4	1	1	1/8	1/8	1		9	75	D#5	5	814
134	134	401	401	1.0	1/2	1/2	3/4	2	1	1/4	1/4	1		4	64	E4	4	819
134	134	401	401	1.0	1/2	1/2	3/4	1	1	1/4	1/4	1		4	76	E5	5	815
135	135	402	402	3.0	0	0	3/4	2	1	3/4	1/2	3/2		10	58	A#3	3	823
135	135	402	402	3.0	0	0	3/4	2	1	3/4	1/2	3/2	1	1	67	G4	4	823
135	135	402	402	3.0	0	0	3/4	1	2	3/4	1/2	3/2		10	70	A#4	4	822
135	135	402	402	3.0	0	0	3/4	1	2	3/4	1/2	3/2		7	73	C#5	5	822
135	135	402	402	3.0	0	0	3/4	1	1	3/4	1/2	3/2	1	1	79	G5	5	821
136	136	405	405	3.0	0	0	3/4	2	2	3/4	1/2	3/2		3	57	A3	3	835
136	136	405	405	1.0	0	0	3/4	2	1	1/4	1/4	1	-1	1	67	G4	4	830
136	136	405	405	3.0	0	0	3/4	1	2	3/4	1/2	3/2		3	69	A4	4	829
136	136	405	405	3.0	0	0	3/4	1	2	3/4	1/2	3/2		0	72	C5	5	829
136	136	405	405	1.0	0	0	3/4	1	1	1/4	1/4	1	-1	1	79	G5	5	824
136	136	406	406	0.5	1/4	1/4	3/4	2	1	1/8	1/8	1		6	66	F#4	4	831
136	136	406	406	0.5	1/4	1/4	3/4	1	1	1/8	1/8	1		6	78	F#5	5	825
136	136	813/2	813/2	0.5	3/8	3/8	3/4	2	1	1/8	1/8	1		4	64	E4	4	832
136	136	813/2	813/2	0.5	3/8	3/8	3/4	1	1	1/8	1/8	1		4	76	E5	5	826
136	136	407	407	0.5	1/2	1/2	3/4	2	1	1/8	1/8	1		9	63	D#4	4	833
136	136	407	407	0.5	1/2	1/2	3/4	1	1	1/8	1/8	1		9	75	D#5	5	827
136	136	815/2	815/2	0.5	5/8	5/8	3/4	2	1	1/8	1/8	1		6	66	F#4	4	834
136	136	815/2	815/2	0.5	5/8	5/8	3/4	1	1	1/8	1/8	1		6	78	F#5	5	828
137	137	408	408	1.0	0	0	3/4	2	1	1/4	1/4	1		1	55	G3	3	842
137	137	408	408	1.0	0	0	3/4	2	1	1/4	1/4	1		4	64	E4	4	842
137	137	408	408	1.0	0	0	3/4	1	2	1/4	1/4	1		5	71	B4	4	839
137	137	408	408	1.0	0	0	3/4	1	1	1/4	1/4	1		4	76	E5	5	836
137	137	409	409	1.0	1/4	1/4	3/4	2	1	1/4	1/4	1		6	54	F#3	3	843
137	137	409	409	1.0	1/4	1/4	3/4	2	1	1/4	1/4	1		9	63	D#4	4	843
137	137	409	409	1.0	1/4	1/4	3/4	1	2	1/4	1/4	1		5	71	B4	4	840
137	137	409	409	1.0	1/4	1/4	3/4	1	1	1/4	1/4	1		6	78	F#5	5	837
137	137	410	410	1.0	1/2	1/2	3/4	2	1	1/4	1/4	1		4	52	E3	3	844
137	137	410	410	1.0	1/2	1/2	3/4	2	1	1/4	1/4	1		4	64	E4	4	844
137	137	410	410	1.0	1/2	1/2	3/4	1	2	1/4	1/4	1		5	71	B4	4	841
137	137	410	410	1.0	1/2	1/2	3/4	1	1	1/4	1/4	1		1	79	G5	5	838
138	138	411	411	2.0	0	0	3/4	2	1	1/2	1/2	1		9	51	D#3	3	850
138	138	411	411	2.0	0	0	3/4	2	1	1/2	1/2	1		5	59	B3	3	850
138	138	411	411	2.0	0	0	3/4	1	2	1/2	1/2	1		6	78	F#5	5	848
138	138	411	411	1.0	0	0	3/4	1	1	1/4	1/4	1		5	83	B5	5	845
138	138	412	412	1.0	1/4	1/4	3/4	1	1	1/4	1/4	1		3	81	A5	5	846
138	138	413	413	1.0	1/2	1/2	3/4	2	1	1/4	1/4	1		4	52	E3	3	851
138	138	413	413	1.0	1/2	1/2	3/4	2	1	1/4	1/4	1		5	59	B3	3	851
138	138	413	413	1.0	1/2	1/2	3/4	1	2	1/4	1/4	1		4	76	E5	5	849
138	138	413	413	1.0	1/2	1/2	3/4	1	1	1/4	1/4	1		1	79	G5	5	847
139	139	414	414	3.0	0	0	3/4	2	2	3/4	1/2	3/2	1	5	47	B2	2	859
139	139	414	414	2.0	0	0	3/4	2	1	1/2	1/2	1		5	59	B3	3	857
139	139	414	414	2.0	0	0	3/4	1	2	1/2	1/2	1		9	75	D#5	5	855
139	139	414	414	2.0	0	0	3/4	1	1	1/2	1/2	1		6	78	F#5	5	852
139	139	416	416	1.0	1/2	1/2	3/4	2	1	1/4	1/4	1		10	58	A#3	3	858
139	139	416	416	1.0	1/2	1/2	3/4	1	2	1/4	1/4	1		4	76	E5	5	856
139	139	416	416	0.5	1/2	1/2	3/4	1	1	1/8	1/8	1		3	81	A5	5	853
139	139	833/2	833/2	0.5	5/8	5/8	3/4	1	1	1/8	1/8	1		1	79	G5	5	854
140	140	417	417	1.0	0	0	3/4	2	1	1/4	1/4	1	-1	5	47	B2	2	863
140	140	417	417	1.0	0	0	3/4	2	1	1/4	1/4	1		5	59	B3	3	863
140	140	417	417	1.0	0	0	3/4	1	2	1/4	1/4	1		9	75	D#5	5	862
140	140	417	417	1.0	0	0	3/4	1	1	1/4	1/4	1		6	78	F#5	5	860
140	140	419	419	1.0	1/2	1/2	3/4	1	1	1/4	1/4	1		5	59	B3	3	861
141	141	420	420	1.5	0	0	3/4	2	1	3/8	1/4	3/2		4	52	E3	3	867
141	141	420	420	1.5	0	0	3/4	2	2	3/8	1/4	3/2		4	52	E3	3	868
141	141	420	420	1.5	0	0	3/4	1	1	3/8	1/4	3/2		4	64	E4	4	864
141	141	843/2	843/2	0.5	3/8	3/8	3/4	2	2	1/8	1/8	1		9	51	D#3	3	869
141	141	843/2	843/2	0.5	3/8	3/8	3/4	1	1	1/8	1/8	1		9	63	D#4	4	865
141	141	422	422	1.0	1/2	1/2	3/4	2	2	1/4	1/4	1		4	52	E3	3	870
141	141	422	422	1.0	1/2	1/2	3/4	1	1	1/4	1/4	1		4	64	E4	4	866
142	142	423	423	3.0	0	0	3/4	2	2	3/4	1/2	3/2		0	48	C3	3	877
142	142	423	423	1.5	0	0	3/4	2	1	3/8	1/4	3/2		4	52	E3	3	874
142	142	423	423	1.5	0	0	3/4	1	1	3/8	1/4	3/2		4	64	E4	4	871
142	142	849/2	849/2	0.5	3/8	3/8	3/4	2	1	1/8	1/8	1		9	51	D#3	3	875
142	142	849/2	849/2	0.5	3/8	3/8	3/4	1	1	1/8	1/8	1		9	63	D#4	4	872
142	142	425	425	1.0	1/2	1/2	3/4	2	1	1/4	1/4	1		4	52	E3	3	876
142	142	425	425	1.0	1/2	1/2	3/4	1	1	1/4	1/4	1		4	64	E4	4	873
143	143	426	426	3.0	0	0	3/4	2	2	3/4	1/2	3/2	1	2	50	D3	3	881
143	143	426	426	3.0	0	0	3/4	2	2	3/4	1/2	3/2	1	-1	53	F3	3	881
143	143	426	426	3.0	0	0	3/4	2	1	3/4	1/2	3/2	1	0	60	C4	4	880
143	143	426	426	3.0	0	0	3/4	1	2	3/4	1/2	3/2	1	2	62	D4	4	879
143	143	426	426	3.0	0	0	3/4	1	2	3/4	1/2	3/2	1	-1	65	F4	4	879
143	143	426	426	3.0	0	0	3/4	1	1	3/4	1/2	3/2	1	0	72	C5	5	878
144	144	429	429	3.0	0	0	3/4	2	2	3/4	1/2	3/2	-1	2	50	D3	3	893
144	144	429	429	3.0	0	0	3/4	2	2	3/4	1/2	3/2	-1	-1	53	F3	3	893
144	144	429	429	1.0	0	0	3/4	2	1	1/4	1/4	1	-1	0	60	C4	4	888
144	144	429	429	3.0	0	0	3/4	1	2	3/4	1/2	3/2	-1	2	62	D4	4	887
144	144	429	429	3.0	0	0	3/4	1	2	3/4	1/2	3/2	-1	-1	65	F4	4	887
144	144	429	429	1.0	0	0	3/4	1	1	1/4	1/4	1	-1	0	72	C5	5	882
144	144	430	430	0.5	1/4	1/4	3/4	2	1	1/8	1/8	1		5	59	B3	3	889
144	144	430	430	0.5	1/4	1/4	3/4	1	1	1/8	1/8	1		5	71	B4	4	883
144	144	861/2	861/2	0.5	3/8	3/8	3/4	2	1	1/8	1/8	1		3	57	A3	3	890
144	144	861/2	861/2	0.5	3/8	3/8	3/4	1	1	1/8	1/8	1		3	69	A4	4	884
144	144	431	431	0.5	1/2	1/2	3/4	2	1	1/8	1/8	1		8	56	G#3	3	891
144	144	431	431	0.5	1/2	1/2	3/4	1	1	1/8	1/8	1		8	68	G#4	4	885
144	144	863/2	863/2	0.5	5/8	5/8	3/4	2	1	1/8	1/8	1		5	59	B3	3	892
144	144	863/2	863/2	0.5	5/8	5/8	3/4	1	1	1/8	1/8	1		5	71	B4	4	886
145	145	432	432	1.0	0	0	3/4	2	2	1/4	1/4	1		0	48	C3	3	902
145	145	432	432	1.0	0	0	3/4	2	2	1/4	1/4	1		4	52	E3	3	902
145	145	432	432	1.0	0	0	3/4	2	1	1/4	1/4	1		3	57	A3	3	900
145	145	432	432	1.0	0	0	3/4	1	1	1/4	1/4	1		0	60	C4	4	894
145	145	432	432	1.0	0	0	3/4	1	1	1/4	1/4	1		4	64	E4	4	894
145	145	432	432	1.0	0	0	3/4	1	1	1/4	1/4	1		3	69	A4	4	894
145	145	433	433	2.0	1/4	1/4	3/4	2	1	1/2	1/2	1		2	50	D3	3	901
145	145	433	433	2.0	1/4	1/4	3/4	2	1	1/2	1/2	1		-1	53	F3	3	901
145	145	433	433	2.0	1/4	1/4	3/4	2	1	1/2	1/2	1		5	59	B3	3	901
145	145	433	433	2.0	1/4	1/4	3/4	1	2	1/2	1/2	1		2	62	D4	4	899
145	145	433	433	2.0	1/4	1/4	3/4	1	2	1/2	1/2	1		-1	65	F4	4	899
145	145	433	433	0.5	1/4	1/4	3/4	1	1	1/8	1/8	1		5	71	B4	4	895
145	145	867/2	867/2	0.5	3/8	3/8	3/4	1	1	1/8	1/8	1		3	69	A4	4	896
145	145	434	434	0.5	1/2	1/2	3/4	1	1	1/8	1/8	1		8	68	G#4	4	897
145	145	869/2	869/2	0.5	5/8	5/8	3/4	1	1	1/8	1/8	1		5	71	B4	4	898
146	146	435	435	1.0	0	0	3/4	2	2	1/4	1/4	1		0	48	C3	3	912
146	146	435	435	1.0	0	0	3/4	2	2	1/4	1/4	1		4	52	E3	3	912
146	146	435	435	1.0	0	0	3/4	2	1	1/4	1/4	1		3	57	A3	3	910
146	146	435	435	1.0	0	0	3/4	1	2	1/4	1/4	1		0	60	C4	4	908
146	146	435	435	1.0	0	0	3/4	1	2	1/4	1/4	1		4	64	E4	4	908
146	146	435	435	1.0	0	0	3/4	1	1	1/4	1/4	1		3	69	A4	4	903
146	146	436	436	2.0	1/4	1/4	3/4	2	1	1/2	1/2	1		2	50	D3	3	911
146	146	436	436	2.0	1/4	1/4	3/4	2	1	1/2	1/2	1		-1	53	F3	3	911
146	146	436	436	2.0	1/4	1/4	3/4	2	1	1/2	1/2	1		5	59	B3	3	911
146	146	436	436	2.0	1/4	1/4	3/4	1	2	1/2	1/2	1		2	62	D4	4	909
146	146	436	436	2.0	1/4	1/4	3/4	1	2	1/2	1/2	1		-1	65	F4	4	909
146	146	436	436	0.5	1/4	1/4	3/4	1	1	1/8	1/8	1		5	71	B4	4	904
146	146	873/2	873/2	0.5	3/8	3/8	3/4	1	1	1/8	1/8	1		3	69	A4	4	905
146	146	437	437	0.5	1/2	1/2	3/4	1	1	1/8	1/8	1		8	68	G#4	4	906
146	146	875/2	875/2	0.5	5/8	5/8	3/4	1	1	1/8	1/8	1		5	71	B4	4	907
147	147	438	438	1.0	0	0	3/4	2	1	1/4	1/4	1		0	48	C3	3	919
147	147	438	438	1.0	0	0	3/4	2	1	1/4	1/4	1		4	52	E3	3	919
147	147	438	438	1.0	0	0	3/4	2	1	1/4	1/4	1		3	57	A3	3	919
147	147	438	438	1.0	0	0	3/4	1	2	1/4	1/4	1		0	60	C4	4	918
147	147	438	438	1.0	0	0	3/4	1	2	1/4	1/4	1		4	64	E4	4	918
147	147	438	438	1.0	0	0	3/4	1	1	1/4	1/4	1		3	69	A4	4	913
147	147	439	439	0.5	1/4	1/4	3/4	1	1	1/8	1/8	1		3	69	A4	4	914
147	147	879/2	879/2	0.5	3/8	3/8	3/4	1	1	1/8	1/8	1		8	68	G#4	4	915
147	147	440	440	0.5	1/2	1/2	3/4	1	1	1/8	1/8	1		3	69	A4	4	916
147	147	881/2	881/2	0.5	5/8	5/8	3/4	1	1	1/8	1/8	1		5	71	B4	4	917
148	148	441	441	0.5	0	0	3/4	1	1	1/8	1/8	1		0	72	C5	5	920
148	148	883/2	883/2	0.5	1/8	1/8	3/4	1	1	1/8	1/8	1		2	74	D5	5	921
148	148	442	442	0.5	1/4	1/4	3/4	1	1	1/8	1/8	1		4	76	E5	5	922
148	148	885/2	885/2	0.5	3/8	3/8	3/4	1	1	1/8	1/8	1		9	75	D#5	5	923
148	148	443	443	1.0	1/2	1/2	3/4	2	1	1/4	1/4	1		3	57	A3	3	926
148	148	443	443	1.0	1/2	1/2	3/4	2	1	1/4	1/4	1		4	64	E4	4	926
148	148	443	443	0.5	1/2	1/2	3/4	1	1	1/8	1/8	1		4	76	E5	5	924
148	148	887/2	887/2	0.5	5/8	5/8	3/4	1	1	1/8	1/8	1		0	72	C5	5	925
149	149	444	444	1.0	0	0	3/4	2	1	1/4	1/4	1		5	59	B3	3	932
149	149	444	444	1.0	0	0	3/4	2	1	1/4	1/4	1		4	64	E4	4	932
149	149	444	444	1.0	0	0	3/4	1	1	1/4	1/4	1		5	71	B4	4	927
149	149	445	445	0.5	1/4	1/4	3/4	1	1	1/8	1/8	1		5	71	B4	4	928
149	149	891/2	891/2	0.5	3/8	3/8	3/4	1	1	1/8	1/8	1		10	70	A#4	4	929
149	149	446	446	0.5	1/2	1/2	3/4	1	1	1/8	1/8	1		5	71	B4	4	930
149	149	893/2	893/2	0.5	5/8	5/8	3/4	1	1	1/8	1/8	1		1	67	G4	4	931
150	150	447	447	1.0	0	0	3/4	2	1	1/4	1/4	1		5	35	B1	1	938
150	150	447	447	1.0	0	0	3/4	2	1	1/4	1/4	1		5	47	B2	2	938
150	150	447	447	1.0	0	0	3/4	1	1	1/4	1/4	1		9	63	D#4	4	933
150	150	447	447	1.0	0	0	3/4	1	1	1/4	1/4	1		6	66	F#4	4	933
150	150	448	448	0.5	1/4	1/4	3/4	1	1	1/8	1/8	1		5	71	B4	4	934
150	150	897/2	897/2	0.5	3/8	3/8	3/4	1	1	1/8	1/8	1		10	70	A#4	4	935
150	150	449	449	0.5	1/2	1/2	3/4	1	1	1/8	1/8	1		5	71	B4	4	936
150	150	899/2	899/2	0.5	5/8	5/8	3/4	1	1	1/8	1/8	1		6	66	F#4	4	937
151	151	450	450	3.0	0	0	3/4	2	2	3/4	1/2	3/2	1	4	40	E2	2	942
151	151	450	450	3.0	0	0	3/4	1	1	3/4	1/2	3/2		4	64	E4	4	939
151	151	452	452	1.0	1/2	1/2	3/4	2	1	1/4	1/4	1		5	47	B2	2	941
151	151	452	452	1.0	1/2	1/2	3/4	1	2	1/4	1/4	1		8	56	G#3	3	940
152	152	453	453	3.0	0	0	3/4	2	2	3/4	1/2	3/2	0	4	40	E2	2	954
152	152	453	453	1.0	0	0	3/4	2	1	1/4	1/4	1		0	48	C3	3	949
152	152	453	453	1.0	0	0	3/4	1	2	1/4	1/4	1		3	57	A3	3	944
152	152	453	453	3.0	0	0	3/4	1	1	3/4	1/2	3/2		9	63	D#4	4	943
152	152	454	454	0.5	1/4	1/4	3/4	2	1	1/8	1/8	1		0	48	C3	3	950
152	152	454	454	0.5	1/4	1/4	3/4	1	2	1/8	1/8	1		3	57	A3	3	945
152	152	909/2	909/2	0.5	3/8	3/8	3/4	2	1	1/8	1/8	1		5	47	B2	2	951
152	152	909/2	909/2	0.5	3/8	3/8	3/4	1	2	1/8	1/8	1		5	59	B3	3	946
152	152	455	455	0.5	1/2	1/2	3/4	2	1	1/8	1/8	1		3	45	A2	2	952
152	152	455	455	0.5	1/2	1/2	3/4	1	2	1/8	1/8	1		0	60	C4	4	947
152	152	911/2	911/2	0.5	5/8	5/8	3/4	2	1	1/8	1/8	1		0	48	C3	3	953
152	152	911/2	911/2	0.5	5/8	5/8	3/4	1	2	1/8	1/8	1		3	57	A3	3	948
153	153	456	456	1.0	0	0	3/4	2	2	1/4	1/4	1	-1	4	40	E2	2	960
153	153	456	456	3.0	0	0	3/4	2	1	3/4	1/2	3/2	1	4	52	E3	3	959
153	153	456	456	1.0	0	0	3/4	1	2	1/4	1/4	1		8	56	G#3	3	957
153	153	456	456	1.0	0	0	3/4	1	1	1/4	1/4	1		4	64	E4	4	955
153	153	458	458	1.0	1/2	1/2	3/4	2	2	1/4	1/4	1		5	59	B3	3	961
153	153	458	458	1.0	1/2	1/2	3/4	1	2	1/4	1/4	1		4	64	E4	4	958
153	153	458	458	1.0	1/2	1/2	3/4	1	1	1/4	1/4	1		8	68	G#4	4	956
154	154	459	459	3.0	0	0	3/4	2	2	3/4	1/2	3/2	-1	4	52	E3	3	973
154	154	459	459	1.0	0	0	3/4	2	1	1/4	1/4	1		0	60	C4	4	968
154	154	459	459	3.0	0	0	3/4	1	2	3/4	1/2	3/2		9	63	D#4	4	967
154	154	459	459	1.0	0	0	3/4	1	1	1/4	1/4	1		3	69	A4	4	962
154	154	460	460	0.5	1/4	1/4	3/4	2	1	1/8	1/8	1		0	60	C4	4	969
154	154	460	460	0.5	1/4	1/4	3/4	1	1	1/8	1/8	1		3	69	A4	4	963
154	154	921/2	921/2	0.5	3/8	3/8	3/4	2	1	1/8	1/8	1		5	59	B3	3	970
154	154	921/2	921/2	0.5	3/8	3/8	3/4	1	1	1/8	1/8	1		5	71	B4	4	964
154	154	461	461	0.5	1/2	1/2	3/4	2	1	1/8	1/8	1		3	57	A3	3	971
154	154	461	461	0.5	1/2	1/2	3/4	1	1	1/8	1/8	1		0	72	C5	5	965
154	154	923/2	923/2	0.5	5/8	5/8	3/4	2	1	1/8	1/8	1		0	60	C4	4	972
154	154	923/2	923/2	0.5	5/8	5/8	3/4	1	1	1/8	1/8	1		3	69	A4	4	966
155	155	462	462	3.0	0	0	3/4	2	2	3/4	1/2	3/2	1	4	52	E3	3	980
155	155	462	462	1.0	0	0	3/4	2	1	1/4	1/4	1		5	59	B3	3	978
155	155	462	462	1.0	0	0	3/4	1	2	1/4	1/4	1		4	64	E4	4	976
155	155	462	462	1.0	0	0	3/4	1	1	1/4	1/4	1		8	68	G#4	4	974
155	155	464	464	1.0	1/2	1/2	3/4	2	1	1/4	1/4	1		5	59	B3	3	979
155	155	464	464	1.0	1/2	1/2	3/4	1	2	1/4	1/4	1		8	68	G#4	4	977
155	155	464	464	1.0	1/2	1/2	3/4	1	1	1/4	1/4	1		4	76	E5	5	975
156	156	465	465	3.0	0	0	3/4	2	2	3/4	1/2	3/2	-1	4	52	E3	3	992
156	156	465	465	1.0	0	0	3/4	2	1	1/4	1/4	1		0	60	C4	4	987
156	156	465	465	1.0	0	0	3/4	1	2	1/4	1/4	1		3	69	A4	4	982
156	156	465	465	3.0	0	0	3/4	1	1	3/4	1/2	3/2		9	75	D#5	5	981
156	156	466	466	0.5	1/4	1/4	3/4	2	1	1/8	1/8	1		0	60	C4	4	988
156	156	466	466	0.5	1/4	1/4	3/4	1	2	1/8	1/8	1		3	69	A4	4	983
156	156	933/2	933/2	0.5	3/8	3/8	3/4	2	1	1/8	1/8	1		5	59	B3	3	989
156	156	933/2	933/2	0.5	3/8	3/8	3/4	1	2	1/8	1/8	1		5	71	B4	4	984
156	156	467	467	0.5	1/2	1/2	3/4	2	1	1/8	1/8	1		3	57	A3	3	990
156	156	467	467	0.5	1/2	1/2	3/4	1	2	1/8	1/8	1		0	72	C5	5	985
156	156	935/2	935/2	0.5	5/8	5/8	3/4	2	1	1/8	1/8	1		0	60	C4	4	991
156	156	935/2	935/2	0.5	5/8	5/8	3/4	1	2	1/8	1/8	1		3	69	A4	4	986
157	157	468	468	1.0	0	0	3/4	2	2	1/4	1/4	1		4	52	E3	3	1005
157	157	468	468	1.0	0	0	3/4	2	1	1/4	1/4	1		5	59	B3	3	1000
157	157	468	468	1.0	0	0	3/4	1	2	1/4	1/4	1		8	68	G#4	4	995
157	157	468	468	1.0	0	0	3/4	1	1	1/4	1/4	1		4	76	E5	5	993
157	157	469	469	2.0	1/4	1/4	3/4	2	2	1/2	1/2	1		4	52	E3	3	1006
157	157	469	469	0.5	1/4	1/4	3/4	2	1	1/8	1/8	1		0	60	C4	4	1001
157	157	469	469	0.5	1/4	1/4	3/4	1	2	1/8	1/8	1		3	69	A4	4	996
157	157	469	469	2.0	1/4	1/4	3/4	1	1	1/2	1/2	1		9	75	D#5	5	994
157	157	939/2	939/2	0.5	3/8	3/8	3/4	2	1	1/8	1/8	1		5	59	B3	3	1002
157	157	939/2	939/2	0.5	3/8	3/8	3/4	1	2	1/8	1/8	1		5	71	B4	4	997
157	157	470	470	0.5	1/2	1/2	3/4	2	1	1/8	1/8	1		3	57	A3	3	1003
157	157	470	470	0.5	1/2	1/2	3/4	1	2	1/8	1/8	1		0	72	C5	5	998
157	157	941/2	941/2	0.5	5/8	5/8	3/4	2	1	1/8	1/8	1		0	60	C4	4	1004
157	157	941/2	941/2	0.5	5/8	5/8	3/4	1	2	1/8	1/8	1		3	69	A4	4	999
158	158	471	471	1.0	0	0	3/4	2	2	1/4	1/4	1		4	52	E3	3	1019
158	158	471	471	1.0	0	0	3/4	2	1	1/4	1/4	1		5	59	B3	3	1014
158	158	471	471	1.0	0	0	3/4	1	2	1/4	1/4	1		8	68	G#4	4	1009
158	158	471	471	1.0	0	0	3/4	1	1	1/4	1/4	1		4	76	E5	5	1007
158	158	472	472	2.0	1/4	1/4	3/4	2	2	1/2	1/2	1		4	52	E3	3	1020
158	158	472	472	0.5	1/4	1/4	3/4	2	1	1/8	1/8	1		0	60	C4	4	1015
158	158	472	472	0.5	1/4	1/4	3/4	1	2	1/8	1/8	1		3	69	A4	4	1010
158	158	472	472	2.0	1/4	1/4	3/4	1	1	1/2	1/2	1		9	75	D#5	5	1008
158	158	945/2	945/2	0.5	3/8	3/8	3/4	2	1	1/8	1/8	1		5	59	B3	3	1016
158	158	945/2	945/2	0.5	3/8	3/8	3/4	1	2	1/8	1/8	1		5	71	B4	4	1011
158	158	473	473	0.5	1/2	1/2	3/4	2	1	1/8	1/8	1		3	57	A3	3	1017
158	158	473	473	0.5	1/2	1/2	3/4	1	2	1/8	1/8	1		0	72	C5	5	1012
158	158	947/2	947/2	0.5	5/8	5/8	3/4	2	1	1/8	1/8	1		0	60	C4	4	1018
158	158	947/2	947/2	0.5	5/8	5/8	3/4	1	2	1/8	1/8	1		3	69	A4	4	1013
159	159	474	474	1.0	0	0	3/4	2	2	1/4	1/4	1		4	52	E3	3	1024
159	159	474	474	1.0	0	0	3/4	2	1	1/4	1/4	1		5	59	B3	3	1023
159	159	474	474	1.0	0	0	3/4	1	2	1/4	1/4	1		8	68	G#4	4	1022
159	159	474	474	1.0	0	0	3/4	1	1	1/4	1/4	1		4	76	E5	5	1021
160	160	477	477	1.0	0	0	3/4	2	2	1/4	1/4	1		4	52	E3	3	1028
160	160	477	477	1.0	0	0	3/4	2	1	1/4	1/4	1		5	59	B3	3	1027
160	160	477	477	1.0	0	0	3/4	1	2	1/4	1/4	1		4	76	E5	5	1026
160	160	477	477	1.0	0	0	3/4	1	1	1/4	1/4	1		8	80	G#5	5	1025
161	161	480	480	1.0	0	0	3/4	2	1	1/4	1/4	1		4	40	E2	2	1030
161	161	480	480	1.0	0	0	3/4	2	1	1/4	1/4	1		5	47	B2	2	1030
161	161	480	480	1.0	0	0	3/4	2	1	1/4	1/4	1		4	52	E3	3	1030
161	161	480	480	1.0	0	0	3/4	1	1	1/4	1/4	1		4	76	E5	5	1029
161	161	480	480	1.0	0	0	3/4	1	1	1/4	1/4	1		8	80	G#5	5	1029
161	161	480	480	1.0	0	0	3/4	1	1	1/4	1/4	1		4	88	E6	6	1029
162	162	483	483	2.0	0	0	3/4	1	1	1/2	1/2	1	1	4	88	E6	6	1031
162	162	485	485	0.75	1/2	1/2	3/4	1	1	3/16	1/8	3/2	-1	4	88	E6	6	1032
162	162	1943/4	1943/4	0.25	11/16	11/16	3/4	1	1	1/16	1/16	1		4	64	E4	4	1033
163	163	486	486	3.0	0	0	3/4	2	2	3/4	1/2	3/2	1	0	36	C2	2	1036
163	163	486	486	3.0	0	0	3/4	2	2	3/4	1/2	3/2		0	48	C3	3	1036
163	163	486	486	3.0	0	0	3/4	2	1	3/4	1/2	3/2		1	55	G3	3	1035
163	163	486	486	3.0	0	0	3/4	1	1	3/4	1/2	3/2		4	64	E4	4	1034
164	164	489	489	3.0	0	0	3/4	2	3	3/4	1/2	3/2	-1	0	36	C2	2	1043
164	164	489	489	2.0	0	0	3/4	2	2	1/2	1/2	1		5	47	B2	2	1041
164	164	489	489	3.0	0	0	3/4	2	1	3/4	1/2	3/2		-1	53	F3	3	1040
164	164	489	489	1.0	0	0	3/4	1	1	1/4	1/4	1		2	62	D4	4	1037
164	164	490	490	1.0	1/4	1/4	3/4	1	1	1/4	1/4	1		-1	65	F4	4	1038
164	164	491	491	1.0	1/2	1/2	3/4	2	2	1/4	1/4	1		2	50	D3	3	1042
164	164	491	491	1.0	1/2	1/2	3/4	1	1	1/4	1/4	1		5	59	B3	3	1039
165	165	492	492	1.0	0	0	3/4	2	2	1/4	1/4	1		0	36	C2	2	1048
165	165	492	492	1.0	0	0	3/4	2	2	1/4	1/4	1		0	48	C3	3	1048
165	165	492	492	1.0	0	0	3/4	2	1	1/4	1/4	1		4	52	E3	3	1047
165	165	492	492	1.0	0	0	3/4	1	1	1/4	1/4	1		0	60	C4	4	1044
165	165	493	493	1.0	1/4	1/4	3/4	1	1	1/4	1/4	1		4	64	E4	4	1045
165	165	494	494	1.0	1/2	1/2	3/4	1	1	1/4	1/4	1		1	67	G4	4	1046
166	166	495	495	1.0	0	0	3/4	1	1	1/4	1/4	1		0	72	C5	5	1049
166	166	496	496	1.0	1/4	1/4	3/4	1	1	1/4	1/4	1		2	74	D5	5	1050
166	166	497	497	1.0	1/2	1/2	3/4	1	1	1/4	1/4	1		9	75	D#5	5	1051
167	167	498	498	3.0	0	0	3/4	2	1	3/4	1/2	3/2	1	0	48	C3	3	1054
167	167	498	498	3.0	0	0	3/4	2	1	3/4	1/2	3/2		0	60	C4	4	1054
167	167	498	498	3.0	0	0	3/4	1	2	3/4	1/2	3/2		1	67	G4	4	1053
167	167	498	498	3.0	0	0	3/4	1	1	3/4	1/2	3/2		4	76	E5	5	1052
168	168	501	501	3.0	0	0	3/4	2	2	3/4	1/2	3/2	-1	0	48	C3	3	1061
168	168	501	501	2.0	0	0	3/4	2	1	1/2	1/2	1		5	59	B3	3	1059
168	168	501	501	3.0	0	0	3/4	1	2	3/4	1/2	3/2		-1	65	F4	4	1058
168	168	501	501	1.0	0	0	3/4	1	1	1/4	1/4	1		2	74	D5	5	1055
168	168	502	502	1.0	1/4	1/4	3/4	1	1	1/4	1/4	1		-1	77	F5	5	1056
168	168	503	503	1.0	1/2	1/2	3/4	2	1	1/4	1/4	1		2	62	D4	4	1060
168	168	503	503	1.0	1/2	1/2	3/4	1	1	1/4	1/4	1		5	71	B4	4	1057
169	169	504	504	1.0	0	0	3/4	2	1	1/4	1/4	1		0	48	C3	3	1066
169	169	504	504	1.0	0	0	3/4	2	1	1/4	1/4	1		0	60	C4	4	1066
169	169	504	504	1.0	0	0	3/4	1	2	1/4	1/4	1		4	64	E4	4	1065
169	169	504	504	1.0	0	0	3/4	1	1	1/4	1/4	1		0	72	C5	5	1062
169	169	505	505	1.0	1/4	1/4	3/4	1	1	1/4	1/4	1		4	76	E5	5	1063
169	169	506	506	1.0	1/2	1/2	3/4	1	1	1/4	1/4	1		1	79	G5	5	1064
170	170	507	507	1.0	0	0	3/4	1	1	1/4	1/4	1		0	84	C6	6	1067
170	170	508	508	1.0	1/4	1/4	3/4	1	1	1/4	1/4	1		2	86	D6	6	1068
170	170	509	509	1.0	1/2	1/2	3/4	1	1	1/4	1/4	1		9	87	D#6	6	1069
171	171	510	510	3.0	0	0	3/4	2	1	3/4	1/2	3/2	1	0	48	C3	3	1071
171	171	510	510	3.0	0	0	3/4	2	1	3/4	1/2	3/2	1	4	52	E3	3	1071
171	171	510	510	3.0	0	0	3/4	2	1	3/4	1/2	3/2		1	55	G3	3	1071
171	171	510	510	3.0	0	0	3/4	1	1	3/4	1/2	3/2	1	4	76	E5	5	1070
171	171	510	510	3.0	0	0	3/4	1	1	3/4	1/2	3/2	1	4	88	E6	6	1070
172	172	513	513	3.0	0	0	3/4	2	1	3/4	1/2	3/2	-1	0	48	C3	3	1073
172	172	513	513	3.0	0	0	3/4	2	1	3/4	1/2	3/2	-1	4	52	E3	3	1073
172	172	513	513	3.0	0	0	3/4	2	1	3/4	1/2	3/2		3	57	A3	3	1073
172	172	513	513	3.0	0	0	3/4	1	1	3/4	1/2	3/2	-1	4	76	E5	5	1072
172	172	513	513	3.0	0	0	3/4	1	1	3/4	1/2	3/2	-1	4	88	E6	6	1072
173	173	516	516	3.0	0	0	3/4	2	1	3/4	1/2	3/2	1	5	47	B2	2	1075
173	173	516	516	3.0	0	0	3/4	2	1	3/4	1/2	3/2		4	52	E3	3	1075
173	173	516	516	3.0	0	0	3/4	2	1	3/4	1/2	3/2		1	55	G3	3	1075
173	173	516	516	3.0	0	0	3/4	2	1	3/4	1/2	3/2	1	5	59	B3	3	1075
173	173	516	516	3.0	0	0	3/4	1	1	3/4	1/2	3/2	1	5	71	B4	4	1074
173	173	516	516	3.0	0	0	3/4	1	1	3/4	1/2	3/2	1	5	83	B5	5	1074
174	174	519	519	3.0	0	0	3/4	2	1	3/4	1/2	3/2	-1	5	47	B2	2	1077
174	174	519	519	3.0	0	0	3/4	2	1	3/4	1/2	3/2		9	51	D#3	3	1077
174	174	519	519	3.0	0	0	3/4	2	1	3/4	1/2	3/2		6	54	F#3	3	1077
174	174	519	519	3.0	0	0	3/4	2	1	3/4	1/2	3/2	-1	5	59	B3	3	1077
174	174	519	519	3.0	0	0	3/4	1	1	3/4	1/2	3/2	-1	5	71	B4	4	1076
174	174	519	519	3.0	0	0	3/4	1	1	3/4	1/2	3/2	-1	5	83	B5	5	1076
175	175	522	522	1.0	0	0	3/4	2	1	1/4	1/4	1		4	52	E3	3	1079
175	175	522	522	1.0	0	0	3/4	1	1	1/4	1/4	1		4	64	E4	4	1078
175	175	522	522	1.0	0	0	3/4	1	1	1/4	1/4	1		4	76	E5	5	1078
176	176	525	525	1.0	0	0	3/4	2	1	1/4	1/4	1		4	40	E2	2	1081
176	176	525	525	1.0	0	0	3/4	2	1	1/4	1/4	1		4	52	E3	3	1081
176	176	525	525	1.0	0	0	3/4	1	1	1/4	1/4	1		4	64	E4	4	1080
177	177	528	528	1.0	0	0	3/4	2	1	1/4	1/4	1		4	40	E2	2	1083
177	177	528	528	1.0	0	0	3/4	2	1	1/4	1/4	1		4	52	E3	3	1083
177	177	528	528	1.0	0	0	3/4	1	1	1/4	1/4	1		4	64	E4	4	1082
