mc	mn	mc_onset	mn_onset	timesig	staff	voice	duration	gracenote	nominal_duration	scalar	tied	tpc	midi	volta	chord_id
1	1	0	0	4/4	1	1	1/4		1/4	1		-2	58		0
1	1	0	0	4/4	1	1	1/4		1/4	1		1	67		0
1	1	0	0	4/4	1	1	1/4		1/4	1		-2	70		0
1	1	1/4	1/4	4/4	1	1	1/4		1/4	1		-2	58		1
1	1	1/4	1/4	4/4	1	1	1/4		1/4	1		1	67		1
1	1	1/4	1/4	4/4	1	1	1/4		1/4	1		-2	70		1
1	1	1/2	1/2	4/4	1	1	1/2		1/2	1		-2	58		2
1	1	1/2	1/2	4/4	1	1	1/2		1/2	1		-3	63		2
1	1	1/2	1/2	4/4	1	1	1/2		1/2	1		1	67		2
1	1	9/16	9/16	4/4	2	1	1/16		1/16	1		-2	46		3
1	1	5/8	5/8	4/4	2	1	1/16		1/16	1		0	48		4
1	1	11/16	11/16	4/4	2	1	1/16		1/16	1		2	50		5
1	1	3/4	3/4	4/4	2	1	1/16		1/16	1		-3	51		6
1	1	13/16	13/16	4/4	2	1	1/16		1/16	1		-1	53		7
1	1	7/8	7/8	4/4	2	1	1/16		1/16	1		1	55		8
1	1	15/16	15/16	4/4	2	1	1/16		1/16	1		-3	51		9
2	2	0	0	4/4	2	1	1/8		1/8	1		-4	56		13
2	2	0	0	4/4	1	1	1/4		1/4	1		-2	58		10
2	2	0	0	4/4	1	1	1/4		1/4	1		2	62		10
2	2	0	0	4/4	1	1	1/4		1/4	1		-1	65		10
2	2	1/4	1/4	4/4	1	1	1/4		1/4	1		-2	58		11
2	2	1/4	1/4	4/4	1	1	1/4		1/4	1		2	62		11
2	2	1/4	1/4	4/4	1	1	1/4		1/4	1		-1	65		11
2	2	1/2	1/2	4/4	2	1	1/16		1/16	1		-4	56		14
2	2	1/2	1/2	4/4	1	1	1/2		1/2	1		-2	58		12
2	2	1/2	1/2	4/4	1	1	1/2		1/2	1		-1	65		12
2	2	1/2	1/2	4/4	1	1	1/2		1/2	1		-4	68		12
2	2	1/2	1/2	4/4	1	1	1/2		1/2	1		-2	70		12
2	2	9/16	9/16	4/4	2	1	1/16		1/16	1		1	55		15
2	2	5/8	5/8	4/4	2	1	1/16		1/16	1		-1	53		16
2	2	11/16	11/16	4/4	2	1	1/16		1/16	1		-3	51		17
2	2	3/4	3/4	4/4	2	1	1/16		1/16	1		2	50		18
2	2	13/16	13/16	4/4	2	1	1/16		1/16	1		0	48		19
2	2	7/8	7/8	4/4	2	1	1/16		1/16	1		-2	46		20
2	2	15/16	15/16	4/4	2	1	1/16		1/16	1		2	50		21
3	3	0	0	4/4	2	1	1/8		1/8	1		-3	51		25
3	3	0	0	4/4	1	1	1/4		1/4	1		-2	58		22
3	3	0	0	4/4	1	1	1/4		1/4	1		1	67		22
3	3	0	0	4/4	1	1	1/4		1/4	1		-2	70		22
3	3	1/4	1/4	4/4	1	1	1/4		1/4	1		-2	58		23
3	3	1/4	1/4	4/4	1	1	1/4		1/4	1		1	67		23
3	3	1/4	1/4	4/4	1	1	1/4		1/4	1		-2	70		23
3	3	1/2	1/2	4/4	1	1	1/2		1/2	1		-2	58		24
3	3	1/2	1/2	4/4	1	1	1/2		1/2	1		-3	63		24
3	3	1/2	1/2	4/4	1	1	1/2		1/2	1		1	67		24
3	3	9/16	9/16	4/4	2	1	1/16		1/16	1		-2	46		26
3	3	5/8	5/8	4/4	2	1	1/16		1/16	1		0	48		27
3	3	11/16	11/16	4/4	2	1	1/16		1/16	1		2	50		28
3	3	3/4	3/4	4/4	2	1	1/16		1/16	1		-3	51		29
3	3	13/16	13/16	4/4	2	1	1/16		1/16	1		-1	53		30
3	3	7/8	7/8	4/4	2	1	1/16		1/16	1		1	55		31
3	3	15/16	15/16	4/4	2	1	1/16		1/16	1		-3	51		32
4	4	0	0	4/4	2	1	1/16		1/16	1		-4	56		37
4	4	0	0	4/4	1	1	1/8		1/8	1		-2	58		33
4	4	0	0	4/4	1	1	1/8		1/8	1		2	62		33
4	4	0	0	4/4	1	1	1/8		1/8	1		-1	65		33
4	4	1/16	1/16	4/4	2	1	1/16		1/16	1		-1	53		38
4	4	1/8	1/8	4/4	2	1	1/16		1/16	1		2	50		39
4	4	1/8	1/8	4/4	1	1	1/4		1/4	1		-2	70		34
4	4	3/16	3/16	4/4	2	1	1/16		1/16	1		-2	46		40
4	4	1/4	1/4	4/4	2	1	1/16		1/16	1		-4	44		41
4	4	5/16	5/16	4/4	2	1	1/16		1/16	1		-1	41		42
4	4	3/8	3/8	4/4	2	1	1/16		1/16	1		2	38		43
4	4	3/8	3/8	4/4	1	1	1/8		1/8	1		-4	56		35
4	4	3/8	3/8	4/4	1	1	1/8		1/8	1		-2	70		35
4	4	7/16	7/16	4/4	2	1	1/16		1/16	1		-2	34		44
4	4	1/2	1/2	4/4	2	1	1/4		1/4	1		-3	39		45
4	4	1/2	1/2	4/4	1	1	1/4		1/4	1		1	55		36
4	4	1/2	1/2	4/4	1	1	1/4		1/4	1		-3	63		36
4	4	3/4	3/4	4/4	2	1	1/8		1/8	1		-3	51		46
5	5	0	0	4/4	1	1	1/4		1/4	1		-1	65		47
5	5	0	0	4/4	1	1	1/4		1/4	1		-4	68		47
5	5	1/4	1/4	4/4	1	1	1/4		1/4	1		-1	65		48
5	5	1/4	1/4	4/4	1	1	1/4		1/4	1		-4	68		48
5	5	1/2	1/2	4/4	1	1	1/2		1/2	1		-1	65		49
5	5	1/2	1/2	4/4	1	1	1/2		1/2	1		-4	68		49
5	5	1/2	1/2	4/4	1	1	1/2		1/2	1		2	74		49
5	5	9/16	9/16	4/4	2	1	1/16		1/16	1		-2	34		50
5	5	5/8	5/8	4/4	2	1	1/16		1/16	1		-2	46		51
5	5	11/16	11/16	4/4	2	1	1/16		1/16	1		0	48		52
5	5	3/4	3/4	4/4	2	1	1/16		1/16	1		2	50		53
5	5	13/16	13/16	4/4	2	1	1/16		1/16	1		-3	51		54
5	5	7/8	7/8	4/4	2	1	1/16		1/16	1		-1	53		55
5	5	15/16	15/16	4/4	2	1	1/16		1/16	1		1	55		56
6	6	0	0	4/4	2	1	1/8		1/8	1		3	57		60
6	6	0	0	4/4	1	1	1/4		1/4	1		-1	65		57
6	6	0	0	4/4	1	1	1/4		1/4	1		2	74		57
6	6	1/8	1/8	4/4	2	1	3/8		1/4	3/2	1	-2	58		61
6	6	1/4	1/4	4/4	1	1	1/4		1/4	1		-1	65		58
6	6	1/4	1/4	4/4	1	1	1/4		1/4	1		2	74		58
6	6	1/2	1/2	4/4	2	1	1/16		1/16	1	-1	-2	58		62
6	6	1/2	1/2	4/4	1	1	1/2		1/2	1		-1	65		59
6	6	1/2	1/2	4/4	1	1	1/2		1/2	1		-4	68		59
6	6	1/2	1/2	4/4	1	1	1/2		1/2	1		2	74		59
6	6	1/2	1/2	4/4	1	1	1/2		1/2	1		-1	77		59
6	6	9/16	9/16	4/4	2	1	1/16		1/16	1		-2	34		63
6	6	5/8	5/8	4/4	2	1	1/16		1/16	1		-2	46		64
6	6	11/16	11/16	4/4	2	1	1/16		1/16	1		0	48		65
6	6	3/4	3/4	4/4	2	1	1/16		1/16	1		2	50		66
6	6	13/16	13/16	4/4	2	1	1/16		1/16	1		-3	51		67
6	6	7/8	7/8	4/4	2	1	1/16		1/16	1		-1	53		68
6	6	15/16	15/16	4/4	2	1	1/16		1/16	1		1	55		69
7	7	0	0	4/4	2	1	1/8		1/8	1		3	57		77
7	7	0	0	4/4	1	2	1/4		1/4	1		-1	65		72
7	7	0	0	4/4	1	2	1/4		1/4	1		2	74		72
7	7	0	0	4/4	1	2	1/4		1/4	1		-1	77		72
7	7	1/8	1/8	4/4	2	1	3/8		1/4	3/2	1	-2	58		78
7	7	1/4	1/4	4/4	1	2	1/4		1/4	1		-1	65		73
7	7	1/4	1/4	4/4	1	2	1/4		1/4	1		2	74		73
7	7	1/4	1/4	4/4	1	2	1/4		1/4	1		-1	77		73
7	7	1/2	1/2	4/4	2	1	1/8		1/8	1	-1	-2	58		79
7	7	1/2	1/2	4/4	1	2	1/4		1/4	1		2	74		74
7	7	1/2	1/2	4/4	1	2	1/4		1/4	1		-1	77		74
7	7	1/2	1/2	4/4	1	1	3/8		1/4	3/2		-4	80		70
7	7	5/8	5/8	4/4	2	1	1/8		1/8	1		5	59		80
7	7	3/4	3/4	4/4	2	1	1/8		1/8	1		0	60		81
7	7	3/4	3/4	4/4	1	2	1/8		1/8	1		-3	75		75
7	7	7/8	7/8	4/4	2	1	1/8		1/8	1		1	55		82
7	7	7/8	7/8	4/4	1	2	1/8		1/8	1		5	71		76
7	7	7/8	7/8	4/4	1	1	1/8		1/8	1		1	79		71
8	8	0	0	4/4	2	2	1/8		1/8	1		-4	56		99
8	8	0	0	4/4	1	2	1/8		1/8	1		0	72		89
8	8	0	0	4/4	1	1	1/8		1/8	1		1	79		83
8	8	1/8	1/8	4/4	2	2	1/8		1/8	1		3	57		100
8	8	1/8	1/8	4/4	1	2	1/8		1/8	1		0	72		90
8	8	1/8	1/8	4/4	1	1	1/8		1/8	1		-1	77		84
8	8	1/4	1/4	4/4	2	2	1/8		1/8	1		-2	58		101
8	8	1/4	1/4	4/4	2	1	1/4		1/4	1	1	-2	58		95
8	8	1/4	1/4	4/4	1	2	1/8		1/8	1		1	67		91
8	8	1/4	1/4	4/4	1	1	1/8		1/8	1		-3	75		85
8	8	3/8	3/8	4/4	2	2	1/8		1/8	1		-2	46		102
8	8	3/8	3/8	4/4	1	2	1/8		1/8	1		-1	65		92
8	8	3/8	3/8	4/4	1	2	1/8		1/8	1		-4	68		92
8	8	3/8	3/8	4/4	1	1	1/8		1/8	1		2	74		86
8	8	1/2	1/2	4/4	2	2	3/8		1/4	3/2		-3	51		103
8	8	1/2	1/2	4/4	2	1	1/8		1/8	1	-1	-2	58		96
8	8	1/2	1/2	4/4	1	2	1/4		1/4	1		-4	68		93
8	8	1/2	1/2	4/4	1	1	1/4		1/4	1		-1	77		87
8	8	5/8	5/8	4/4	2	1	1/8		1/8	1		2	62		97
8	8	3/4	3/4	4/4	2	1	1/8		1/8	1		-3	63		98
8	8	3/4	3/4	4/4	1	2	1/8		1/8	1		1	67		94
8	8	3/4	3/4	4/4	1	1	1/8		1/8	1		-3	75		88
9	9	0	0	4/4	2	2	1/8		1/8	1		-4	56		121
9	9	0	0	4/4	1	2	1/8		1/8	1		0	72		111
9	9	0	0	4/4	1	1	1/8		1/8	1		1	79		104
9	9	1/8	1/8	4/4	2	2	1/8		1/8	1		3	57		122
9	9	1/8	1/8	4/4	1	2	1/8		1/8	1		0	72		112
9	9	1/8	1/8	4/4	1	1	1/8		1/8	1		-1	77		105
9	9	1/4	1/4	4/4	2	2	1/8		1/8	1		-2	58		123
9	9	1/4	1/4	4/4	2	1	1/4		1/4	1	1	-2	58		117
9	9	1/4	1/4	4/4	1	2	1/8		1/8	1		1	67		113
9	9	1/4	1/4	4/4	1	1	1/8		1/8	1		-3	75		106
9	9	3/8	3/8	4/4	2	2	1/8		1/8	1		-2	46		124
9	9	3/8	3/8	4/4	1	2	1/8		1/8	1		-1	65		114
9	9	3/8	3/8	4/4	1	2	1/8		1/8	1		-4	68		114
9	9	3/8	3/8	4/4	1	1	1/8		1/8	1		2	74		107
9	9	1/2	1/2	4/4	2	2	3/8		1/4	3/2		-3	51		125
9	9	1/2	1/2	4/4	2	1	1/8		1/8	1	-1	-2	58		118
9	9	1/2	1/2	4/4	1	2	1/4		1/4	1		-4	68		115
9	9	1/2	1/2	4/4	1	1	1/4		1/4	1		-1	77		108
9	9	5/8	5/8	4/4	2	1	1/8		1/8	1		2	62		119
9	9	3/4	3/4	4/4	2	1	1/8		1/8	1		-3	63		120
9	9	3/4	3/4	4/4	1	2	1/8		1/8	1		1	67		116
9	9	3/4	3/4	4/4	1	1	1/8		1/8	1		-3	75		109
9	9	7/8	7/8	4/4	1	1	1/8		1/8	1		-2	58		110
10	10	0	0	4/4	2	1	1/8		1/8	1		-3	39		138
10	10	0	0	4/4	2	1	1/8		1/8	1		-2	46		138
10	10	0	0	4/4	2	1	1/8		1/8	1		-3	51		138
10	10	0	0	4/4	1	2	1/8		1/8	1		1	55		130
10	10	0	0	4/4	1	2	1/8		1/8	1		-2	58		130
10	10	0	0	4/4	1	2	1/8		1/8	1		-3	63		130
10	10	0	0	4/4	1	1	1/4		1/4	1		1	67		126
10	10	1/8	1/8	4/4	2	1	1/8		1/8	1		-3	39		139
10	10	1/8	1/8	4/4	2	1	1/8		1/8	1		-2	46		139
10	10	1/8	1/8	4/4	2	1	1/8		1/8	1		-3	51		139
10	10	1/8	1/8	4/4	1	2	1/8		1/8	1		1	55		131
10	10	1/8	1/8	4/4	1	2	1/8		1/8	1		-2	58		131
10	10	1/8	1/8	4/4	1	2	1/8		1/8	1		-3	63		131
10	10	1/4	1/4	4/4	2	1	1/8		1/8	1		-3	39		140
10	10	1/4	1/4	4/4	2	1	1/8		1/8	1		-2	46		140
10	10	1/4	1/4	4/4	2	1	1/8		1/8	1		-3	51		140
10	10	1/4	1/4	4/4	1	2	1/8		1/8	1		1	55		132
10	10	1/4	1/4	4/4	1	2	1/8		1/8	1		-2	58		132
10	10	1/4	1/4	4/4	1	2	1/8		1/8	1		-3	63		132
10	10	1/4	1/4	4/4	1	1	1/4		1/4	1		1	67		127
10	10	3/8	3/8	4/4	2	1	1/8		1/8	1		-3	39		141
10	10	3/8	3/8	4/4	2	1	1/8		1/8	1		-2	46		141
10	10	3/8	3/8	4/4	2	1	1/8		1/8	1		-3	51		141
10	10	3/8	3/8	4/4	1	2	1/8		1/8	1		1	55		133
10	10	3/8	3/8	4/4	1	2	1/8		1/8	1		-2	58		133
10	10	3/8	3/8	4/4	1	2	1/8		1/8	1		-3	63		133
10	10	1/2	1/2	4/4	2	1	1/8		1/8	1		-3	39		142
10	10	1/2	1/2	4/4	2	1	1/8		1/8	1		-2	46		142
10	10	1/2	1/2	4/4	2	1	1/8		1/8	1		-3	51		142
10	10	1/2	1/2	4/4	1	2	1/8		1/8	1		1	55		134
10	10	1/2	1/2	4/4	1	2	1/8		1/8	1		-2	58		134
10	10	1/2	1/2	4/4	1	2	1/8		1/8	1		-3	63		134
10	10	1/2	1/2	4/4	1	1	3/8		1/4	3/2		1	67		128
10	10	5/8	5/8	4/4	2	1	1/8		1/8	1		-3	39		143
10	10	5/8	5/8	4/4	2	1	1/8		1/8	1		-2	46		143
10	10	5/8	5/8	4/4	2	1	1/8		1/8	1		-3	51		143
10	10	5/8	5/8	4/4	1	2	1/8		1/8	1		1	55		135
10	10	5/8	5/8	4/4	1	2	1/8		1/8	1		-2	58		135
10	10	5/8	5/8	4/4	1	2	1/8		1/8	1		-3	63		135
10	10	3/4	3/4	4/4	2	1	1/8		1/8	1		-3	39		144
10	10	3/4	3/4	4/4	2	1	1/8		1/8	1		-2	46		144
10	10	3/4	3/4	4/4	2	1	1/8		1/8	1		-3	51		144
10	10	3/4	3/4	4/4	1	2	1/8		1/8	1		1	55		136
10	10	3/4	3/4	4/4	1	2	1/8		1/8	1		-2	58		136
10	10	3/4	3/4	4/4	1	2	1/8		1/8	1		-3	63		136
10	10	7/8	7/8	4/4	2	1	1/8		1/8	1		-3	39		145
10	10	7/8	7/8	4/4	2	1	1/8		1/8	1		-2	46		145
10	10	7/8	7/8	4/4	2	1	1/8		1/8	1		-3	51		145
10	10	7/8	7/8	4/4	1	2	1/8		1/8	1		1	55		137
10	10	7/8	7/8	4/4	1	2	1/8		1/8	1		-2	58		137
10	10	7/8	7/8	4/4	1	2	1/8		1/8	1		-3	63		137
10	10	7/8	7/8	4/4	1	1	1/8		1/8	1		-1	65		129
11	11	0	0	4/4	2	1	1/8		1/8	1		-3	39		160
11	11	0	0	4/4	2	1	1/8		1/8	1		-2	46		160
11	11	0	0	4/4	2	1	1/8		1/8	1		-3	51		160
11	11	0	0	4/4	1	2	1/8		1/8	1		1	55		152
11	11	0	0	4/4	1	1	1/8		1/8	1		-3	63		146
11	11	0	0	4/4	1	2	1/8		1/8	1		-3	63		152
11	11	1/8	1/8	4/4	2	1	1/8		1/8	1		-3	39		161
11	11	1/8	1/8	4/4	2	1	1/8		1/8	1		-2	46		161
11	11	1/8	1/8	4/4	2	1	1/8		1/8	1		-3	51		161
11	11	1/8	1/8	4/4	1	2	1/8		1/8	1		1	55		153
11	11	1/8	1/8	4/4	1	2	1/8		1/8	1		-3	63		153
11	11	1/8	1/8	4/4	1	1	1/8		1/8	1		-1	65		147
11	11	1/4	1/4	4/4	2	1	1/8		1/8	1		-3	39		162
11	11	1/4	1/4	4/4	2	1	1/8		1/8	1		-2	46		162
11	11	1/4	1/4	4/4	2	1	1/8		1/8	1		-3	51		162
11	11	1/4	1/4	4/4	1	2	1/8		1/8	1		1	55		154
11	11	1/4	1/4	4/4	1	2	1/8		1/8	1		-3	63		154
11	11	1/4	1/4	4/4	1	1	1/8		1/8	1		1	67		148
11	11	3/8	3/8	4/4	2	1	1/8		1/8	1		-3	39		163
11	11	3/8	3/8	4/4	2	1	1/8		1/8	1		-2	46		163
11	11	3/8	3/8	4/4	2	1	1/8		1/8	1		-3	51		163
11	11	3/8	3/8	4/4	1	2	1/8		1/8	1		1	55		155
11	11	3/8	3/8	4/4	1	2	1/8		1/8	1		-3	63		155
11	11	3/8	3/8	4/4	1	1	1/8		1/8	1		-4	68		149
11	11	1/2	1/2	4/4	2	1	1/8		1/8	1		-3	39		164
11	11	1/2	1/2	4/4	2	1	1/8		1/8	1		-2	46		164
11	11	1/2	1/2	4/4	2	1	1/8		1/8	1		-3	51		164
11	11	1/2	1/2	4/4	1	2	1/8		1/8	1		1	55		156
11	11	1/2	1/2	4/4	1	2	1/8		1/8	1		-3	63		156
11	11	1/2	1/2	4/4	1	1	1/4		1/4	1		3	69		150
11	11	5/8	5/8	4/4	2	1	1/8		1/8	1		-3	39		165
11	11	5/8	5/8	4/4	2	1	1/8		1/8	1		-2	46		165
11	11	5/8	5/8	4/4	2	1	1/8		1/8	1		-3	51		165
11	11	5/8	5/8	4/4	1	2	1/8		1/8	1		1	55		157
11	11	5/8	5/8	4/4	1	2	1/8		1/8	1		-3	63		157
11	11	3/4	3/4	4/4	2	1	1/8		1/8	1		-3	39		166
11	11	3/4	3/4	4/4	2	1	1/8		1/8	1		-2	46		166
11	11	3/4	3/4	4/4	2	1	1/8		1/8	1		-3	51		166
11	11	3/4	3/4	4/4	1	2	1/8		1/8	1		1	55		158
11	11	3/4	3/4	4/4	1	2	1/8		1/8	1		-3	63		158
11	11	3/4	3/4	4/4	1	1	1/8		1/8	1		-2	70		151
11	11	7/8	7/8	4/4	2	1	1/8		1/8	1		-3	39		167
11	11	7/8	7/8	4/4	2	1	1/8		1/8	1		-2	46		167
11	11	7/8	7/8	4/4	2	1	1/8		1/8	1		-3	51		167
11	11	7/8	7/8	4/4	1	2	1/8		1/8	1		1	55		159
11	11	7/8	7/8	4/4	1	2	1/8		1/8	1		-3	63		159
12	12	0	0	4/4	2	1	1/8		1/8	1		-1	41		180
12	12	0	0	4/4	2	1	1/8		1/8	1		-2	46		180
12	12	0	0	4/4	2	1	1/8		1/8	1		2	50		180
12	12	0	0	4/4	1	2	1/8		1/8	1		-4	56		172
12	12	0	0	4/4	1	2	1/8		1/8	1		2	62		172
12	12	0	0	4/4	1	1	1/4		1/4	1		-2	70		168
12	12	1/8	1/8	4/4	2	1	1/8		1/8	1		-1	41		181
12	12	1/8	1/8	4/4	2	1	1/8		1/8	1		-2	46		181
12	12	1/8	1/8	4/4	2	1	1/8		1/8	1		2	50		181
12	12	1/8	1/8	4/4	1	2	1/8		1/8	1		-4	56		173
12	12	1/8	1/8	4/4	1	2	1/8		1/8	1		2	62		173
12	12	1/4	1/4	4/4	2	1	1/8		1/8	1		-1	41		182
12	12	1/4	1/4	4/4	2	1	1/8		1/8	1		-2	46		182
12	12	1/4	1/4	4/4	2	1	1/8		1/8	1		2	50		182
12	12	1/4	1/4	4/4	1	2	1/8		1/8	1		-4	56		174
12	12	1/4	1/4	4/4	1	2	1/8		1/8	1		2	62		174
12	12	1/4	1/4	4/4	1	1	1/4		1/4	1		-2	70		169
12	12	3/8	3/8	4/4	2	1	1/8		1/8	1		-1	41		183
12	12	3/8	3/8	4/4	2	1	1/8		1/8	1		-2	46		183
12	12	3/8	3/8	4/4	2	1	1/8		1/8	1		2	50		183
12	12	3/8	3/8	4/4	1	2	1/8		1/8	1		-4	56		175
12	12	3/8	3/8	4/4	1	2	1/8		1/8	1		2	62		175
12	12	1/2	1/2	4/4	2	1	1/8		1/8	1		-1	41		184
12	12	1/2	1/2	4/4	2	1	1/8		1/8	1		-2	46		184
12	12	1/2	1/2	4/4	2	1	1/8		1/8	1		2	50		184
12	12	1/2	1/2	4/4	1	2	1/8		1/8	1		-4	56		176
12	12	1/2	1/2	4/4	1	2	1/8		1/8	1		2	62		176
12	12	1/2	1/2	4/4	1	1	3/8		1/4	3/2		-2	70		170
12	12	5/8	5/8	4/4	2	1	1/8		1/8	1		-1	41		185
12	12	5/8	5/8	4/4	2	1	1/8		1/8	1		-2	46		185
12	12	5/8	5/8	4/4	2	1	1/8		1/8	1		2	50		185
12	12	5/8	5/8	4/4	1	2	1/8		1/8	1		-4	56		177
12	12	5/8	5/8	4/4	1	2	1/8		1/8	1		2	62		177
12	12	3/4	3/4	4/4	2	1	1/8		1/8	1		-1	41		186
12	12	3/4	3/4	4/4	2	1	1/8		1/8	1		-2	46		186
12	12	3/4	3/4	4/4	2	1	1/8		1/8	1		2	50		186
12	12	3/4	3/4	4/4	1	2	1/8		1/8	1		-4	56		178
12	12	3/4	3/4	4/4	1	2	1/8		1/8	1		2	62		178
12	12	7/8	7/8	4/4	2	1	1/8		1/8	1		-1	41		187
12	12	7/8	7/8	4/4	2	1	1/8		1/8	1		-2	46		187
12	12	7/8	7/8	4/4	2	1	1/8		1/8	1		2	50		187
12	12	7/8	7/8	4/4	1	2	1/8		1/8	1		-4	56		179
12	12	7/8	7/8	4/4	1	2	1/8		1/8	1		2	62		179
12	12	7/8	7/8	4/4	1	1	1/8		1/8	1		-4	68		171
13	13	0	0	4/4	2	1	1/8		1/8	1		-2	34		203
13	13	0	0	4/4	2	1	1/8		1/8	1		-2	46		203
13	13	0	0	4/4	1	2	1/8		1/8	1		-4	56		195
13	13	0	0	4/4	1	2	1/8		1/8	1		2	62		195
13	13	0	0	4/4	1	1	1/8		1/8	1		1	67		188
13	13	1/8	1/8	4/4	2	1	1/8		1/8	1		-2	34		204
13	13	1/8	1/8	4/4	2	1	1/8		1/8	1		-2	46		204
13	13	1/8	1/8	4/4	1	2	1/8		1/8	1		-4	56		196
13	13	1/8	1/8	4/4	1	2	1/8		1/8	1		2	62		196
13	13	1/8	1/8	4/4	1	1	1/8		1/8	1		-1	65		189
13	13	1/4	1/4	4/4	2	1	1/8		1/8	1		-2	34		205
13	13	1/4	1/4	4/4	2	1	1/8		1/8	1		-2	46		205
13	13	1/4	1/4	4/4	1	2	1/8		1/8	1		-4	56		197
13	13	1/4	1/4	4/4	1	2	1/8		1/8	1		2	62		197
13	13	1/4	1/4	4/4	1	1	1/8		1/8	1		-4	68		190
13	13	3/8	3/8	4/4	2	1	1/8		1/8	1		-2	34		206
13	13	3/8	3/8	4/4	2	1	1/8		1/8	1		-2	46		206
13	13	3/8	3/8	4/4	1	2	1/8		1/8	1		-4	56		198
13	13	3/8	3/8	4/4	1	1	1/8		1/8	1		2	62		191
13	13	1/2	1/2	4/4	2	1	1/8		1/8	1		-3	39		207
13	13	1/2	1/2	4/4	2	1	1/8		1/8	1		-2	46		207
13	13	1/2	1/2	4/4	1	2	1/8		1/8	1		1	55		199
13	13	1/2	1/2	4/4	1	1	1/4		1/4	1		-1	65		192
13	13	5/8	5/8	4/4	2	1	1/8		1/8	1		-3	39		208
13	13	5/8	5/8	4/4	2	1	1/8		1/8	1		-2	46		208
13	13	5/8	5/8	4/4	1	2	1/8		1/8	1		1	55		200
13	13	3/4	3/4	4/4	2	1	1/8		1/8	1		-3	39		209
13	13	3/4	3/4	4/4	2	1	1/8		1/8	1		-2	46		209
13	13	3/4	3/4	4/4	1	2	1/8		1/8	1		1	55		201
13	13	3/4	3/4	4/4	1	1	1/8		1/8	1		-3	63		193
13	13	7/8	7/8	4/4	2	1	1/8		1/8	1		-3	39		210
13	13	7/8	7/8	4/4	2	1	1/8		1/8	1		-2	46		210
13	13	7/8	7/8	4/4	1	2	1/8		1/8	1		1	55		202
13	13	7/8	7/8	4/4	1	1	1/8		1/8	1		-2	58		194
14	14	0	0	4/4	2	1	1/8		1/8	1		-2	34		225
14	14	0	0	4/4	2	1	1/8		1/8	1		-2	46		225
14	14	0	0	4/4	1	2	1/8		1/8	1		-4	56		218
14	14	0	0	4/4	1	2	1/8		1/8	1		2	62		218
14	14	0	0	4/4	1	1	1/8		1/8	1		1	67		211
14	14	1/8	1/8	4/4	2	1	1/8		1/8	1		-2	34		226
14	14	1/8	1/8	4/4	2	1	1/8		1/8	1		-2	46		226
14	14	1/8	1/8	4/4	1	2	1/8		1/8	1		-4	56		219
14	14	1/8	1/8	4/4	1	2	1/8		1/8	1		2	62		219
14	14	1/8	1/8	4/4	1	1	1/8		1/8	1		-1	65		212
14	14	1/4	1/4	4/4	2	1	1/8		1/8	1		-2	34		227
14	14	1/4	1/4	4/4	2	1	1/8		1/8	1		-2	46		227
14	14	1/4	1/4	4/4	1	2	1/8		1/8	1		-4	56		220
14	14	1/4	1/4	4/4	1	2	1/8		1/8	1		2	62		220
14	14	1/4	1/4	4/4	1	1	1/8		1/8	1		-4	68		213
14	14	3/8	3/8	4/4	2	1	1/8		1/8	1		-2	34		228
14	14	3/8	3/8	4/4	2	1	1/8		1/8	1		-2	46		228
14	14	3/8	3/8	4/4	1	2	1/8		1/8	1		-4	56		221
14	14	3/8	3/8	4/4	1	1	1/8		1/8	1		2	62		214
14	14	1/2	1/2	4/4	2	1	1/8		1/8	1		-3	39		229
14	14	1/2	1/2	4/4	2	1	1/8		1/8	1		-2	46		229
14	14	1/2	1/2	4/4	1	2	1/8		1/8	1		1	55		222
14	14	1/2	1/2	4/4	1	1	1/4		1/4	1		-1	65		215
14	14	5/8	5/8	4/4	2	1	1/8		1/8	1		-3	39		230
14	14	5/8	5/8	4/4	2	1	1/8		1/8	1		-2	46		230
14	14	5/8	5/8	4/4	1	2	1/8		1/8	1		1	55		223
14	14	3/4	3/4	4/4	2	1	1/8		1/8	1		-3	39		231
14	14	3/4	3/4	4/4	2	1	1/8		1/8	1		-2	46		231
14	14	3/4	3/4	4/4	1	2	1/8		1/8	1		1	55		224
14	14	3/4	3/4	4/4	1	1	1/8		1/8	1		-3	63		216
14	14	7/8	7/8	4/4	1	1	1/8		1/8	1		1	67		217
15	15	0	0	4/4	2	1	1/4		1/4	1		0	48		236
15	15	0	0	4/4	2	1	1/4		1/4	1		4	52		236
15	15	0	0	4/4	2	1	1/4		1/4	1		1	55		236
15	15	0	0	4/4	2	1	1/4		1/4	1		0	60		236
15	15	0	0	4/4	1	1	1/4		1/4	1		4	64		232
15	15	0	0	4/4	1	1	1/4		1/4	1		1	67		232
15	15	0	0	4/4	1	1	1/4		1/4	1		0	72		232
15	15	0	0	4/4	1	1	1/4		1/4	1		4	76		232
15	15	1/4	1/4	4/4	2	1	1/4		1/4	1		0	48		237
15	15	1/4	1/4	4/4	2	1	1/4		1/4	1		4	52		237
15	15	1/4	1/4	4/4	2	1	1/4		1/4	1		1	55		237
15	15	1/4	1/4	4/4	2	1	1/4		1/4	1		0	60		237
15	15	1/4	1/4	4/4	1	1	1/4		1/4	1		4	64		233
15	15	1/4	1/4	4/4	1	1	1/4		1/4	1		1	67		233
15	15	1/4	1/4	4/4	1	1	1/4		1/4	1		0	72		233
15	15	1/4	1/4	4/4	1	1	1/4		1/4	1		4	76		233
15	15	1/2	1/2	4/4	2	1	3/8		1/4	3/2		0	48		238
15	15	1/2	1/2	4/4	2	1	3/8		1/4	3/2		4	52		238
15	15	1/2	1/2	4/4	2	1	3/8		1/4	3/2		1	55		238
15	15	1/2	1/2	4/4	2	1	3/8		1/4	3/2		0	60		238
15	15	1/2	1/2	4/4	1	1	3/8		1/4	3/2		4	64		234
15	15	1/2	1/2	4/4	1	1	3/8		1/4	3/2		1	67		234
15	15	1/2	1/2	4/4	1	1	3/8		1/4	3/2		0	72		234
15	15	1/2	1/2	4/4	1	1	3/8		1/4	3/2		4	76		234
15	15	7/8	7/8	4/4	2	1	1/8		1/8	1		0	60		239
15	15	7/8	7/8	4/4	1	1	1/8		1/8	1		4	64		235
15	15	7/8	7/8	4/4	1	1	1/8		1/8	1		0	72		235
16	16	0	0	4/4	2	1	1/8		1/8	1		5	59		245
16	16	0	0	4/4	2	1	1/8		1/8	1		0	60		245
16	16	0	0	4/4	1	1	1/8		1/8	1		-1	65		240
16	16	0	0	4/4	1	1	1/8		1/8	1		2	74		240
16	16	1/8	1/8	4/4	2	1	1/8		1/8	1		-2	58		246
16	16	1/8	1/8	4/4	2	1	1/8		1/8	1		0	60		246
16	16	1/8	1/8	4/4	1	1	1/8		1/8	1		1	67		241
16	16	1/8	1/8	4/4	1	1	1/8		1/8	1		0	72		241
16	16	1/8	1/8	4/4	1	1	1/8		1/8	1		4	76		241
16	16	1/4	1/4	4/4	2	1	1/8		1/8	1		-4	56		247
16	16	1/4	1/4	4/4	2	1	1/8		1/8	1		0	60		247
16	16	1/4	1/4	4/4	1	1	1/8		1/8	1		-4	68		242
16	16	1/4	1/4	4/4	1	1	1/8		1/8	1		0	72		242
16	16	1/4	1/4	4/4	1	1	1/8		1/8	1		-1	77		242
16	16	3/8	3/8	4/4	2	1	1/8		1/8	1		4	52		248
16	16	3/8	3/8	4/4	2	1	1/8		1/8	1		0	60		248
16	16	3/8	3/8	4/4	1	1	1/8		1/8	1		-2	70		243
16	16	3/8	3/8	4/4	1	1	1/8		1/8	1		0	72		243
16	16	3/8	3/8	4/4	1	1	1/8		1/8	1		1	79		243
16	16	1/2	1/2	4/4	2	1	3/8		1/4	3/2		-1	53		249
16	16	1/2	1/2	4/4	2	1	3/8		1/4	3/2		0	60		249
16	16	1/2	1/2	4/4	1	1	1/2		1/2	1		-4	68		244
16	16	1/2	1/2	4/4	1	1	1/2		1/2	1		0	72		244
16	16	1/2	1/2	4/4	1	1	1/2		1/2	1	1	-4	80		244
16	16	7/8	7/8	4/4	2	1	1/8		1/8	1		4	40		250
17	17	0	0	4/4	2	1	1/8		1/8	1		-1	41		265
17	17	0	0	4/4	1	2	1/8		1/8	1	-1	-4	80		252
17	17	1/8	1/8	4/4	2	1	1/8		1/8	1		1	43		266
17	17	1/8	1/8	4/4	1	2	1/16		1/16	1		-4	80		253
17	17	3/16	3/16	4/4	1	2	1/16		1/16	1		1	79		254
17	17	1/4	1/4	4/4	2	1	1/8		1/8	1		-4	44		267
17	17	1/4	1/4	4/4	1	2	1/16		1/16	1		-1	77		255
17	17	5/16	5/16	4/4	1	2	1/16		1/16	1		-3	75		256
17	17	3/8	3/8	4/4	2	1	1/8		1/8	1		3	45		268
17	17	3/8	3/8	4/4	1	2	1/16		1/16	1		2	74		257
17	17	7/16	7/16	4/4	1	2	1/16		1/16	1		0	72		258
17	17	1/2	1/2	4/4	2	1	1/2		1/2	1		-2	46		269
17	17	1/2	1/2	4/4	1	1	1/2		1/2	1	1	-2	70		251
17	17	5/8	5/8	4/4	1	2	1/16		1/16	1		-4	68		259
17	17	11/16	11/16	4/4	1	2	1/16		1/16	1		1	67		260
17	17	3/4	3/4	4/4	1	2	1/16		1/16	1		-1	65		261
17	17	13/16	13/16	4/4	1	2	1/16		1/16	1		-3	63		262
17	17	7/8	7/8	4/4	1	2	1/16		1/16	1		2	62		263
17	17	15/16	15/16	4/4	1	2	1/16		1/16	1		0	60		264
18	18	0	0	4/4	2	1	1/16		1/16	1		-2	46		279
18	18	0	0	4/4	2	2	1/4		1/4	1		-2	46		289
18	18	0	0	4/4	1	2	1/4		1/4	1		-2	58		276
18	18	0	0	4/4	1	1	1/8		1/8	1	-1	-2	70		270
18	18	1/16	1/16	4/4	2	1	1/16		1/16	1		0	48		280
18	18	1/8	1/8	4/4	2	1	1/16		1/16	1		2	50		281
18	18	1/8	1/8	4/4	1	1	1/8		1/8	1		3	69		271
18	18	3/16	3/16	4/4	2	1	1/16		1/16	1		-3	51		282
18	18	1/4	1/4	4/4	2	2	1/4		1/4	1		-2	46		290
18	18	1/4	1/4	4/4	2	1	1/16		1/16	1		-1	53		283
18	18	1/4	1/4	4/4	1	2	1/4		1/4	1		2	62		277
18	18	1/4	1/4	4/4	1	1	1/8		1/8	1		-4	68		272
18	18	5/16	5/16	4/4	2	1	1/16		1/16	1		1	55		284
18	18	3/8	3/8	4/4	2	1	1/16		1/16	1		-4	56		285
18	18	3/8	3/8	4/4	1	1	1/8		1/8	1		-1	65		273
18	18	7/16	7/16	4/4	2	1	1/16		1/16	1		-1	53		286
18	18	1/2	1/2	4/4	2	2	1/4		1/4	1		-3	51		291
18	18	1/2	1/2	4/4	2	1	1/4		1/4	1		1	55		287
18	18	1/2	1/2	4/4	1	1	1/4		1/4	1		-3	63		274
18	18	1/2	1/2	4/4	1	2	1/4		1/4	1		-3	63		278
18	18	3/4	3/4	4/4	2	1	1/8		1/8	1		-3	39		288
18	18	7/8	7/8	4/4	1	1	1/8		1/8	1		1	67		275
19	19	0	0	4/4	2	1	1/4		1/4	1		0	48		298
19	19	0	0	4/4	2	1	1/4		1/4	1		4	52		298
19	19	0	0	4/4	2	1	1/4		1/4	1		1	55		298
19	19	0	0	4/4	2	1	1/4		1/4	1		0	60		298
19	19	0	0	4/4	1	1	1/4		1/4	1		4	64		292
19	19	0	0	4/4	1	1	1/4		1/4	1		1	67		292
19	19	0	0	4/4	1	1	1/4		1/4	1		0	72		292
19	19	0	0	4/4	1	1	1/4		1/4	1		4	76		292
19	19	1/4	1/4	4/4	2	1	1/4		1/4	1		0	48		299
19	19	1/4	1/4	4/4	2	1	1/4		1/4	1		4	52		299
19	19	1/4	1/4	4/4	2	1	1/4		1/4	1		1	55		299
19	19	1/4	1/4	4/4	2	1	1/4		1/4	1		0	60		299
19	19	1/4	1/4	4/4	1	1	1/4		1/4	1		4	64		293
19	19	1/4	1/4	4/4	1	1	1/4		1/4	1		1	67		293
19	19	1/4	1/4	4/4	1	1	1/4		1/4	1		0	72		293
19	19	1/4	1/4	4/4	1	1	1/4		1/4	1		4	76		293
19	19	1/2	1/2	4/4	2	1	3/8		1/4	3/2		0	48		300
19	19	1/2	1/2	4/4	2	1	3/8		1/4	3/2		4	52		300
19	19	1/2	1/2	4/4	2	1	3/8		1/4	3/2		1	55		300
19	19	1/2	1/2	4/4	2	1	3/8		1/4	3/2		0	60		300
19	19	1/2	1/2	4/4	1	1	3/8		1/4	3/2		4	64		294
19	19	1/2	1/2	4/4	1	1	3/8		1/4	3/2		1	67		294
19	19	1/2	1/2	4/4	1	1	3/8		1/4	3/2		0	72		294
19	19	1/2	1/2	4/4	1	1	3/8		1/4	3/2		4	76		294
19	19	7/8	7/8	4/4	1	1	0	grace16after	1/16	1		0	72		295
19	19	7/8	7/8	4/4	1	1	0	grace16after	1/16	1		5	71		296
19	19	7/8	7/8	4/4	2	1	1/8		1/8	1		0	60		301
19	19	7/8	7/8	4/4	1	1	1/8		1/8	1		0	72		297
20	20	0	0	4/4	2	1	1/8		1/8	1		5	59		311
20	20	0	0	4/4	2	1	1/8		1/8	1		0	60		311
20	20	0	0	4/4	1	1	1/8		1/8	1		2	74		302
20	20	1/8	1/8	4/4	2	1	1/8		1/8	1		-2	58		312
20	20	1/8	1/8	4/4	2	1	1/8		1/8	1		0	60		312
20	20	1/8	1/8	4/4	1	1	1/8		1/8	1		4	76		303
20	20	1/4	1/4	4/4	1	1	0	grace16	1/16	1		2	74		304
20	20	1/4	1/4	4/4	1	1	0	grace16	1/16	1		4	76		305
20	20	1/4	1/4	4/4	2	1	1/8		1/8	1		-4	56		313
20	20	1/4	1/4	4/4	2	1	1/8		1/8	1		0	60		313
20	20	1/4	1/4	4/4	1	1	1/8		1/8	1		-1	77		306
20	20	3/8	3/8	4/4	2	1	1/8		1/8	1		4	52		314
20	20	3/8	3/8	4/4	2	1	1/8		1/8	1		0	60		314
20	20	3/8	3/8	4/4	1	1	1/8		1/8	1		1	79		307
20	20	1/2	1/2	4/4	1	1	0	grace16	1/16	1		-1	77		308
20	20	1/2	1/2	4/4	1	1	0	grace16	1/16	1		1	79		309
20	20	1/2	1/2	4/4	2	1	3/8		1/4	3/2		-1	53		315
20	20	1/2	1/2	4/4	2	1	3/8		1/4	3/2		0	60		315
20	20	1/2	1/2	4/4	1	1	1/2		1/2	1	1	-4	80		310
20	20	7/8	7/8	4/4	2	1	1/8		1/8	1		4	40		316
21	21	0	0	4/4	2	1	1/8		1/8	1		-1	41		331
21	21	0	0	4/4	1	2	1/8		1/8	1	-1	-4	80		318
21	21	1/8	1/8	4/4	2	1	1/8		1/8	1		1	43		332
21	21	1/8	1/8	4/4	1	2	1/16		1/16	1		-4	80		319
21	21	3/16	3/16	4/4	1	2	1/16		1/16	1		1	79		320
21	21	1/4	1/4	4/4	2	1	1/8		1/8	1		-4	44		333
21	21	1/4	1/4	4/4	1	2	1/16		1/16	1		-1	77		321
21	21	5/16	5/16	4/4	1	2	1/16		1/16	1		-3	75		322
21	21	3/8	3/8	4/4	2	1	1/8		1/8	1		3	45		334
21	21	3/8	3/8	4/4	1	2	1/16		1/16	1		2	74		323
21	21	7/16	7/16	4/4	1	2	1/16		1/16	1		0	72		324
21	21	1/2	1/2	4/4	2	1	1/2		1/2	1		-2	46		335
21	21	1/2	1/2	4/4	1	1	1/2		1/2	1	1	-2	70		317
21	21	5/8	5/8	4/4	1	2	1/16		1/16	1		-4	68		325
21	21	11/16	11/16	4/4	1	2	1/16		1/16	1		1	67		326
21	21	3/4	3/4	4/4	1	2	1/16		1/16	1		-1	65		327
21	21	13/16	13/16	4/4	1	2	1/16		1/16	1		-3	63		328
21	21	7/8	7/8	4/4	1	2	1/16		1/16	1		2	62		329
21	21	15/16	15/16	4/4	1	2	1/16		1/16	1		0	60		330
22	22	0	0	4/4	2	1	1/16		1/16	1		-2	46		345
22	22	0	0	4/4	2	2	1/4		1/4	1		-2	46		355
22	22	0	0	4/4	1	2	1/4		1/4	1		-2	58		342
22	22	0	0	4/4	1	1	1/8		1/8	1	-1	-2	70		336
22	22	1/16	1/16	4/4	2	1	1/16		1/16	1		0	48		346
22	22	1/8	1/8	4/4	2	1	1/16		1/16	1		2	50		347
22	22	1/8	1/8	4/4	1	1	1/8		1/8	1		3	69		337
22	22	3/16	3/16	4/4	2	1	1/16		1/16	1		-3	51		348
22	22	1/4	1/4	4/4	2	2	1/4		1/4	1		-2	46		356
22	22	1/4	1/4	4/4	2	1	1/16		1/16	1		-1	53		349
22	22	1/4	1/4	4/4	1	2	1/4		1/4	1		2	62		343
22	22	1/4	1/4	4/4	1	1	1/8		1/8	1		-4	68		338
22	22	5/16	5/16	4/4	2	1	1/16		1/16	1		1	55		350
22	22	3/8	3/8	4/4	2	1	1/16		1/16	1		-4	56		351
22	22	3/8	3/8	4/4	1	1	1/8		1/8	1		-1	65		339
22	22	7/16	7/16	4/4	2	1	1/16		1/16	1		-1	53		352
22	22	1/2	1/2	4/4	2	2	1/4		1/4	1		-3	51		357
22	22	1/2	1/2	4/4	2	1	1/4		1/4	1		1	55		353
22	22	1/2	1/2	4/4	1	1	1/4		1/4	1		-3	63		340
22	22	1/2	1/2	4/4	1	2	1/4		1/4	1		-3	63		344
22	22	3/4	3/4	4/4	2	1	1/8		1/8	1		-3	39		354
22	22	7/8	7/8	4/4	1	1	1/8		1/8	1		-2	58		341
23	23	0	0	4/4	1	1	1/4		1/4	1		-2	58		358
23	23	0	0	4/4	1	1	1/4		1/4	1		1	67		358
23	23	0	0	4/4	1	1	1/4		1/4	1		-2	70		358
23	23	1/4	1/4	4/4	1	1	1/4		1/4	1		-2	58		359
23	23	1/4	1/4	4/4	1	1	1/4		1/4	1		1	67		359
23	23	1/4	1/4	4/4	1	1	1/4		1/4	1		-2	70		359
23	23	1/2	1/2	4/4	1	1	1/2		1/2	1		-2	58		360
23	23	1/2	1/2	4/4	1	1	1/2		1/2	1		-3	63		360
23	23	1/2	1/2	4/4	1	1	1/2		1/2	1		1	67		360
23	23	9/16	9/16	4/4	2	1	1/16		1/16	1		-2	46		361
23	23	5/8	5/8	4/4	2	1	1/16		1/16	1		0	48		362
23	23	11/16	11/16	4/4	2	1	1/16		1/16	1		2	50		363
23	23	3/4	3/4	4/4	2	1	1/16		1/16	1		-3	51		364
23	23	13/16	13/16	4/4	2	1	1/16		1/16	1		-1	53		365
23	23	7/8	7/8	4/4	2	1	1/16		1/16	1		1	55		366
23	23	15/16	15/16	4/4	2	1	1/16		1/16	1		-3	51		367
24	24	0	0	4/4	2	1	1/8		1/8	1		-4	56		371
24	24	0	0	4/4	1	1	1/4		1/4	1		-2	58		368
24	24	0	0	4/4	1	1	1/4		1/4	1		2	62		368
24	24	0	0	4/4	1	1	1/4		1/4	1		-1	65		368
24	24	1/4	1/4	4/4	1	1	1/4		1/4	1		-2	58		369
24	24	1/4	1/4	4/4	1	1	1/4		1/4	1		2	62		369
24	24	1/4	1/4	4/4	1	1	1/4		1/4	1		-1	65		369
24	24	1/2	1/2	4/4	2	1	1/16		1/16	1		-4	56		372
24	24	1/2	1/2	4/4	1	1	1/2		1/2	1		-2	58		370
24	24	1/2	1/2	4/4	1	1	1/2		1/2	1		-1	65		370
24	24	1/2	1/2	4/4	1	1	1/2		1/2	1		-4	68		370
24	24	1/2	1/2	4/4	1	1	1/2		1/2	1		-2	70		370
24	24	9/16	9/16	4/4	2	1	1/16		1/16	1		1	55		373
24	24	5/8	5/8	4/4	2	1	1/16		1/16	1		-1	53		374
24	24	11/16	11/16	4/4	2	1	1/16		1/16	1		-3	51		375
24	24	3/4	3/4	4/4	2	1	1/16		1/16	1		2	50		376
24	24	13/16	13/16	4/4	2	1	1/16		1/16	1		0	48		377
24	24	7/8	7/8	4/4	2	1	1/16		1/16	1		-2	46		378
24	24	15/16	15/16	4/4	2	1	1/16		1/16	1		2	50		379
25	25	0	0	4/4	2	1	1/8		1/8	1		-3	51		383
25	25	0	0	4/4	1	1	1/4		1/4	1		-2	58		380
25	25	0	0	4/4	1	1	1/4		1/4	1		1	67		380
25	25	0	0	4/4	1	1	1/4		1/4	1		-2	70		380
25	25	1/4	1/4	4/4	1	1	1/4		1/4	1		-2	58		381
25	25	1/4	1/4	4/4	1	1	1/4		1/4	1		1	67		381
25	25	1/4	1/4	4/4	1	1	1/4		1/4	1		-2	70		381
25	25	1/2	1/2	4/4	1	1	1/2		1/2	1		-2	58		382
25	25	1/2	1/2	4/4	1	1	1/2		1/2	1		-3	63		382
25	25	1/2	1/2	4/4	1	1	1/2		1/2	1		1	67		382
25	25	9/16	9/16	4/4	2	1	1/16		1/16	1		-2	46		384
25	25	5/8	5/8	4/4	2	1	1/16		1/16	1		0	48		385
25	25	11/16	11/16	4/4	2	1	1/16		1/16	1		2	50		386
25	25	3/4	3/4	4/4	2	1	1/16		1/16	1		-3	51		387
25	25	13/16	13/16	4/4	2	1	1/16		1/16	1		-1	53		388
25	25	7/8	7/8	4/4	2	1	1/16		1/16	1		1	55		389
25	25	15/16	15/16	4/4	2	1	1/16		1/16	1		-3	51		390
26	26	0	0	4/4	2	1	1/16		1/16	1		-4	56		396
26	26	0	0	4/4	1	1	1/8		1/8	1		-2	58		391
26	26	0	0	4/4	1	1	1/8		1/8	1		2	62		391
26	26	0	0	4/4	1	1	1/8		1/8	1		-1	65		391
26	26	1/16	1/16	4/4	2	1	1/16		1/16	1		-1	53		397
26	26	1/8	1/8	4/4	2	1	1/16		1/16	1		2	50		398
26	26	1/8	1/8	4/4	1	1	1/4		1/4	1		-2	70		392
26	26	3/16	3/16	4/4	2	1	1/16		1/16	1		-2	46		399
26	26	1/4	1/4	4/4	2	1	1/16		1/16	1		-4	44		400
26	26	5/16	5/16	4/4	2	1	1/16		1/16	1		-1	41		401
26	26	3/8	3/8	4/4	2	1	1/16		1/16	1		2	38		402
26	26	3/8	3/8	4/4	1	1	1/8		1/8	1		-4	56		393
26	26	3/8	3/8	4/4	1	1	1/8		1/8	1		-2	70		393
26	26	7/16	7/16	4/4	2	1	1/16		1/16	1		-2	34		403
26	26	1/2	1/2	4/4	2	1	1/4		1/4	1		-3	39		404
26	26	1/2	1/2	4/4	1	1	1/4		1/4	1		1	55		394
26	26	1/2	1/2	4/4	1	1	1/4		1/4	1		-3	63		394
26	26	3/4	3/4	4/4	2	1	1/8		1/8	1		-3	51		405
26	26	7/8	7/8	4/4	1	1	1/8		1/8	1		-2	58		395
27	27	0	0	4/4	1	1	1/8		1/8	1		-2	58		406
27	27	0	0	4/4	1	1	1/8		1/8	1		1	67		406
27	27	0	0	4/4	1	1	1/8		1/8	1		-2	70		406
27	27	1/8	1/8	4/4	1	1	1/8		1/8	1		-2	58		407
27	27	1/8	1/8	4/4	1	1	1/8		1/8	1		1	67		407
27	27	1/8	1/8	4/4	1	1	1/8		1/8	1		-2	70		407
27	27	1/4	1/4	4/4	1	1	1/8		1/8	1		-2	58		408
27	27	1/4	1/4	4/4	1	1	1/8		1/8	1		1	67		408
27	27	1/4	1/4	4/4	1	1	1/8		1/8	1		-2	70		408
27	27	3/8	3/8	4/4	1	1	1/8		1/8	1		-2	58		409
27	27	3/8	3/8	4/4	1	1	1/8		1/8	1		1	67		409
27	27	3/8	3/8	4/4	1	1	1/8		1/8	1		-2	70		409
27	27	1/2	1/2	4/4	1	1	1/2		1/2	1		-2	58		410
27	27	1/2	1/2	4/4	1	1	1/2		1/2	1		-3	63		410
27	27	1/2	1/2	4/4	1	1	1/2		1/2	1		1	67		410
27	27	9/16	9/16	4/4	2	1	1/16		1/16	1		-2	46		411
27	27	5/8	5/8	4/4	2	1	1/16		1/16	1		0	48		412
27	27	11/16	11/16	4/4	2	1	1/16		1/16	1		2	50		413
27	27	3/4	3/4	4/4	2	1	1/16		1/16	1		-3	51		414
27	27	13/16	13/16	4/4	2	1	1/16		1/16	1		-1	53		415
27	27	7/8	7/8	4/4	2	1	1/16		1/16	1		1	55		416
27	27	15/16	15/16	4/4	2	1	1/16		1/16	1		-3	51		417
28	28	0	0	4/4	2	1	1/8		1/8	1		-4	56		423
28	28	0	0	4/4	1	1	1/8		1/8	1		-2	58		418
28	28	0	0	4/4	1	1	1/8		1/8	1		2	62		418
28	28	0	0	4/4	1	1	1/8		1/8	1		-1	65		418
28	28	1/8	1/8	4/4	1	1	1/8		1/8	1		-2	58		419
28	28	1/8	1/8	4/4	1	1	1/8		1/8	1		2	62		419
28	28	1/8	1/8	4/4	1	1	1/8		1/8	1		-1	65		419
28	28	1/4	1/4	4/4	1	1	1/8		1/8	1		-2	58		420
28	28	1/4	1/4	4/4	1	1	1/8		1/8	1		2	62		420
28	28	1/4	1/4	4/4	1	1	1/8		1/8	1		-1	65		420
28	28	3/8	3/8	4/4	1	1	1/8		1/8	1		-2	58		421
28	28	3/8	3/8	4/4	1	1	1/8		1/8	1		2	62		421
28	28	3/8	3/8	4/4	1	1	1/8		1/8	1		-1	65		421
28	28	1/2	1/2	4/4	2	1	1/16		1/16	1		-4	56		424
28	28	1/2	1/2	4/4	1	1	1/2		1/2	1		-2	58		422
28	28	1/2	1/2	4/4	1	1	1/2		1/2	1		-1	65		422
28	28	1/2	1/2	4/4	1	1	1/2		1/2	1		-4	68		422
28	28	1/2	1/2	4/4	1	1	1/2		1/2	1		-2	70		422
28	28	9/16	9/16	4/4	2	1	1/16		1/16	1		1	55		425
28	28	5/8	5/8	4/4	2	1	1/16		1/16	1		-1	53		426
28	28	11/16	11/16	4/4	2	1	1/16		1/16	1		-3	51		427
28	28	3/4	3/4	4/4	2	1	1/16		1/16	1		2	50		428
28	28	13/16	13/16	4/4	2	1	1/16		1/16	1		0	48		429
28	28	7/8	7/8	4/4	2	1	1/16		1/16	1		-2	46		430
28	28	15/16	15/16	4/4	2	1	1/16		1/16	1		2	50		431
29	29	0	0	4/4	2	1	1/8		1/8	1		-3	51		437
29	29	0	0	4/4	1	1	1/8		1/8	1		-2	58		432
29	29	0	0	4/4	1	1	1/8		1/8	1		1	67		432
29	29	0	0	4/4	1	1	1/8		1/8	1		-2	70		432
29	29	1/8	1/8	4/4	1	1	1/8		1/8	1		-2	58		433
29	29	1/8	1/8	4/4	1	1	1/8		1/8	1		1	67		433
29	29	1/8	1/8	4/4	1	1	1/8		1/8	1		-2	70		433
29	29	1/4	1/4	4/4	1	1	1/8		1/8	1		-2	58		434
29	29	1/4	1/4	4/4	1	1	1/8		1/8	1		1	67		434
29	29	1/4	1/4	4/4	1	1	1/8		1/8	1		-2	70		434
29	29	3/8	3/8	4/4	1	1	1/8		1/8	1		-2	58		435
29	29	3/8	3/8	4/4	1	1	1/8		1/8	1		1	67		435
29	29	3/8	3/8	4/4	1	1	1/8		1/8	1		-2	70		435
29	29	1/2	1/2	4/4	1	1	1/2		1/2	1		-2	58		436
29	29	1/2	1/2	4/4	1	1	1/2		1/2	1		-3	63		436
29	29	1/2	1/2	4/4	1	1	1/2		1/2	1		1	67		436
29	29	9/16	9/16	4/4	2	1	1/16		1/16	1		-2	46		438
29	29	5/8	5/8	4/4	2	1	1/16		1/16	1		0	48		439
29	29	11/16	11/16	4/4	2	1	1/16		1/16	1		2	50		440
29	29	3/4	3/4	4/4	2	1	1/16		1/16	1		-3	51		441
29	29	13/16	13/16	4/4	2	1	1/16		1/16	1		-1	53		442
29	29	7/8	7/8	4/4	2	1	1/16		1/16	1		1	55		443
29	29	15/16	15/16	4/4	2	1	1/16		1/16	1		-3	51		444
30	30	0	0	4/4	2	1	1/16		1/16	1		-4	56		449
30	30	0	0	4/4	1	1	1/8		1/8	1		-2	58		445
30	30	0	0	4/4	1	1	1/8		1/8	1		2	62		445
30	30	0	0	4/4	1	1	1/8		1/8	1		-1	65		445
30	30	1/16	1/16	4/4	2	1	1/16		1/16	1		-1	53		450
30	30	1/8	1/8	4/4	2	1	1/16		1/16	1		2	50		451
30	30	1/8	1/8	4/4	1	1	1/4		1/4	1		-2	70		446
30	30	3/16	3/16	4/4	2	1	1/16		1/16	1		-2	46		452
30	30	1/4	1/4	4/4	2	1	1/16		1/16	1		-4	44		453
30	30	5/16	5/16	4/4	2	1	1/16		1/16	1		-1	41		454
30	30	3/8	3/8	4/4	2	1	1/16		1/16	1		2	38		455
30	30	3/8	3/8	4/4	1	1	1/8		1/8	1		-4	56		447
30	30	3/8	3/8	4/4	1	1	1/8		1/8	1		-2	70		447
30	30	7/16	7/16	4/4	2	1	1/16		1/16	1		-2	34		456
30	30	1/2	1/2	4/4	2	1	1/4		1/4	1		-3	39		457
30	30	1/2	1/2	4/4	1	1	1/4		1/4	1		1	55		448
30	30	1/2	1/2	4/4	1	1	1/4		1/4	1		-3	63		448
30	30	3/4	3/4	4/4	2	1	1/8		1/8	1		-3	51		458
31	31	0	0	4/4	1	1	1/8		1/8	1		-1	65		459
31	31	0	0	4/4	1	1	1/8		1/8	1		-4	68		459
31	31	1/8	1/8	4/4	1	1	1/8		1/8	1		-1	65		460
31	31	1/8	1/8	4/4	1	1	1/8		1/8	1		-4	68		460
31	31	1/4	1/4	4/4	1	1	1/8		1/8	1		-1	65		461
31	31	1/4	1/4	4/4	1	1	1/8		1/8	1		-4	68		461
31	31	3/8	3/8	4/4	1	1	1/8		1/8	1		-1	65		462
31	31	3/8	3/8	4/4	1	1	1/8		1/8	1		-4	68		462
31	31	1/2	1/2	4/4	1	1	1/2		1/2	1		-1	65		463
31	31	1/2	1/2	4/4	1	1	1/2		1/2	1		-4	68		463
31	31	1/2	1/2	4/4	1	1	1/2		1/2	1		2	74		463
31	31	9/16	9/16	4/4	2	1	1/16		1/16	1		-2	34		464
31	31	5/8	5/8	4/4	2	1	1/16		1/16	1		-2	46		465
31	31	11/16	11/16	4/4	2	1	1/16		1/16	1		0	48		466
31	31	3/4	3/4	4/4	2	1	1/16		1/16	1		2	50		467
31	31	13/16	13/16	4/4	2	1	1/16		1/16	1		-3	51		468
31	31	7/8	7/8	4/4	2	1	1/16		1/16	1		-1	53		469
31	31	15/16	15/16	4/4	2	1	1/16		1/16	1		1	55		470
32	32	0	0	4/4	2	1	1/8		1/8	1		3	57		476
32	32	0	0	4/4	1	1	1/8		1/8	1		-1	65		471
32	32	0	0	4/4	1	1	1/8		1/8	1		2	74		471
32	32	1/8	1/8	4/4	2	1	3/8		1/4	3/2	1	-2	58		477
32	32	1/8	1/8	4/4	1	1	1/8		1/8	1		-1	65		472
32	32	1/8	1/8	4/4	1	1	1/8		1/8	1		2	74		472
32	32	1/4	1/4	4/4	1	1	1/8		1/8	1		-1	65		473
32	32	1/4	1/4	4/4	1	1	1/8		1/8	1		2	74		473
32	32	3/8	3/8	4/4	1	1	1/8		1/8	1		-1	65		474
32	32	3/8	3/8	4/4	1	1	1/8		1/8	1		2	74		474
32	32	1/2	1/2	4/4	2	1	1/16		1/16	1	-1	-2	58		478
32	32	1/2	1/2	4/4	1	1	1/2		1/2	1		-1	65		475
32	32	1/2	1/2	4/4	1	1	1/2		1/2	1		-4	68		475
32	32	1/2	1/2	4/4	1	1	1/2		1/2	1		2	74		475
32	32	1/2	1/2	4/4	1	1	1/2		1/2	1		-1	77		475
32	32	9/16	9/16	4/4	2	1	1/16		1/16	1		-2	34		479
32	32	5/8	5/8	4/4	2	1	1/16		1/16	1		-2	46		480
32	32	11/16	11/16	4/4	2	1	1/16		1/16	1		0	48		481
32	32	3/4	3/4	4/4	2	1	1/16		1/16	1		2	50		482
32	32	13/16	13/16	4/4	2	1	1/16		1/16	1		-3	51		483
32	32	7/8	7/8	4/4	2	1	1/16		1/16	1		-1	53		484
32	32	15/16	15/16	4/4	2	1	1/16		1/16	1		1	55		485
33	33	0	0	4/4	2	1	1/8		1/8	1		3	57		495
33	33	0	0	4/4	1	1	1/8		1/8	1		-1	65		486
33	33	0	0	4/4	1	1	1/8		1/8	1		2	74		486
33	33	0	0	4/4	1	1	1/8		1/8	1		-1	77		486
33	33	1/8	1/8	4/4	2	1	3/8		1/4	3/2	1	-2	58		496
33	33	1/8	1/8	4/4	1	1	1/8		1/8	1		-1	65		487
33	33	1/8	1/8	4/4	1	1	1/8		1/8	1		2	74		487
33	33	1/8	1/8	4/4	1	1	1/8		1/8	1		-1	77		487
33	33	1/4	1/4	4/4	1	1	1/8		1/8	1		-1	65		488
33	33	1/4	1/4	4/4	1	1	1/8		1/8	1		2	74		488
33	33	1/4	1/4	4/4	1	1	1/8		1/8	1		-1	77		488
33	33	3/8	3/8	4/4	1	1	1/8		1/8	1		-1	65		489
33	33	3/8	3/8	4/4	1	1	1/8		1/8	1		2	74		489
33	33	3/8	3/8	4/4	1	1	1/8		1/8	1		-1	77		489
33	33	1/2	1/2	4/4	2	1	1/8		1/8	1	-1	-2	58		497
33	33	1/2	1/2	4/4	1	2	1/4		1/4	1		2	74		492
33	33	1/2	1/2	4/4	1	2	1/4		1/4	1		-1	77		492
33	33	1/2	1/2	4/4	1	1	3/8		1/4	3/2		-4	80		490
33	33	5/8	5/8	4/4	2	1	1/8		1/8	1		5	59		498
33	33	3/4	3/4	4/4	2	1	1/8		1/8	1		0	60		499
33	33	3/4	3/4	4/4	1	2	1/8		1/8	1		-3	75		493
33	33	7/8	7/8	4/4	2	1	1/8		1/8	1		1	55		500
33	33	7/8	7/8	4/4	1	2	1/8		1/8	1		5	71		494
33	33	7/8	7/8	4/4	1	1	1/8		1/8	1		1	79		491
34	34	0	0	4/4	2	2	1/8		1/8	1		-4	56		517
34	34	0	0	4/4	1	2	1/8		1/8	1		0	72		507
34	34	0	0	4/4	1	1	1/8		1/8	1		1	79		501
34	34	1/8	1/8	4/4	2	2	1/8		1/8	1		3	57		518
34	34	1/8	1/8	4/4	1	2	1/8		1/8	1		0	72		508
34	34	1/8	1/8	4/4	1	1	1/8		1/8	1		-1	77		502
34	34	1/4	1/4	4/4	2	2	1/8		1/8	1		-2	58		519
34	34	1/4	1/4	4/4	2	1	1/4		1/4	1	1	-2	58		513
34	34	1/4	1/4	4/4	1	2	1/8		1/8	1		1	67		509
34	34	1/4	1/4	4/4	1	1	1/8		1/8	1		-3	75		503
34	34	3/8	3/8	4/4	2	2	1/8		1/8	1		-2	46		520
34	34	3/8	3/8	4/4	1	2	1/8		1/8	1		-1	65		510
34	34	3/8	3/8	4/4	1	2	1/8		1/8	1		-4	68		510
34	34	3/8	3/8	4/4	1	1	1/8		1/8	1		2	74		504
34	34	1/2	1/2	4/4	2	2	3/8		1/4	3/2		-3	51		521
34	34	1/2	1/2	4/4	2	1	1/8		1/8	1	-1	-2	58		514
34	34	1/2	1/2	4/4	1	2	1/4		1/4	1		-4	68		511
34	34	1/2	1/2	4/4	1	1	1/4		1/4	1		-1	77		505
34	34	5/8	5/8	4/4	2	1	1/8		1/8	1		2	62		515
34	34	3/4	3/4	4/4	2	1	1/8		1/8	1		-3	63		516
34	34	3/4	3/4	4/4	1	2	1/8		1/8	1		1	67		512
34	34	3/4	3/4	4/4	1	1	1/8		1/8	1		-3	75		506
35	35	0	0	4/4	1	1	1/16		1/16	1		1	67		522
35	35	1/16	1/16	4/4	1	1	1/16		1/16	1		-4	68		523
35	35	1/8	1/8	4/4	1	1	1/16		1/16	1		1	67		524
35	35	3/16	3/16	4/4	1	1	1/16		1/16	1		-4	68		525
35	35	1/4	1/4	4/4	1	1	1/16		1/16	1		1	67		526
35	35	5/16	5/16	4/4	1	1	1/16		1/16	1		-4	68		527
35	35	3/8	3/8	4/4	1	1	1/16		1/16	1		1	67		528
35	35	7/16	7/16	4/4	1	1	1/16		1/16	1		-4	68		529
35	35	1/2	1/2	4/4	1	1	1/2		1/2	1		-1	65		530
35	35	1/2	1/2	4/4	1	1	1/2		1/2	1		-4	68		530
35	35	1/2	1/2	4/4	1	1	1/2		1/2	1		2	74		530
35	35	9/16	9/16	4/4	2	1	1/16		1/16	1		-2	34		531
35	35	5/8	5/8	4/4	2	1	1/16		1/16	1		-2	46		532
35	35	11/16	11/16	4/4	2	1	1/16		1/16	1		0	48		533
35	35	3/4	3/4	4/4	2	1	1/16		1/16	1		2	50		534
35	35	13/16	13/16	4/4	2	1	1/16		1/16	1		-3	51		535
35	35	7/8	7/8	4/4	2	1	1/16		1/16	1		-1	53		536
35	35	15/16	15/16	4/4	2	1	1/16		1/16	1		1	55		537
36	36	0	0	4/4	2	1	1/8		1/8	1		3	57		547
36	36	0	0	4/4	1	1	1/16		1/16	1		7	73		538
36	36	1/16	1/16	4/4	1	1	1/16		1/16	1		2	74		539
36	36	1/8	1/8	4/4	2	1	3/8		1/4	3/2	1	-2	58		548
36	36	1/8	1/8	4/4	1	1	1/16		1/16	1		7	73		540
36	36	3/16	3/16	4/4	1	1	1/16		1/16	1		2	74		541
36	36	1/4	1/4	4/4	1	1	1/16		1/16	1		7	73		542
36	36	5/16	5/16	4/4	1	1	1/16		1/16	1		2	74		543
36	36	3/8	3/8	4/4	1	1	1/16		1/16	1		7	73		544
36	36	7/16	7/16	4/4	1	1	1/16		1/16	1		2	74		545
36	36	1/2	1/2	4/4	2	1	1/16		1/16	1	-1	-2	58		549
36	36	1/2	1/2	4/4	1	1	1/2		1/2	1		-1	65		546
36	36	1/2	1/2	4/4	1	1	1/2		1/2	1		-4	68		546
36	36	1/2	1/2	4/4	1	1	1/2		1/2	1	1	2	74		546
36	36	1/2	1/2	4/4	1	1	1/2		1/2	1	1	-1	77		546
36	36	9/16	9/16	4/4	2	1	1/16		1/16	1		-2	34		550
36	36	5/8	5/8	4/4	2	1	1/16		1/16	1		-2	46		551
36	36	11/16	11/16	4/4	2	1	1/16		1/16	1		0	48		552
36	36	3/4	3/4	4/4	2	1	1/16		1/16	1		2	50		553
36	36	13/16	13/16	4/4	2	1	1/16		1/16	1		-3	51		554
36	36	7/8	7/8	4/4	2	1	1/16		1/16	1		-1	53		555
36	36	15/16	15/16	4/4	2	1	1/16		1/16	1		1	55		556
37	37	0	0	4/4	2	1	1/8		1/8	1		3	57		570
37	37	0	0	4/4	1	2	1/16		1/16	1	-1	2	74		559
37	37	0	0	4/4	1	2	1/16		1/16	1	-1	-1	77		559
37	37	1/16	1/16	4/4	1	2	1/16		1/16	1		2	74		560
37	37	1/16	1/16	4/4	1	2	1/16		1/16	1		-1	77		560
37	37	1/8	1/8	4/4	2	1	3/8		1/4	3/2	1	-2	58		571
37	37	1/8	1/8	4/4	1	2	1/16		1/16	1		7	73		561
37	37	1/8	1/8	4/4	1	2	1/16		1/16	1		4	76		561
37	37	3/16	3/16	4/4	1	2	1/16		1/16	1		2	74		562
37	37	3/16	3/16	4/4	1	2	1/16		1/16	1		-1	77		562
37	37	1/4	1/4	4/4	1	2	1/16		1/16	1		7	73		563
37	37	1/4	1/4	4/4	1	2	1/16		1/16	1		4	76		563
37	37	5/16	5/16	4/4	1	2	1/16		1/16	1		2	74		564
37	37	5/16	5/16	4/4	1	2	1/16		1/16	1		-1	77		564
37	37	3/8	3/8	4/4	1	2	1/16		1/16	1		7	73		565
37	37	3/8	3/8	4/4	1	2	1/16		1/16	1		4	76		565
37	37	7/16	7/16	4/4	1	2	1/16		1/16	1		2	74		566
37	37	7/16	7/16	4/4	1	2	1/16		1/16	1		-1	77		566
37	37	1/2	1/2	4/4	2	1	1/8		1/8	1	-1	-2	58		572
37	37	1/2	1/2	4/4	1	2	1/4		1/4	1		2	74		567
37	37	1/2	1/2	4/4	1	2	1/4		1/4	1		-1	77		567
37	37	1/2	1/2	4/4	1	1	3/8		1/4	3/2		-4	80		557
37	37	5/8	5/8	4/4	2	1	1/8		1/8	1		5	59		573
37	37	3/4	3/4	4/4	2	1	1/8		1/8	1		0	60		574
37	37	3/4	3/4	4/4	1	2	1/8		1/8	1		-3	75		568
37	37	7/8	7/8	4/4	2	1	1/8		1/8	1		1	55		575
37	37	7/8	7/8	4/4	1	2	1/8		1/8	1		5	71		569
37	37	7/8	7/8	4/4	1	1	1/8		1/8	1		1	79		558
38	38	0	0	4/4	2	2	1/8		1/8	1		-4	56		592
38	38	0	0	4/4	1	2	1/8		1/8	1		0	72		582
38	38	0	0	4/4	1	1	1/8		1/8	1		1	79		576
38	38	1/8	1/8	4/4	2	2	1/8		1/8	1		3	57		593
38	38	1/8	1/8	4/4	1	2	1/8		1/8	1		0	72		583
38	38	1/8	1/8	4/4	1	1	1/8		1/8	1		-1	77		577
38	38	1/4	1/4	4/4	2	2	1/8		1/8	1		-2	58		594
38	38	1/4	1/4	4/4	2	1	1/4		1/4	1		-2	58		588
38	38	1/4	1/4	4/4	1	2	1/8		1/8	1		1	67		584
38	38	1/4	1/4	4/4	1	1	1/8		1/8	1		-3	75		578
38	38	3/8	3/8	4/4	2	2	1/8		1/8	1		-2	46		595
38	38	3/8	3/8	4/4	1	2	1/8		1/8	1		-1	65		585
38	38	3/8	3/8	4/4	1	2	1/8		1/8	1		-4	68		585
38	38	3/8	3/8	4/4	1	1	1/8		1/8	1		2	74		579
38	38	1/2	1/2	4/4	2	2	3/8		1/4	3/2		-3	51		596
38	38	1/2	1/2	4/4	2	1	1/8		1/8	1		-2	58		589
38	38	1/2	1/2	4/4	1	2	1/4		1/4	1		-4	68		586
38	38	1/2	1/2	4/4	1	1	1/4		1/4	1		-1	77		580
38	38	5/8	5/8	4/4	2	1	1/8		1/8	1		2	62		590
38	38	3/4	3/4	4/4	2	1	1/8		1/8	1		-3	63		591
38	38	3/4	3/4	4/4	1	2	1/8		1/8	1		1	67		587
38	38	3/4	3/4	4/4	1	1	1/8		1/8	1		-3	75		581
39	38	0	0	6/8	1	1	1/16		1/16	1		1	55		597
39	38	1/16	1/16	6/8	1	1	1/16		1/16	1		-1	53		598
40	39	0	0	6/8	2	1	1/4		1/4	1		0	36		611
40	39	0	0	6/8	2	1	1/4		1/4	1		4	40		611
40	39	0	0	6/8	2	1	1/4		1/4	1		1	43		611
40	39	0	0	6/8	2	1	1/4		1/4	1		0	48		611
40	39	0	0	6/8	1	1	1/16		1/16	1		4	52		599
40	39	1/16	1/16	6/8	1	1	1/16		1/16	1		1	55		600
40	39	1/8	1/8	6/8	1	1	1/16		1/16	1		0	60		601
40	39	3/16	3/16	6/8	1	1	1/16		1/16	1		1	55		602
40	39	1/4	1/4	6/8	1	1	1/16		1/16	1		4	64		603
40	39	5/16	5/16	6/8	1	1	1/16		1/16	1		0	60		604
40	39	3/8	3/8	6/8	1	1	1/16		1/16	1		1	67		605
40	39	7/16	7/16	6/8	1	1	1/16		1/16	1		4	64		606
40	39	1/2	1/2	6/8	1	1	1/16		1/16	1		0	72		607
40	39	9/16	9/16	6/8	1	1	1/16		1/16	1		1	67		608
40	39	5/8	5/8	6/8	1	1	1/16		1/16	1		4	76		609
40	39	11/16	11/16	6/8	1	1	1/16		1/16	1		0	72		610
41	40	0	0	6/8	2	1	1/8		1/8	1		0	60		618
41	40	0	0	6/8	2	1	1/8		1/8	1		4	64		618
41	40	0	0	6/8	2	1	1/8		1/8	1		1	67		618
41	40	0	0	6/8	1	1	1/8		1/8	1		1	79		612
41	40	1/8	1/8	6/8	2	1	1/8		1/8	1		0	60		619
41	40	1/8	1/8	6/8	2	1	1/8		1/8	1		4	64		619
41	40	1/8	1/8	6/8	2	1	1/8		1/8	1		1	67		619
41	40	1/8	1/8	6/8	1	1	1/8		1/8	1		4	76		613
41	40	1/4	1/4	6/8	2	1	1/8		1/8	1		0	60		620
41	40	1/4	1/4	6/8	2	1	1/8		1/8	1		4	64		620
41	40	1/4	1/4	6/8	2	1	1/8		1/8	1		1	67		620
41	40	1/4	1/4	6/8	1	1	1/8		1/8	1		0	72		614
41	40	3/8	3/8	6/8	2	1	1/4		1/4	1		2	62		621
41	40	3/8	3/8	6/8	2	1	1/4		1/4	1		-1	65		621
41	40	3/8	3/8	6/8	2	1	1/4		1/4	1		1	67		621
41	40	3/8	3/8	6/8	1	1	1/4		1/4	1		5	71		615
41	40	5/8	5/8	6/8	1	1	1/16		1/16	1		2	62		616
41	40	11/16	11/16	6/8	1	1	1/16		1/16	1		0	60		617
42	41	0	0	6/8	2	1	1/4		1/4	1		1	43		634
42	41	0	0	6/8	2	1	1/4		1/4	1		5	47		634
42	41	0	0	6/8	2	1	1/4		1/4	1		2	50		634
42	41	0	0	6/8	2	1	1/4		1/4	1		1	55		634
42	41	0	0	6/8	1	1	1/16		1/16	1		5	59		622
42	41	1/16	1/16	6/8	1	1	1/16		1/16	1		2	62		623
42	41	1/8	1/8	6/8	1	1	1/16		1/16	1		1	67		624
42	41	3/16	3/16	6/8	1	1	1/16		1/16	1		2	62		625
42	41	1/4	1/4	6/8	1	1	1/16		1/16	1		5	71		626
42	41	5/16	5/16	6/8	1	1	1/16		1/16	1		1	67		627
42	41	3/8	3/8	6/8	1	1	1/16		1/16	1		2	74		628
42	41	7/16	7/16	6/8	1	1	1/16		1/16	1		5	71		629
42	41	1/2	1/2	6/8	1	1	1/16		1/16	1		1	79		630
42	41	9/16	9/16	6/8	1	1	1/16		1/16	1		2	74		631
42	41	5/8	5/8	6/8	1	1	1/16		1/16	1		5	83		632
42	41	11/16	11/16	6/8	1	1	1/16		1/16	1		1	79		633
43	42	0	0	6/8	2	1	1/8		1/8	1		5	59		641
43	42	0	0	6/8	2	1	1/8		1/8	1		2	62		641
43	42	0	0	6/8	2	1	1/8		1/8	1		1	67		641
43	42	0	0	6/8	1	1	1/8		1/8	1		2	86		635
43	42	1/8	1/8	6/8	2	1	1/8		1/8	1		5	59		642
43	42	1/8	1/8	6/8	2	1	1/8		1/8	1		2	62		642
43	42	1/8	1/8	6/8	2	1	1/8		1/8	1		1	67		642
43	42	1/8	1/8	6/8	1	1	1/8		1/8	1		5	83		636
43	42	1/4	1/4	6/8	2	1	1/8		1/8	1		5	59		643
43	42	1/4	1/4	6/8	2	1	1/8		1/8	1		2	62		643
43	42	1/4	1/4	6/8	2	1	1/8		1/8	1		1	67		643
43	42	1/4	1/4	6/8	1	1	1/8		1/8	1		-1	77		637
43	42	3/8	3/8	6/8	2	1	1/4		1/4	1		0	60		644
43	42	3/8	3/8	6/8	2	1	1/4		1/4	1		4	64		644
43	42	3/8	3/8	6/8	2	1	1/4		1/4	1		1	67		644
43	42	3/8	3/8	6/8	1	1	1/4		1/4	1		4	76		638
43	42	5/8	5/8	6/8	1	1	1/16		1/16	1		1	79		639
43	42	11/16	11/16	6/8	1	1	1/16		1/16	1		-1	77		640
44	43	0	0	6/8	1	1	1/16		1/16	1		4	76		645
44	43	1/16	1/16	6/8	1	1	1/16		1/16	1		1	79		646
44	43	1/8	1/8	6/8	2	1	1/16		1/16	1		1	67		657
44	43	1/8	1/8	6/8	1	1	1/16		1/16	1		4	76		647
44	43	3/16	3/16	6/8	2	1	1/16		1/16	1		-1	65		658
44	43	3/16	3/16	6/8	1	1	1/16		1/16	1		2	74		648
44	43	1/4	1/4	6/8	2	1	1/16		1/16	1		4	64		659
44	43	1/4	1/4	6/8	1	1	1/16		1/16	1		0	72		649
44	43	5/16	5/16	6/8	2	1	1/16		1/16	1		1	67		660
44	43	5/16	5/16	6/8	1	1	1/16		1/16	1		4	76		650
44	43	3/8	3/8	6/8	2	1	1/16		1/16	1		4	64		661
44	43	3/8	3/8	6/8	1	1	1/16		1/16	1		0	72		651
44	43	7/16	7/16	6/8	2	1	1/16		1/16	1		2	62		662
44	43	7/16	7/16	6/8	1	1	1/16		1/16	1		5	71		652
44	43	1/2	1/2	6/8	2	1	1/16		1/16	1		0	60		663
44	43	1/2	1/2	6/8	1	1	1/16		1/16	1		3	69		653
44	43	9/16	9/16	6/8	2	1	1/16		1/16	1		4	64		664
44	43	9/16	9/16	6/8	1	1	1/16		1/16	1		0	72		654
44	43	5/8	5/8	6/8	2	1	1/16		1/16	1		0	60		665
44	43	5/8	5/8	6/8	1	1	1/16		1/16	1		3	69		655
44	43	11/16	11/16	6/8	2	1	1/16		1/16	1		5	59		666
44	43	11/16	11/16	6/8	1	1	1/16		1/16	1		1	67		656
45	44	0	0	6/8	2	1	1/16		1/16	1		3	57		679
45	44	0	0	6/8	1	1	1/16		1/16	1		-1	65		667
45	44	1/16	1/16	6/8	2	1	1/16		1/16	1		0	60		680
45	44	1/16	1/16	6/8	1	1	1/16		1/16	1		3	69		668
45	44	1/8	1/8	6/8	2	1	1/16		1/16	1		3	57		681
45	44	1/8	1/8	6/8	1	1	1/16		1/16	1		-1	65		669
45	44	3/16	3/16	6/8	2	1	1/16		1/16	1		1	55		682
45	44	3/16	3/16	6/8	1	1	1/16		1/16	1		4	64		670
45	44	1/4	1/4	6/8	2	1	1/16		1/16	1		-1	53		683
45	44	1/4	1/4	6/8	1	1	1/16		1/16	1		2	62		671
45	44	5/16	5/16	6/8	2	1	1/16		1/16	1		3	57		684
45	44	5/16	5/16	6/8	1	1	1/16		1/16	1		-1	65		672
45	44	3/8	3/8	6/8	2	1	1/16		1/16	1		-1	53		685
45	44	3/8	3/8	6/8	1	1	1/16		1/16	1		2	62		673
45	44	7/16	7/16	6/8	2	1	1/16		1/16	1		4	52		686
45	44	7/16	7/16	6/8	1	1	1/16		1/16	1		0	60		674
45	44	1/2	1/2	6/8	2	1	1/16		1/16	1		2	50		687
45	44	1/2	1/2	6/8	1	1	1/16		1/16	1		5	59		675
45	44	9/16	9/16	6/8	2	1	1/16		1/16	1		-1	53		688
45	44	9/16	9/16	6/8	1	1	1/16		1/16	1		2	62		676
45	44	5/8	5/8	6/8	2	1	1/16		1/16	1		2	50		689
45	44	5/8	5/8	6/8	1	1	1/16		1/16	1		5	59		677
45	44	11/16	11/16	6/8	2	1	1/16		1/16	1		0	48		690
45	44	11/16	11/16	6/8	1	1	1/16		1/16	1		3	57		678
46	45	0	0	6/8	2	2	1/8		1/8	1		5	47		703
46	45	0	0	6/8	2	1	1/16		1/16	1		8	56		691
46	45	1/16	1/16	6/8	2	1	1/16		1/16	1		5	59		692
46	45	1/8	1/8	6/8	2	1	1/16		1/16	1		8	56		693
46	45	3/16	3/16	6/8	2	2	1/16		1/16	1		4	40		704
46	45	3/16	3/16	6/8	2	1	1/16		1/16	1		-1	53		694
46	45	1/4	1/4	6/8	2	2	1/16		1/16	1		6	42		705
46	45	1/4	1/4	6/8	2	1	1/16		1/16	1		4	52		695
46	45	5/16	5/16	6/8	2	2	1/16		1/16	1		8	44		706
46	45	5/16	5/16	6/8	2	1	1/16		1/16	1		2	50		696
46	45	3/8	3/8	6/8	2	2	1/8		1/8	1		3	45		707
46	45	3/8	3/8	6/8	2	1	1/16		1/16	1		0	48		697
46	45	7/16	7/16	6/8	2	1	1/16		1/16	1		4	64		698
46	45	1/2	1/2	6/8	2	1	1/16		1/16	1		0	60		699
46	45	9/16	9/16	6/8	2	2	1/16		1/16	1		3	33		708
46	45	9/16	9/16	6/8	2	1	1/16		1/16	1		5	59		700
46	45	5/8	5/8	6/8	2	2	1/16		1/16	1		5	35		709
46	45	5/8	5/8	6/8	2	1	1/16		1/16	1		3	57		701
46	45	11/16	11/16	6/8	2	2	1/16		1/16	1		0	36		710
46	45	11/16	11/16	6/8	2	1	1/16		1/16	1		1	55		702
47	46	0	0	6/8	2	2	1/8		1/8	1		2	38		718
47	46	0	0	6/8	2	1	1/16		1/16	1		6	54		711
47	46	1/16	1/16	6/8	2	1	1/16		1/16	1		4	52		712
47	46	1/8	1/8	6/8	2	1	1/16		1/16	1		2	50		713
47	46	3/16	3/16	6/8	2	2	1/16		1/16	1		2	38		719
47	46	3/16	3/16	6/8	2	1	1/16		1/16	1		0	48		714
47	46	1/4	1/4	6/8	2	2	1/16		1/16	1		4	40		720
47	46	1/4	1/4	6/8	2	1	1/16		1/16	1		5	47		715
47	46	5/16	5/16	6/8	2	2	1/16		1/16	1		6	42		721
47	46	5/16	5/16	6/8	2	1	1/16		1/16	1		3	45		716
47	46	3/8	3/8	6/8	2	2	1/4		1/4	1		1	31		722
47	46	3/8	3/8	6/8	2	1	1/4		1/4	1		1	43		717
48	46	0	5/8	6/8	2	1	1/16		1/16	1		2	50		723
48	46	1/16	11/16	6/8	2	1	1/16		1/16	1		0	48		724
49	47	0	0	6/8	2	1	1/16		1/16	1		5	47		730
49	47	1/16	1/16	6/8	2	1	1/16		1/16	1		2	50		731
49	47	1/8	1/8	6/8	2	1	1/16		1/16	1		1	55		732
49	47	3/16	3/16	6/8	2	1	1/16		1/16	1		2	50		733
49	47	1/4	1/4	6/8	2	1	1/16		1/16	1		5	59		734
49	47	5/16	5/16	6/8	2	1	1/16		1/16	1		1	55		735
49	47	3/8	3/8	6/8	1	1	1/16		1/16	1		2	62		725
49	47	7/16	7/16	6/8	1	1	1/16		1/16	1		5	59		726
49	47	1/2	1/2	6/8	1	1	1/16		1/16	1		1	67		727
49	47	9/16	9/16	6/8	1	1	1/16		1/16	1		2	62		728
49	47	5/8	5/8	6/8	2	2	1/8		1/8	1		1	31		736
49	47	5/8	5/8	6/8	2	2	1/8		1/8	1		5	35		736
49	47	5/8	5/8	6/8	2	2	1/8		1/8	1		2	38		736
49	47	5/8	5/8	6/8	2	2	1/8		1/8	1		1	43		736
49	47	5/8	5/8	6/8	1	1	1/8		1/8	1		5	71		729
50	48	0	0	6/8	2	1	1/16		1/16	1		2	50		742
50	48	1/16	1/16	6/8	2	1	1/16		1/16	1		-1	53		743
50	48	1/8	1/8	6/8	2	1	1/16		1/16	1		5	59		744
50	48	3/16	3/16	6/8	2	1	1/16		1/16	1		-1	53		745
50	48	1/4	1/4	6/8	2	1	1/16		1/16	1		2	62		746
50	48	5/16	5/16	6/8	2	1	1/16		1/16	1		5	59		747
50	48	3/8	3/8	6/8	1	1	1/16		1/16	1		-1	65		737
50	48	7/16	7/16	6/8	1	1	1/16		1/16	1		2	62		738
50	48	1/2	1/2	6/8	1	1	1/16		1/16	1		5	71		739
50	48	9/16	9/16	6/8	1	1	1/16		1/16	1		-1	65		740
50	48	5/8	5/8	6/8	2	2	1/8		1/8	1		1	31		748
50	48	5/8	5/8	6/8	2	2	1/8		1/8	1		5	35		748
50	48	5/8	5/8	6/8	2	2	1/8		1/8	1		2	38		748
50	48	5/8	5/8	6/8	2	2	1/8		1/8	1		1	43		748
50	48	5/8	5/8	6/8	1	1	1/8		1/8	1		2	74		741
51	49	0	0	6/8	1	1	1/16		1/16	1		-1	53		749
51	49	1/16	1/16	6/8	1	1	1/16		1/16	1		5	59		750
51	49	1/8	1/8	6/8	1	1	1/16		1/16	1		2	62		751
51	49	3/16	3/16	6/8	1	1	1/16		1/16	1		5	59		752
51	49	1/4	1/4	6/8	1	1	1/16		1/16	1		-1	65		753
51	49	5/16	5/16	6/8	1	1	1/16		1/16	1		2	62		754
51	49	3/8	3/8	6/8	1	1	1/16		1/16	1		5	71		755
51	49	7/16	7/16	6/8	1	1	1/16		1/16	1		-1	65		756
51	49	1/2	1/2	6/8	1	1	1/16		1/16	1		2	74		757
51	49	9/16	9/16	6/8	1	1	1/16		1/16	1		5	71		758
51	49	5/8	5/8	6/8	2	1	1/8		1/8	1		1	43		760
51	49	5/8	5/8	6/8	2	1	1/8		1/8	1		5	47		760
51	49	5/8	5/8	6/8	2	1	1/8		1/8	1		2	50		760
51	49	5/8	5/8	6/8	2	1	1/8		1/8	1		1	55		760
51	49	5/8	5/8	6/8	1	1	1/8		1/8	1		-1	77		759
52	50	0	0	6/8	1	1	1/16		1/16	1		5	71		761
52	50	1/16	1/16	6/8	1	1	1/16		1/16	1		-1	65		762
52	50	1/8	1/8	6/8	1	1	1/16		1/16	1		2	74		763
52	50	3/16	3/16	6/8	1	1	1/16		1/16	1		5	71		764
52	50	1/4	1/4	6/8	2	1	1/8		1/8	1		1	43		771
52	50	1/4	1/4	6/8	2	1	1/8		1/8	1		5	47		771
52	50	1/4	1/4	6/8	2	1	1/8		1/8	1		2	50		771
52	50	1/4	1/4	6/8	2	1	1/8		1/8	1		1	55		771
52	50	1/4	1/4	6/8	1	1	1/8		1/8	1		-1	77		765
52	50	3/8	3/8	6/8	1	1	1/16		1/16	1		5	71		766
52	50	7/16	7/16	6/8	1	1	1/16		1/16	1		-1	65		767
52	50	1/2	1/2	6/8	1	1	1/16		1/16	1		2	74		768
52	50	9/16	9/16	6/8	1	1	1/16		1/16	1		5	71		769
52	50	5/8	5/8	6/8	2	1	1/8		1/8	1		1	43		772
52	50	5/8	5/8	6/8	2	1	1/8		1/8	1		5	47		772
52	50	5/8	5/8	6/8	2	1	1/8		1/8	1		2	50		772
52	50	5/8	5/8	6/8	2	1	1/8		1/8	1		1	55		772
52	50	5/8	5/8	6/8	1	1	1/8		1/8	1		-1	77		770
53	51	0	0	6/8	1	1	1/16		1/16	1		4	76		773
53	51	1/16	1/16	6/8	1	1	1/16		1/16	1		1	79		774
53	51	1/8	1/8	6/8	2	1	1/16		1/16	1		1	67		785
53	51	1/8	1/8	6/8	1	1	1/16		1/16	1		4	76		775
53	51	3/16	3/16	6/8	2	1	1/16		1/16	1		-1	65		786
53	51	3/16	3/16	6/8	1	1	1/16		1/16	1		2	74		776
53	51	1/4	1/4	6/8	2	1	1/16		1/16	1		4	64		787
53	51	1/4	1/4	6/8	1	1	1/16		1/16	1		0	72		777
53	51	5/16	5/16	6/8	2	1	1/16		1/16	1		1	67		788
53	51	5/16	5/16	6/8	1	1	1/16		1/16	1		4	76		778
53	51	3/8	3/8	6/8	2	1	1/16		1/16	1		4	64		789
53	51	3/8	3/8	6/8	1	1	1/16		1/16	1		0	72		779
53	51	7/16	7/16	6/8	2	1	1/16		1/16	1		2	62		790
53	51	7/16	7/16	6/8	1	1	1/16		1/16	1		5	71		780
53	51	1/2	1/2	6/8	2	1	1/16		1/16	1		0	60		791
53	51	1/2	1/2	6/8	1	1	1/16		1/16	1		3	69		781
53	51	9/16	9/16	6/8	2	1	1/16		1/16	1		4	64		792
53	51	9/16	9/16	6/8	1	1	1/16		1/16	1		0	72		782
53	51	5/8	5/8	6/8	2	1	1/16		1/16	1		0	60		793
53	51	5/8	5/8	6/8	1	1	1/16		1/16	1		3	69		783
53	51	11/16	11/16	6/8	2	1	1/16		1/16	1		5	59		794
53	51	11/16	11/16	6/8	1	1	1/16		1/16	1		1	67		784
54	52	0	0	6/8	2	1	1/16		1/16	1		3	57		807
54	52	0	0	6/8	1	1	1/16		1/16	1		-1	65		795
54	52	1/16	1/16	6/8	2	1	1/16		1/16	1		0	60		808
54	52	1/16	1/16	6/8	1	1	1/16		1/16	1		3	69		796
54	52	1/8	1/8	6/8	2	1	1/16		1/16	1		3	57		809
54	52	1/8	1/8	6/8	1	1	1/16		1/16	1		-1	65		797
54	52	3/16	3/16	6/8	2	1	1/16		1/16	1		1	55		810
54	52	3/16	3/16	6/8	1	1	1/16		1/16	1		4	64		798
54	52	1/4	1/4	6/8	2	1	1/16		1/16	1		-1	53		811
54	52	1/4	1/4	6/8	1	1	1/16		1/16	1		2	62		799
54	52	5/16	5/16	6/8	2	1	1/16		1/16	1		3	57		812
54	52	5/16	5/16	6/8	1	1	1/16		1/16	1		-1	65		800
54	52	3/8	3/8	6/8	2	1	1/16		1/16	1		-1	53		813
54	52	3/8	3/8	6/8	1	1	1/16		1/16	1		2	62		801
54	52	7/16	7/16	6/8	2	1	1/16		1/16	1		4	52		814
54	52	7/16	7/16	6/8	1	1	1/16		1/16	1		0	60		802
54	52	1/2	1/2	6/8	2	1	1/16		1/16	1		2	50		815
54	52	1/2	1/2	6/8	1	1	1/16		1/16	1		5	59		803
54	52	9/16	9/16	6/8	2	1	1/16		1/16	1		0	48		816
54	52	9/16	9/16	6/8	1	1	1/16		1/16	1		3	57		804
54	52	5/8	5/8	6/8	2	1	1/16		1/16	1		5	47		817
54	52	5/8	5/8	6/8	1	1	1/16		1/16	1		1	55		805
54	52	11/16	11/16	6/8	2	1	1/16		1/16	1		2	50		818
54	52	11/16	11/16	6/8	1	1	1/16		1/16	1		-1	53		806
55	53	0	0	6/8	2	1	1/8		1/8	1		0	48		831
55	53	0	0	6/8	1	1	1/16		1/16	1		4	52		819
55	53	1/16	1/16	6/8	1	1	1/16		1/16	1		1	67		820
55	53	1/8	1/8	6/8	1	1	1/16		1/16	1		4	64		821
55	53	3/16	3/16	6/8	2	1	1/16		1/16	1		0	36		832
55	53	3/16	3/16	6/8	1	1	1/16		1/16	1		2	62		822
55	53	1/4	1/4	6/8	2	1	1/16		1/16	1		2	38		833
55	53	1/4	1/4	6/8	1	1	1/16		1/16	1		0	60		823
55	53	5/16	5/16	6/8	2	1	1/16		1/16	1		4	40		834
55	53	5/16	5/16	6/8	1	1	1/16		1/16	1		-2	58		824
55	53	3/8	3/8	6/8	2	1	1/8		1/8	1		-1	41		835
55	53	3/8	3/8	6/8	1	1	1/16		1/16	1		3	57		825
55	53	7/16	7/16	6/8	1	1	1/16		1/16	1		3	69		826
55	53	1/2	1/2	6/8	1	1	1/16		1/16	1		-1	65		827
55	53	9/16	9/16	6/8	2	1	1/16		1/16	1		2	38		836
55	53	9/16	9/16	6/8	1	1	1/16		1/16	1		4	64		828
55	53	5/8	5/8	6/8	2	1	1/16		1/16	1		4	40		837
55	53	5/8	5/8	6/8	1	1	1/16		1/16	1		2	62		829
55	53	11/16	11/16	6/8	2	1	1/16		1/16	1		-1	41		838
55	53	11/16	11/16	6/8	1	1	1/16		1/16	1		0	60		830
56	54	0	0	6/8	2	2	1/8		1/8	1		1	43		848
56	54	0	0	6/8	2	1	1/16		1/16	1		5	59		839
56	54	1/16	1/16	6/8	2	1	1/16		1/16	1		3	57		840
56	54	1/8	1/8	6/8	2	1	1/16		1/16	1		1	55		841
56	54	3/16	3/16	6/8	2	2	1/16		1/16	1		1	31		849
56	54	3/16	3/16	6/8	2	1	1/16		1/16	1		-1	53		842
56	54	1/4	1/4	6/8	2	2	1/16		1/16	1		3	33		850
56	54	1/4	1/4	6/8	2	1	1/16		1/16	1		4	52		843
56	54	5/16	5/16	6/8	2	2	1/16		1/16	1		5	35		851
56	54	5/16	5/16	6/8	2	1	1/16		1/16	1		2	50		844
56	54	3/8	3/8	6/8	2	2	1/4		1/4	1		0	36		852
56	54	3/8	3/8	6/8	2	1	1/4		1/4	1		0	48		845
56	54	5/8	5/8	6/8	2	1	1/16		1/16	1		2	50		846
56	54	11/16	11/16	6/8	2	1	1/16		1/16	1		0	48		847
57	55	0	0	6/8	2	1	1/16		1/16	1		5	47		858
57	55	1/16	1/16	6/8	2	1	1/16		1/16	1		2	50		859
57	55	1/8	1/8	6/8	2	1	1/16		1/16	1		1	55		860
57	55	3/16	3/16	6/8	2	1	1/16		1/16	1		2	50		861
57	55	1/4	1/4	6/8	2	1	1/16		1/16	1		5	59		862
57	55	5/16	5/16	6/8	2	1	1/16		1/16	1		1	55		863
57	55	3/8	3/8	6/8	1	1	1/16		1/16	1		2	62		853
57	55	7/16	7/16	6/8	1	1	1/16		1/16	1		5	59		854
57	55	1/2	1/2	6/8	1	1	1/16		1/16	1		1	67		855
57	55	9/16	9/16	6/8	1	1	1/16		1/16	1		2	62		856
57	55	5/8	5/8	6/8	2	2	1/8		1/8	1		1	31		864
57	55	5/8	5/8	6/8	2	2	1/8		1/8	1		5	35		864
57	55	5/8	5/8	6/8	2	2	1/8		1/8	1		2	38		864
57	55	5/8	5/8	6/8	2	2	1/8		1/8	1		1	43		864
57	55	5/8	5/8	6/8	1	1	1/8		1/8	1		5	71		857
58	56	0	0	6/8	2	1	1/16		1/16	1		2	50		870
58	56	1/16	1/16	6/8	2	1	1/16		1/16	1		-1	53		871
58	56	1/8	1/8	6/8	2	1	1/16		1/16	1		5	59		872
58	56	3/16	3/16	6/8	2	1	1/16		1/16	1		-1	53		873
58	56	1/4	1/4	6/8	2	1	1/16		1/16	1		2	62		874
58	56	5/16	5/16	6/8	2	1	1/16		1/16	1		5	59		875
58	56	3/8	3/8	6/8	1	1	1/16		1/16	1		-1	65		865
58	56	7/16	7/16	6/8	1	1	1/16		1/16	1		2	62		866
58	56	1/2	1/2	6/8	1	1	1/16		1/16	1		5	71		867
58	56	9/16	9/16	6/8	1	1	1/16		1/16	1		-1	65		868
58	56	5/8	5/8	6/8	2	2	1/8		1/8	1		1	31		876
58	56	5/8	5/8	6/8	2	2	1/8		1/8	1		5	35		876
58	56	5/8	5/8	6/8	2	2	1/8		1/8	1		2	38		876
58	56	5/8	5/8	6/8	2	2	1/8		1/8	1		1	43		876
58	56	5/8	5/8	6/8	1	1	1/8		1/8	1		2	74		869
59	57	0	0	6/8	1	1	1/16		1/16	1		-1	53		877
59	57	1/16	1/16	6/8	1	1	1/16		1/16	1		5	59		878
59	57	1/8	1/8	6/8	1	1	1/16		1/16	1		2	62		879
59	57	3/16	3/16	6/8	1	1	1/16		1/16	1		5	59		880
59	57	1/4	1/4	6/8	1	1	1/16		1/16	1		-1	65		881
59	57	5/16	5/16	6/8	1	1	1/16		1/16	1		2	62		882
59	57	3/8	3/8	6/8	1	1	1/16		1/16	1		5	71		883
59	57	7/16	7/16	6/8	1	1	1/16		1/16	1		-1	65		884
59	57	1/2	1/2	6/8	1	1	1/16		1/16	1		2	74		885
59	57	9/16	9/16	6/8	1	1	1/16		1/16	1		5	71		886
59	57	5/8	5/8	6/8	2	1	1/8		1/8	1		1	43		888
59	57	5/8	5/8	6/8	2	1	1/8		1/8	1		5	47		888
59	57	5/8	5/8	6/8	2	1	1/8		1/8	1		2	50		888
59	57	5/8	5/8	6/8	2	1	1/8		1/8	1		1	55		888
59	57	5/8	5/8	6/8	1	1	1/8		1/8	1		-1	77		887
60	58	0	0	6/8	1	1	1/16		1/16	1		5	71		889
60	58	1/16	1/16	6/8	1	1	1/16		1/16	1		-1	65		890
60	58	1/8	1/8	6/8	1	1	1/16		1/16	1		2	74		891
60	58	3/16	3/16	6/8	1	1	1/16		1/16	1		5	71		892
60	58	1/4	1/4	6/8	2	1	1/8		1/8	1		1	43		899
60	58	1/4	1/4	6/8	2	1	1/8		1/8	1		5	47		899
60	58	1/4	1/4	6/8	2	1	1/8		1/8	1		2	50		899
60	58	1/4	1/4	6/8	2	1	1/8		1/8	1		1	55		899
60	58	1/4	1/4	6/8	1	1	1/8		1/8	1		-1	77		893
60	58	3/8	3/8	6/8	1	1	1/16		1/16	1		5	71		894
60	58	7/16	7/16	6/8	1	1	1/16		1/16	1		-1	65		895
60	58	1/2	1/2	6/8	1	1	1/16		1/16	1		2	74		896
60	58	9/16	9/16	6/8	1	1	1/16		1/16	1		5	71		897
60	58	5/8	5/8	6/8	2	1	1/8		1/8	1		1	43		900
60	58	5/8	5/8	6/8	2	1	1/8		1/8	1		5	47		900
60	58	5/8	5/8	6/8	2	1	1/8		1/8	1		2	50		900
60	58	5/8	5/8	6/8	2	1	1/8		1/8	1		1	55		900
60	58	5/8	5/8	6/8	1	1	1/8		1/8	1		-1	77		898
61	59	0	0	6/8	1	1	1/16		1/16	1		-3	75		901
61	59	1/16	1/16	6/8	1	1	1/16		1/16	1		1	79		902
61	59	1/8	1/8	6/8	2	1	1/16		1/16	1		1	67		913
61	59	1/8	1/8	6/8	1	1	1/16		1/16	1		-3	75		903
61	59	3/16	3/16	6/8	2	1	1/16		1/16	1		-1	65		914
61	59	3/16	3/16	6/8	1	1	1/16		1/16	1		2	74		904
61	59	1/4	1/4	6/8	2	1	1/16		1/16	1		-3	63		915
61	59	1/4	1/4	6/8	1	1	1/16		1/16	1		0	72		905
61	59	5/16	5/16	6/8	2	1	1/16		1/16	1		1	67		916
61	59	5/16	5/16	6/8	1	1	1/16		1/16	1		-3	75		906
61	59	3/8	3/8	6/8	2	1	1/16		1/16	1		-3	63		917
61	59	3/8	3/8	6/8	1	1	1/16		1/16	1		0	72		907
61	59	7/16	7/16	6/8	2	1	1/16		1/16	1		2	62		918
61	59	7/16	7/16	6/8	1	1	1/16		1/16	1		-2	70		908
61	59	1/2	1/2	6/8	2	1	1/16		1/16	1		0	60		919
61	59	1/2	1/2	6/8	1	1	1/16		1/16	1		-4	68		909
61	59	9/16	9/16	6/8	2	1	1/16		1/16	1		-3	63		920
61	59	9/16	9/16	6/8	1	1	1/16		1/16	1		0	72		910
61	59	5/8	5/8	6/8	2	1	1/16		1/16	1		0	60		921
61	59	5/8	5/8	6/8	1	1	1/16		1/16	1		-4	68		911
61	59	11/16	11/16	6/8	2	1	1/16		1/16	1		-2	58		922
61	59	11/16	11/16	6/8	1	1	1/16		1/16	1		1	67		912
62	60	0	0	6/8	2	1	1/16		1/16	1		-4	56		935
62	60	0	0	6/8	1	1	1/16		1/16	1		-1	65		923
62	60	1/16	1/16	6/8	2	1	1/16		1/16	1		0	60		936
62	60	1/16	1/16	6/8	1	1	1/16		1/16	1		-4	68		924
62	60	1/8	1/8	6/8	2	1	1/16		1/16	1		-4	56		937
62	60	1/8	1/8	6/8	1	1	1/16		1/16	1		-1	65		925
62	60	3/16	3/16	6/8	2	1	1/16		1/16	1		1	55		938
62	60	3/16	3/16	6/8	1	1	1/16		1/16	1		-3	63		926
62	60	1/4	1/4	6/8	2	1	1/16		1/16	1		-1	53		939
62	60	1/4	1/4	6/8	1	1	1/16		1/16	1		2	62		927
62	60	5/16	5/16	6/8	2	1	1/16		1/16	1		-4	56		940
62	60	5/16	5/16	6/8	1	1	1/16		1/16	1		-1	65		928
62	60	3/8	3/8	6/8	2	1	1/16		1/16	1		-1	53		941
62	60	3/8	3/8	6/8	1	1	1/16		1/16	1		2	62		929
62	60	7/16	7/16	6/8	2	1	1/16		1/16	1		-3	51		942
62	60	7/16	7/16	6/8	1	1	1/16		1/16	1		0	60		930
62	60	1/2	1/2	6/8	2	1	1/16		1/16	1		2	50		943
62	60	1/2	1/2	6/8	1	1	1/16		1/16	1		-2	58		931
62	60	9/16	9/16	6/8	2	1	1/16		1/16	1		-1	53		944
62	60	9/16	9/16	6/8	1	1	1/16		1/16	1		-4	68		932
62	60	5/8	5/8	6/8	2	1	1/16		1/16	1		2	50		945
62	60	5/8	5/8	6/8	1	1	1/16		1/16	1		-1	65		933
62	60	11/16	11/16	6/8	2	1	1/16		1/16	1		0	48		946
62	60	11/16	11/16	6/8	1	1	1/16		1/16	1		-3	63		934
63	61	0	0	6/8	2	1	1/16		1/16	1		-2	46		959
63	61	0	0	6/8	1	1	1/16		1/16	1		2	62		947
63	61	1/16	1/16	6/8	2	1	1/16		1/16	1		-4	56		960
63	61	1/16	1/16	6/8	1	1	1/16		1/16	1		-1	65		948
63	61	1/8	1/8	6/8	2	1	1/16		1/16	1		-1	53		961
63	61	1/8	1/8	6/8	1	1	1/16		1/16	1		2	62		949
63	61	3/16	3/16	6/8	2	1	1/16		1/16	1		-3	51		962
63	61	3/16	3/16	6/8	1	1	1/16		1/16	1		0	60		950
63	61	1/4	1/4	6/8	2	1	1/16		1/16	1		2	50		963
63	61	1/4	1/4	6/8	1	1	1/16		1/16	1		-2	58		951
63	61	5/16	5/16	6/8	2	1	1/16		1/16	1		-1	53		964
63	61	5/16	5/16	6/8	1	1	1/16		1/16	1		-4	68		952
63	61	3/8	3/8	6/8	2	1	1/16		1/16	1		2	50		965
63	61	3/8	3/8	6/8	1	1	1/16		1/16	1		-1	65		953
63	61	7/16	7/16	6/8	2	1	1/16		1/16	1		0	48		966
63	61	7/16	7/16	6/8	1	1	1/16		1/16	1		-3	63		954
63	61	1/2	1/2	6/8	2	1	1/16		1/16	1		-2	46		967
63	61	1/2	1/2	6/8	1	1	1/16		1/16	1		2	62		955
63	61	9/16	9/16	6/8	2	1	1/16		1/16	1		-1	53		968
63	61	9/16	9/16	6/8	1	1	1/16		1/16	1		-4	68		956
63	61	5/8	5/8	6/8	2	1	1/16		1/16	1		2	50		969
63	61	5/8	5/8	6/8	1	1	1/16		1/16	1		-1	65		957
63	61	11/16	11/16	6/8	2	1	1/16		1/16	1		0	48		970
63	61	11/16	11/16	6/8	1	1	1/16		1/16	1		-3	63		958
64	62	0	0	6/8	2	1	1/16		1/16	1		-2	46		983
64	62	0	0	6/8	1	1	1/16		1/16	1		2	62		971
64	62	1/16	1/16	6/8	2	1	1/16		1/16	1		-1	53		984
64	62	1/16	1/16	6/8	1	1	1/16		1/16	1		-4	68		972
64	62	1/8	1/8	6/8	2	1	1/16		1/16	1		2	50		985
64	62	1/8	1/8	6/8	1	1	1/16		1/16	1		-1	65		973
64	62	3/16	3/16	6/8	2	1	1/16		1/16	1		0	48		986
64	62	3/16	3/16	6/8	1	1	1/16		1/16	1		-3	63		974
64	62	1/4	1/4	6/8	2	1	1/16		1/16	1		-2	46		987
64	62	1/4	1/4	6/8	1	1	1/16		1/16	1		2	62		975
64	62	5/16	5/16	6/8	2	1	1/16		1/16	1		-1	53		988
64	62	5/16	5/16	6/8	1	1	1/16		1/16	1		-4	68		976
64	62	3/8	3/8	6/8	2	1	1/16		1/16	1		2	50		989
64	62	3/8	3/8	6/8	1	1	1/16		1/16	1		-1	65		977
64	62	7/16	7/16	6/8	2	1	1/16		1/16	1		0	48		990
64	62	7/16	7/16	6/8	1	1	1/16		1/16	1		-3	63		978
64	62	1/2	1/2	6/8	2	1	1/16		1/16	1		-2	46		991
64	62	1/2	1/2	6/8	1	1	1/16		1/16	1		2	62		979
64	62	9/16	9/16	6/8	2	1	1/16		1/16	1		-1	53		992
64	62	9/16	9/16	6/8	1	1	1/16		1/16	1		-4	68		980
64	62	5/8	5/8	6/8	2	1	1/16		1/16	1		2	50		993
64	62	5/8	5/8	6/8	1	1	1/16		1/16	1		-1	65		981
64	62	11/16	11/16	6/8	2	1	1/16		1/16	1		0	48		994
64	62	11/16	11/16	6/8	1	1	1/16		1/16	1		-3	63		982
65	63	0	0	6/8	2	1	1/16		1/16	1		-2	46		1007
65	63	0	0	6/8	1	1	1/16		1/16	1		2	62		995
65	63	1/16	1/16	6/8	2	1	1/16		1/16	1		0	48		1008
65	63	1/16	1/16	6/8	1	1	1/16		1/16	1		-3	63		996
65	63	1/8	1/8	6/8	2	1	1/16		1/16	1		2	50		1009
65	63	1/8	1/8	6/8	1	1	1/16		1/16	1		-1	65		997
65	63	3/16	3/16	6/8	2	1	1/16		1/16	1		-3	51		1010
65	63	3/16	3/16	6/8	1	1	1/16		1/16	1		1	67		998
65	63	1/4	1/4	6/8	2	1	1/16		1/16	1		-1	53		1011
65	63	1/4	1/4	6/8	1	1	1/16		1/16	1		-4	68		999
65	63	5/16	5/16	6/8	2	1	1/16		1/16	1		1	55		1012
65	63	5/16	5/16	6/8	1	1	1/16		1/16	1		-2	70		1000
65	63	3/8	3/8	6/8	2	1	1/16		1/16	1		-4	56		1013
65	63	3/8	3/8	6/8	1	1	1/16		1/16	1		0	72		1001
65	63	7/16	7/16	6/8	2	1	1/16		1/16	1		-2	58		1014
65	63	7/16	7/16	6/8	1	1	1/16		1/16	1		2	74		1002
65	63	1/2	1/2	6/8	2	1	1/16		1/16	1		0	60		1015
65	63	1/2	1/2	6/8	1	1	1/16		1/16	1		-3	75		1003
65	63	9/16	9/16	6/8	2	1	1/16		1/16	1		7	61		1016
65	63	9/16	9/16	6/8	1	1	1/16		1/16	1		4	76		1004
65	63	5/8	5/8	6/8	2	1	1/16		1/16	1		2	62		1017
65	63	5/8	5/8	6/8	1	1	1/16		1/16	1		-1	77		1005
65	63	11/16	11/16	6/8	2	1	1/16		1/16	1		-3	63		1018
65	63	11/16	11/16	6/8	1	1	1/16		1/16	1		1	79		1006
66	64	0	0	6/8	2	1	3/4		1/2	3/2		-2	58		1020
66	64	0	0	6/8	2	1	3/4		1/2	3/2		-1	65		1020
66	64	0	0	6/8	1	1	3/4		1/2	3/2		2	74		1019
66	64	0	0	6/8	1	1	3/4		1/2	3/2		-4	80		1019
67	65	0	0	4/4	1	1	1/4		1/4	1		-2	58		1021
67	65	0	0	4/4	1	1	1/4		1/4	1		1	67		1021
67	65	0	0	4/4	1	1	1/4		1/4	1		-2	70		1021
67	65	1/4	1/4	4/4	1	1	1/4		1/4	1		-2	58		1022
67	65	1/4	1/4	4/4	1	1	1/4		1/4	1		1	67		1022
67	65	1/4	1/4	4/4	1	1	1/4		1/4	1		-2	70		1022
67	65	1/2	1/2	4/4	1	1	1/2		1/2	1		-2	58		1023
67	65	1/2	1/2	4/4	1	1	1/2		1/2	1		-3	63		1023
67	65	1/2	1/2	4/4	1	1	1/2		1/2	1		1	67		1023
67	65	9/16	9/16	4/4	2	1	1/16		1/16	1		-2	46		1024
67	65	5/8	5/8	4/4	2	1	1/16		1/16	1		0	48		1025
67	65	11/16	11/16	4/4	2	1	1/16		1/16	1		2	50		1026
67	65	3/4	3/4	4/4	2	1	1/16		1/16	1		-3	51		1027
67	65	13/16	13/16	4/4	2	1	1/16		1/16	1		-1	53		1028
67	65	7/8	7/8	4/4	2	1	1/16		1/16	1		1	55		1029
67	65	15/16	15/16	4/4	2	1	1/16		1/16	1		-3	51		1030
68	66	0	0	4/4	2	1	1/8		1/8	1		-4	56		1034
68	66	0	0	4/4	1	1	1/4		1/4	1		-2	58		1031
68	66	0	0	4/4	1	1	1/4		1/4	1		2	62		1031
68	66	0	0	4/4	1	1	1/4		1/4	1		-1	65		1031
68	66	1/4	1/4	4/4	1	1	1/4		1/4	1		-2	58		1032
68	66	1/4	1/4	4/4	1	1	1/4		1/4	1		2	62		1032
68	66	1/4	1/4	4/4	1	1	1/4		1/4	1		-1	65		1032
68	66	1/2	1/2	4/4	2	1	1/16		1/16	1		-4	56		1035
68	66	1/2	1/2	4/4	1	1	1/2		1/2	1		-2	58		1033
68	66	1/2	1/2	4/4	1	1	1/2		1/2	1		-1	65		1033
68	66	1/2	1/2	4/4	1	1	1/2		1/2	1		-4	68		1033
68	66	1/2	1/2	4/4	1	1	1/2		1/2	1		-2	70		1033
68	66	9/16	9/16	4/4	2	1	1/16		1/16	1		1	55		1036
68	66	5/8	5/8	4/4	2	1	1/16		1/16	1		-1	53		1037
68	66	11/16	11/16	4/4	2	1	1/16		1/16	1		-3	51		1038
68	66	3/4	3/4	4/4	2	1	1/16		1/16	1		2	50		1039
68	66	13/16	13/16	4/4	2	1	1/16		1/16	1		0	48		1040
68	66	7/8	7/8	4/4	2	1	1/16		1/16	1		-2	46		1041
68	66	15/16	15/16	4/4	2	1	1/16		1/16	1		2	50		1042
69	67	0	0	4/4	2	1	1/8		1/8	1		-3	51		1046
69	67	0	0	4/4	1	1	1/4		1/4	1		-2	58		1043
69	67	0	0	4/4	1	1	1/4		1/4	1		1	67		1043
69	67	0	0	4/4	1	1	1/4		1/4	1		-2	70		1043
69	67	1/4	1/4	4/4	1	1	1/4		1/4	1		-2	58		1044
69	67	1/4	1/4	4/4	1	1	1/4		1/4	1		1	67		1044
69	67	1/4	1/4	4/4	1	1	1/4		1/4	1		-2	70		1044
69	67	1/2	1/2	4/4	1	1	1/2		1/2	1		-2	58		1045
69	67	1/2	1/2	4/4	1	1	1/2		1/2	1		-3	63		1045
69	67	1/2	1/2	4/4	1	1	1/2		1/2	1		1	67		1045
69	67	9/16	9/16	4/4	2	1	1/16		1/16	1		-2	46		1047
69	67	5/8	5/8	4/4	2	1	1/16		1/16	1		0	48		1048
69	67	11/16	11/16	4/4	2	1	1/16		1/16	1		2	50		1049
69	67	3/4	3/4	4/4	2	1	1/16		1/16	1		-3	51		1050
69	67	13/16	13/16	4/4	2	1	1/16		1/16	1		-1	53		1051
69	67	7/8	7/8	4/4	2	1	1/16		1/16	1		1	55		1052
69	67	15/16	15/16	4/4	2	1	1/16		1/16	1		-3	51		1053
70	68	0	0	4/4	2	1	1/16		1/16	1		-4	56		1058
70	68	0	0	4/4	1	1	1/8		1/8	1		-2	58		1054
70	68	0	0	4/4	1	1	1/8		1/8	1		2	62		1054
70	68	0	0	4/4	1	1	1/8		1/8	1		-1	65		1054
70	68	1/16	1/16	4/4	2	1	1/16		1/16	1		-1	53		1059
70	68	1/8	1/8	4/4	2	1	1/16		1/16	1		2	50		1060
70	68	1/8	1/8	4/4	1	1	1/4		1/4	1		-2	70		1055
70	68	3/16	3/16	4/4	2	1	1/16		1/16	1		-2	46		1061
70	68	1/4	1/4	4/4	2	1	1/16		1/16	1		-4	44		1062
70	68	5/16	5/16	4/4	2	1	1/16		1/16	1		-1	41		1063
70	68	3/8	3/8	4/4	2	1	1/16		1/16	1		2	38		1064
70	68	3/8	3/8	4/4	1	1	1/8		1/8	1		-4	56		1056
70	68	3/8	3/8	4/4	1	1	1/8		1/8	1		-2	70		1056
70	68	7/16	7/16	4/4	2	1	1/16		1/16	1		-2	34		1065
70	68	1/2	1/2	4/4	2	1	1/4		1/4	1		-3	39		1066
70	68	1/2	1/2	4/4	1	1	1/4		1/4	1		1	55		1057
70	68	1/2	1/2	4/4	1	1	1/4		1/4	1		-3	63		1057
70	68	3/4	3/4	4/4	2	1	1/8		1/8	1		-3	51		1067
71	69	0	0	4/4	2	1	1/4		1/4	1		-2	46		1075
71	69	0	0	4/4	2	1	1/4		1/4	1		1	55		1075
71	69	0	0	4/4	2	1	1/4		1/4	1		-2	58		1075
71	69	1/4	1/4	4/4	2	1	1/4		1/4	1		-2	46		1076
71	69	1/4	1/4	4/4	2	1	1/4		1/4	1		1	55		1076
71	69	1/4	1/4	4/4	2	1	1/4		1/4	1		-2	58		1076
71	69	1/2	1/2	4/4	2	1	1/2		1/2	1		-2	46		1077
71	69	1/2	1/2	4/4	2	1	1/2		1/2	1		-3	51		1077
71	69	1/2	1/2	4/4	2	1	1/2		1/2	1		1	55		1077
71	69	9/16	9/16	4/4	1	1	1/16		1/16	1		-2	70		1068
71	69	5/8	5/8	4/4	1	1	1/16		1/16	1		0	72		1069
71	69	11/16	11/16	4/4	1	1	1/16		1/16	1		2	74		1070
71	69	3/4	3/4	4/4	1	1	1/16		1/16	1		-3	75		1071
71	69	13/16	13/16	4/4	1	1	1/16		1/16	1		-1	77		1072
71	69	7/8	7/8	4/4	1	1	1/16		1/16	1		1	79		1073
71	69	15/16	15/16	4/4	1	1	1/16		1/16	1		-3	75		1074
72	70	0	0	4/4	2	1	1/4		1/4	1		-2	46		1087
72	70	0	0	4/4	2	1	1/4		1/4	1		2	50		1087
72	70	0	0	4/4	2	1	1/4		1/4	1		-1	53		1087
72	70	0	0	4/4	1	1	1/8		1/8	1		-4	80		1078
72	70	1/4	1/4	4/4	2	1	1/4		1/4	1		-2	46		1088
72	70	1/4	1/4	4/4	2	1	1/4		1/4	1		2	50		1088
72	70	1/4	1/4	4/4	2	1	1/4		1/4	1		-1	53		1088
72	70	1/2	1/2	4/4	2	1	1/2		1/2	1		-2	46		1089
72	70	1/2	1/2	4/4	2	1	1/2		1/2	1		-1	53		1089
72	70	1/2	1/2	4/4	2	1	1/2		1/2	1		-4	56		1089
72	70	1/2	1/2	4/4	2	1	1/2		1/2	1		-2	58		1089
72	70	1/2	1/2	4/4	1	1	1/16		1/16	1		-4	80		1079
72	70	9/16	9/16	4/4	1	1	1/16		1/16	1		1	79		1080
72	70	5/8	5/8	4/4	1	1	1/16		1/16	1		-1	77		1081
72	70	11/16	11/16	4/4	1	1	1/16		1/16	1		-3	75		1082
72	70	3/4	3/4	4/4	1	1	1/16		1/16	1		2	74		1083
72	70	13/16	13/16	4/4	1	1	1/16		1/16	1		0	72		1084
72	70	7/8	7/8	4/4	1	1	1/16		1/16	1		-2	70		1085
72	70	15/16	15/16	4/4	1	1	1/16		1/16	1		2	74		1086
73	71	0	0	4/4	2	1	1/4		1/4	1		-2	46		1098
73	71	0	0	4/4	2	1	1/4		1/4	1		1	55		1098
73	71	0	0	4/4	2	1	1/4		1/4	1		-2	58		1098
73	71	0	0	4/4	1	1	1/8		1/8	1		-3	75		1090
73	71	1/4	1/4	4/4	2	1	1/4		1/4	1		-2	46		1099
73	71	1/4	1/4	4/4	2	1	1/4		1/4	1		1	55		1099
73	71	1/4	1/4	4/4	2	1	1/4		1/4	1		-2	58		1099
73	71	1/2	1/2	4/4	2	1	1/2		1/2	1		-2	46		1100
73	71	1/2	1/2	4/4	2	1	1/2		1/2	1		-3	51		1100
73	71	1/2	1/2	4/4	2	1	1/2		1/2	1		1	55		1100
73	71	9/16	9/16	4/4	1	1	1/16		1/16	1		-2	70		1091
73	71	5/8	5/8	4/4	1	1	1/16		1/16	1		0	72		1092
73	71	11/16	11/16	4/4	1	1	1/16		1/16	1		2	74		1093
73	71	3/4	3/4	4/4	1	1	1/16		1/16	1		-3	75		1094
73	71	13/16	13/16	4/4	1	1	1/16		1/16	1		-1	77		1095
73	71	7/8	7/8	4/4	1	1	1/16		1/16	1		1	79		1096
73	71	15/16	15/16	4/4	1	1	1/16		1/16	1		-3	75		1097
74	72	0	0	4/4	2	1	1/8		1/8	1		-2	46		1110
74	72	0	0	4/4	2	1	1/8		1/8	1		2	50		1110
74	72	0	0	4/4	2	1	1/8		1/8	1		-1	53		1110
74	72	0	0	4/4	1	1	1/16		1/16	1		-4	80		1101
74	72	1/16	1/16	4/4	1	1	1/16		1/16	1		-1	77		1102
74	72	1/8	1/8	4/4	2	1	1/4		1/4	1		-2	58		1111
74	72	1/8	1/8	4/4	1	1	1/16		1/16	1		2	74		1103
74	72	3/16	3/16	4/4	1	1	1/16		1/16	1		-2	70		1104
74	72	1/4	1/4	4/4	1	1	1/16		1/16	1		-4	68		1105
74	72	5/16	5/16	4/4	1	1	1/16		1/16	1		-1	65		1106
74	72	3/8	3/8	4/4	2	1	1/8		1/8	1		-4	44		1112
74	72	3/8	3/8	4/4	2	1	1/8		1/8	1		-2	58		1112
74	72	3/8	3/8	4/4	1	1	1/16		1/16	1		2	62		1107
74	72	7/16	7/16	4/4	1	1	1/16		1/16	1		-2	58		1108
74	72	1/2	1/2	4/4	2	1	1/8		1/8	1		1	43		1113
74	72	1/2	1/2	4/4	2	1	1/8		1/8	1		-3	51		1113
74	72	1/2	1/2	4/4	1	1	1/8		1/8	1		-3	63		1109
75	73	0	0	4/4	1	1	1/4		1/4	1		-1	65		1114
75	73	0	0	4/4	1	1	1/4		1/4	1		-4	68		1114
75	73	1/4	1/4	4/4	1	1	1/4		1/4	1		-1	65		1115
75	73	1/4	1/4	4/4	1	1	1/4		1/4	1		-4	68		1115
75	73	1/2	1/2	4/4	1	1	1/2		1/2	1		-1	65		1116
75	73	1/2	1/2	4/4	1	1	1/2		1/2	1		-4	68		1116
75	73	1/2	1/2	4/4	1	1	1/2		1/2	1		2	74		1116
75	73	9/16	9/16	4/4	2	1	1/16		1/16	1		-2	34		1117
75	73	5/8	5/8	4/4	2	1	1/16		1/16	1		-2	46		1118
75	73	11/16	11/16	4/4	2	1	1/16		1/16	1		0	48		1119
75	73	3/4	3/4	4/4	2	1	1/16		1/16	1		2	50		1120
75	73	13/16	13/16	4/4	2	1	1/16		1/16	1		-3	51		1121
75	73	7/8	7/8	4/4	2	1	1/16		1/16	1		-1	53		1122
75	73	15/16	15/16	4/4	2	1	1/16		1/16	1		1	55		1123
76	74	0	0	4/4	2	1	1/8		1/8	1		3	57		1127
76	74	0	0	4/4	1	1	1/4		1/4	1		-1	65		1124
76	74	0	0	4/4	1	1	1/4		1/4	1		2	74		1124
76	74	1/8	1/8	4/4	2	1	3/8		1/4	3/2	1	-2	58		1128
76	74	1/4	1/4	4/4	1	1	1/4		1/4	1		-1	65		1125
76	74	1/4	1/4	4/4	1	1	1/4		1/4	1		2	74		1125
76	74	1/2	1/2	4/4	2	1	1/16		1/16	1	-1	-2	58		1129
76	74	1/2	1/2	4/4	1	1	1/2		1/2	1		-1	65		1126
76	74	1/2	1/2	4/4	1	1	1/2		1/2	1		-4	68		1126
76	74	1/2	1/2	4/4	1	1	1/2		1/2	1		2	74		1126
76	74	1/2	1/2	4/4	1	1	1/2		1/2	1		-1	77		1126
76	74	9/16	9/16	4/4	2	1	1/16		1/16	1		-2	34		1130
76	74	5/8	5/8	4/4	2	1	1/16		1/16	1		-2	46		1131
76	74	11/16	11/16	4/4	2	1	1/16		1/16	1		0	48		1132
76	74	3/4	3/4	4/4	2	1	1/16		1/16	1		2	50		1133
76	74	13/16	13/16	4/4	2	1	1/16		1/16	1		-3	51		1134
76	74	7/8	7/8	4/4	2	1	1/16		1/16	1		-1	53		1135
76	74	15/16	15/16	4/4	2	1	1/16		1/16	1		1	55		1136
77	75	0	0	4/4	2	1	1/8		1/8	1		3	57		1144
77	75	0	0	4/4	1	2	1/4		1/4	1		-1	65		1139
77	75	0	0	4/4	1	2	1/4		1/4	1		2	74		1139
77	75	0	0	4/4	1	2	1/4		1/4	1		-1	77		1139
77	75	1/8	1/8	4/4	2	1	3/8		1/4	3/2	1	-2	58		1145
77	75	1/4	1/4	4/4	1	2	1/4		1/4	1		-1	65		1140
77	75	1/4	1/4	4/4	1	2	1/4		1/4	1		2	74		1140
77	75	1/4	1/4	4/4	1	2	1/4		1/4	1		-1	77		1140
77	75	1/2	1/2	4/4	2	1	1/8		1/8	1	-1	-2	58		1146
77	75	1/2	1/2	4/4	1	2	1/4		1/4	1		2	74		1141
77	75	1/2	1/2	4/4	1	2	1/4		1/4	1		-1	77		1141
77	75	1/2	1/2	4/4	1	1	3/8		1/4	3/2		-4	80		1137
77	75	5/8	5/8	4/4	2	1	1/8		1/8	1		5	59		1147
77	75	3/4	3/4	4/4	2	1	1/8		1/8	1		0	60		1148
77	75	3/4	3/4	4/4	1	2	1/8		1/8	1		-3	75		1142
77	75	7/8	7/8	4/4	2	1	1/8		1/8	1		1	55		1149
77	75	7/8	7/8	4/4	1	2	1/8		1/8	1		5	71		1143
77	75	7/8	7/8	4/4	1	1	1/8		1/8	1		1	79		1138
78	76	0	0	4/4	2	2	1/8		1/8	1		-4	56		1166
78	76	0	0	4/4	1	2	1/8		1/8	1		0	72		1156
78	76	0	0	4/4	1	1	1/8		1/8	1		1	79		1150
78	76	1/8	1/8	4/4	2	2	1/8		1/8	1		3	57		1167
78	76	1/8	1/8	4/4	1	2	1/8		1/8	1		0	72		1157
78	76	1/8	1/8	4/4	1	1	1/8		1/8	1		-1	77		1151
78	76	1/4	1/4	4/4	2	2	1/8		1/8	1		-2	58		1168
78	76	1/4	1/4	4/4	2	1	1/4		1/4	1	1	-2	58		1162
78	76	1/4	1/4	4/4	1	2	1/8		1/8	1		1	67		1158
78	76	1/4	1/4	4/4	1	1	1/8		1/8	1		-3	75		1152
78	76	3/8	3/8	4/4	2	2	1/8		1/8	1		-2	46		1169
78	76	3/8	3/8	4/4	1	2	1/8		1/8	1		-1	65		1159
78	76	3/8	3/8	4/4	1	2	1/8		1/8	1		-4	68		1159
78	76	3/8	3/8	4/4	1	1	1/8		1/8	1		2	74		1153
78	76	1/2	1/2	4/4	2	2	3/8		1/4	3/2		-3	51		1170
78	76	1/2	1/2	4/4	2	1	1/8		1/8	1	-1	-2	58		1163
78	76	1/2	1/2	4/4	1	2	1/4		1/4	1		-4	68		1160
78	76	1/2	1/2	4/4	1	1	1/4		1/4	1		-1	77		1154
78	76	5/8	5/8	4/4	2	1	1/8		1/8	1		2	62		1164
78	76	3/4	3/4	4/4	2	1	1/8		1/8	1		-3	63		1165
78	76	3/4	3/4	4/4	1	2	1/8		1/8	1		1	67		1161
78	76	3/4	3/4	4/4	1	1	1/8		1/8	1		-3	75		1155
79	77	0	0	4/4	2	1	1/4		1/4	1		-1	53		1177
79	77	0	0	4/4	2	1	1/4		1/4	1		-4	56		1177
79	77	1/4	1/4	4/4	2	1	1/4		1/4	1		-1	53		1178
79	77	1/4	1/4	4/4	2	1	1/4		1/4	1		-4	56		1178
79	77	1/2	1/2	4/4	2	1	1/2		1/2	1		-1	53		1179
79	77	1/2	1/2	4/4	2	1	1/2		1/2	1		-4	56		1179
79	77	1/2	1/2	4/4	2	1	1/2		1/2	1		2	62		1179
79	77	5/8	5/8	4/4	1	1	1/16		1/16	1		-2	70		1171
79	77	11/16	11/16	4/4	1	1	1/16		1/16	1		0	72		1172
79	77	3/4	3/4	4/4	1	1	1/16		1/16	1		2	74		1173
79	77	13/16	13/16	4/4	1	1	1/16		1/16	1		-3	75		1174
79	77	7/8	7/8	4/4	1	1	1/16		1/16	1		-1	77		1175
79	77	15/16	15/16	4/4	1	1	1/16		1/16	1		1	79		1176
80	78	0	0	4/4	2	1	1/4		1/4	1		-1	53		1189
80	78	0	0	4/4	2	1	1/4		1/4	1		2	62		1189
80	78	0	0	4/4	1	1	1/8		1/8	1		3	81		1180
80	78	1/8	1/8	4/4	1	1	3/8		1/4	3/2	1	-2	82		1181
80	78	1/4	1/4	4/4	2	1	1/4		1/4	1		-1	53		1190
80	78	1/4	1/4	4/4	2	1	1/4		1/4	1		2	62		1190
80	78	1/2	1/2	4/4	2	1	1/2		1/2	1		-4	56		1191
80	78	1/2	1/2	4/4	2	1	1/2		1/2	1		2	62		1191
80	78	1/2	1/2	4/4	2	1	1/2		1/2	1		-1	65		1191
80	78	1/2	1/2	4/4	1	1	1/8		1/8	1	-1	-2	82		1182
80	78	5/8	5/8	4/4	1	1	1/16		1/16	1		-2	70		1183
80	78	11/16	11/16	4/4	1	1	1/16		1/16	1		0	72		1184
80	78	3/4	3/4	4/4	1	1	1/16		1/16	1		2	74		1185
80	78	13/16	13/16	4/4	1	1	1/16		1/16	1		-3	75		1186
80	78	7/8	7/8	4/4	1	1	1/16		1/16	1		-1	77		1187
80	78	15/16	15/16	4/4	1	1	1/16		1/16	1		1	79		1188
81	79	0	0	4/4	2	1	1/4		1/4	1		2	62		1198
81	79	0	0	4/4	2	1	1/4		1/4	1		-1	65		1198
81	79	0	0	4/4	1	1	1/8		1/8	1		3	81		1192
81	79	1/8	1/8	4/4	1	1	3/8		1/4	3/2	1	-2	82		1193
81	79	1/4	1/4	4/4	2	1	1/4		1/4	1		2	62		1199
81	79	1/4	1/4	4/4	2	1	1/4		1/4	1		-1	65		1199
81	79	1/2	1/2	4/4	2	2	1/4		1/4	1		2	62		1202
81	79	1/2	1/2	4/4	2	2	1/4		1/4	1		-1	65		1202
81	79	1/2	1/2	4/4	2	1	3/8		1/4	3/2		-4	68		1200
81	79	1/2	1/2	4/4	1	1	1/8		1/8	1	-1	-2	82		1194
81	79	5/8	5/8	4/4	1	1	1/8		1/8	1		5	83		1195
81	79	3/4	3/4	4/4	2	2	1/8		1/8	1		-3	63		1203
81	79	3/4	3/4	4/4	1	1	1/8		1/8	1		0	84		1196
81	79	7/8	7/8	4/4	2	2	1/8		1/8	1		5	59		1204
81	79	7/8	7/8	4/4	2	1	1/8		1/8	1		1	67		1201
81	79	7/8	7/8	4/4	1	1	1/8		1/8	1		2	86		1197
82	80	0	0	4/4	2	1	1/8		1/8	1		0	60		1213
82	80	0	0	4/4	2	1	1/8		1/8	1		1	67		1213
82	80	0	0	4/4	1	1	1/8		1/8	1		-3	87		1205
82	80	1/8	1/8	4/4	2	1	1/8		1/8	1		3	57		1214
82	80	1/8	1/8	4/4	2	1	1/8		1/8	1		-1	65		1214
82	80	1/8	1/8	4/4	1	1	1/8		1/8	1		0	84		1206
82	80	1/4	1/4	4/4	2	1	1/8		1/8	1		-2	58		1215
82	80	1/4	1/4	4/4	2	1	1/8		1/8	1		-3	63		1215
82	80	1/4	1/4	4/4	1	1	1/8		1/8	1		1	79		1207
82	80	3/8	3/8	4/4	2	1	1/8		1/8	1		-2	58		1216
82	80	3/8	3/8	4/4	2	1	1/8		1/8	1		2	62		1216
82	80	3/8	3/8	4/4	1	1	1/8		1/8	1	1	-4	80		1208
82	80	1/2	1/2	4/4	2	1	1/4		1/4	1		-2	58		1217
82	80	1/2	1/2	4/4	2	1	1/4		1/4	1		-1	65		1217
82	80	1/2	1/2	4/4	1	1	1/8		1/8	1	-1	-4	80		1209
82	80	5/8	5/8	4/4	1	1	1/8		1/8	1		2	74		1210
82	80	3/4	3/4	4/4	2	1	1/8		1/8	1		-3	51		1218
82	80	3/4	3/4	4/4	2	1	1/8		1/8	1		-3	63		1218
82	80	3/4	3/4	4/4	1	1	1/8		1/8	1		-3	75		1211
82	80	7/8	7/8	4/4	1	1	1/8		1/8	1		-3	63		1212
83	81	0	0	4/4	1	1	1/4		1/4	1		1	67		1219
83	81	0	0	4/4	1	1	1/4		1/4	1		-2	70		1219
83	81	0	0	4/4	1	1	1/4		1/4	1		-5	73		1219
83	81	1/4	1/4	4/4	1	1	1/4		1/4	1		1	67		1220
83	81	1/4	1/4	4/4	1	1	1/4		1/4	1		-2	70		1220
83	81	1/4	1/4	4/4	1	1	1/4		1/4	1		-5	73		1220
83	81	1/2	1/2	4/4	2	1	1/4		1/4	1		-3	51		1221
83	81	3/4	3/4	4/4	2	1	1/4		1/4	1		-3	39		1222
84	82	0	0	4/4	1	1	1/4		1/4	1		-3	63		1223
84	82	0	0	4/4	1	1	1/4		1/4	1		-4	68		1223
84	82	0	0	4/4	1	1	1/4		1/4	1		0	72		1223
84	82	1/4	1/4	4/4	1	1	1/4		1/4	1		-3	63		1224
84	82	1/4	1/4	4/4	1	1	1/4		1/4	1		-4	68		1224
84	82	1/4	1/4	4/4	1	1	1/4		1/4	1		0	72		1224
84	82	1/2	1/2	4/4	2	1	1/4		1/4	1		-3	51		1225
84	82	3/4	3/4	4/4	2	1	1/4		1/4	1		-3	39		1226
85	83	0	0	4/4	1	1	1/4		1/4	1		2	62		1227
85	83	0	0	4/4	1	1	1/4		1/4	1		-1	65		1227
85	83	0	0	4/4	1	1	1/4		1/4	1		-4	68		1227
85	83	1/4	1/4	4/4	1	1	1/4		1/4	1		2	62		1228
85	83	1/4	1/4	4/4	1	1	1/4		1/4	1		-1	65		1228
85	83	1/4	1/4	4/4	1	1	1/4		1/4	1		-4	68		1228
85	83	1/2	1/2	4/4	2	1	1/4		1/4	1		-3	51		1229
85	83	3/4	3/4	4/4	2	1	1/4		1/4	1		-3	39		1230
86	84	0	0	4/4	1	1	1/4		1/4	1		-2	58		1231
86	84	0	0	4/4	1	1	1/4		1/4	1		-3	63		1231
86	84	0	0	4/4	1	1	1/4		1/4	1		1	67		1231
86	84	1/4	1/4	4/4	2	1	1/8		1/8	1		-3	51		1233
86	84	3/8	3/8	4/4	2	1	1/8		1/8	1		-3	39		1234
86	84	1/2	1/2	4/4	1	1	1/4		1/4	1		2	62		1232
86	84	1/2	1/2	4/4	1	1	1/4		1/4	1		-1	65		1232
86	84	1/2	1/2	4/4	1	1	1/4		1/4	1		-4	68		1232
86	84	3/4	3/4	4/4	2	1	1/8		1/8	1		-3	51		1235
86	84	7/8	7/8	4/4	2	1	1/8		1/8	1		-3	39		1236
87	85	0	0	4/4	1	1	1/4		1/4	1		-2	58		1237
87	85	0	0	4/4	1	1	1/4		1/4	1		-3	63		1237
87	85	0	0	4/4	1	1	1/4		1/4	1		1	67		1237
87	85	1/4	1/4	4/4	2	1	1/8		1/8	1		-3	51		1239
87	85	3/8	3/8	4/4	2	1	1/8		1/8	1		-3	39		1240
87	85	1/2	1/2	4/4	1	1	1/4		1/4	1		2	62		1238
87	85	1/2	1/2	4/4	1	1	1/4		1/4	1		-1	65		1238
87	85	1/2	1/2	4/4	1	1	1/4		1/4	1		-4	68		1238
87	85	3/4	3/4	4/4	2	1	1/8		1/8	1		-3	51		1241
87	85	7/8	7/8	4/4	2	1	1/8		1/8	1		-3	39		1242
88	86	0	0	4/4	1	1	1/4		1/4	1		-2	58		1243
88	86	0	0	4/4	1	1	1/4		1/4	1		-3	63		1243
88	86	0	0	4/4	1	1	1/4		1/4	1		1	67		1243
88	86	1/4	1/4	4/4	2	1	1/8		1/8	1		-3	51		1244
88	86	3/8	3/8	4/4	2	1	1/8		1/8	1		-3	39		1245
89	87	0	0	4/4	1	1	1/4		1/4	1		1	55		1246
89	87	0	0	4/4	1	1	1/4		1/4	1		-2	58		1246
89	87	0	0	4/4	1	1	1/4		1/4	1		-3	63		1246
89	87	0	0	4/4	1	1	1/4		1/4	1		1	67		1246
89	87	1/4	1/4	4/4	2	1	1/8		1/8	1		-3	51		1247
89	87	3/8	3/8	4/4	2	1	1/8		1/8	1		-3	39		1248
90	88	0	0	4/4	1	1	1		1	1		1	79		1249
90	88	0	0	4/4	1	1	1		1	1		-2	82		1249
90	88	0	0	4/4	1	1	1		1	1		-3	87		1249
90	88	1/2	1/2	4/4	2	1	1/2		1/2	1		-3	39		1250
