mc	mn	mc_onset	mn_onset	timesig	staff	voice	duration	gracenote	nominal_duration	scalar	tied	tpc	midi	chord_id
1	0	0	3/8	2/4	1	1	1/8		1/8	1		2	62	0
2	1	0	0	2/4	1	1	1/8		1/8	1		-2	70	1
2	1	1/8	1/8	2/4	2	1	1/8		1/8	1		-2	58	5
2	1	1/8	1/8	2/4	2	1	1/8		1/8	1		2	62	5
2	1	1/8	1/8	2/4	1	1	1/8		1/8	1		1	67	2
2	1	1/4	1/4	2/4	2	1	1/8		1/8	1		3	57	6
2	1	1/4	1/4	2/4	2	1	1/8		1/8	1		0	60	6
2	1	1/4	1/4	2/4	1	1	1/8		1/8	1		6	66	3
2	1	3/8	3/8	2/4	2	1	1/8		1/8	1		1	55	7
2	1	3/8	3/8	2/4	2	1	1/8		1/8	1		-2	58	7
2	1	3/8	3/8	2/4	1	1	1/8		1/8	1		1	67	4
3	2	0	0	2/4	2	1	1/8		1/8	1		6	54	9
3	2	0	0	2/4	2	1	1/8		1/8	1		3	57	9
3	2	0	0	2/4	1	1	1/2		1/2	1		2	62	8
3	2	0	0	2/4	1	1	1/2		1/2	1		0	72	8
3	2	1/8	1/8	2/4	2	1	1/8		1/8	1		2	50	10
3	2	1/8	1/8	2/4	2	1	1/8		1/8	1		6	54	10
3	2	1/4	1/4	2/4	2	1	1/8		1/8	1		4	52	11
3	2	1/4	1/4	2/4	2	1	1/8		1/8	1		1	55	11
3	2	3/8	3/8	2/4	2	1	1/8		1/8	1		6	54	12
3	2	3/8	3/8	2/4	2	1	1/8		1/8	1		3	57	12
4	3	0	0	2/4	2	1	1/8		1/8	1		1	55	17
4	3	0	0	2/4	2	1	1/8		1/8	1		-2	58	17
4	3	0	0	2/4	1	1	1/8		1/8	1		-2	70	13
4	3	1/8	1/8	2/4	2	1	1/8		1/8	1		-2	58	18
4	3	1/8	1/8	2/4	2	1	1/8		1/8	1		2	62	18
4	3	1/8	1/8	2/4	1	1	1/8		1/8	1		1	67	14
4	3	1/4	1/4	2/4	2	1	1/8		1/8	1		3	57	19
4	3	1/4	1/4	2/4	2	1	1/8		1/8	1		0	60	19
4	3	1/4	1/4	2/4	1	1	1/8		1/8	1		6	66	15
4	3	3/8	3/8	2/4	2	1	1/8		1/8	1		1	55	20
4	3	3/8	3/8	2/4	2	1	1/8		1/8	1		-2	58	20
4	3	3/8	3/8	2/4	1	1	1/8		1/8	1		1	67	16
5	4	0	0	2/4	2	1	1/8		1/8	1		0	48	22
5	4	0	0	2/4	1	1	1/2		1/2	1		1	67	21
5	4	0	0	2/4	1	1	1/2		1/2	1		-3	75	21
5	4	1/8	1/8	2/4	2	1	1/8		1/8	1		-3	51	23
5	4	1/4	1/4	2/4	2	1	1/8		1/8	1		1	55	24
5	4	3/8	3/8	2/4	2	1	1/8		1/8	1		0	60	25
6	5	0	0	2/4	2	1	1/4		1/4	1		-2	58	30
6	5	0	0	2/4	1	1	1/8		1/8	1		2	74	26
6	5	1/8	1/8	2/4	1	1	1/8		1/8	1		6	78	27
6	5	1/4	1/4	2/4	1	1	1/8		1/8	1		1	79	28
6	5	3/8	3/8	2/4	2	1	1/8		1/8	1		-2	58	31
6	5	3/8	3/8	2/4	2	1	1/8		1/8	1		2	62	31
6	5	3/8	3/8	2/4	1	1	1/8		1/8	1		2	74	29
7	6	0	0	2/4	2	1	1/4		1/4	1		6	54	36
7	6	0	0	2/4	2	1	1/4		1/4	1		2	62	36
7	6	0	0	2/4	1	1	1/8		1/8	1		0	72	32
7	6	1/8	1/8	2/4	1	1	1/8		1/8	1		8	80	33
7	6	1/4	1/4	2/4	1	1	1/8		1/8	1		3	81	34
7	6	3/8	3/8	2/4	2	1	1/8		1/8	1		6	54	37
7	6	3/8	3/8	2/4	2	1	1/8		1/8	1		2	62	37
7	6	3/8	3/8	2/4	1	1	1/8		1/8	1		0	72	35
8	7	0	0	2/4	2	1	1/4		1/4	1		1	55	42
8	7	0	0	2/4	2	1	1/4		1/4	1		2	62	42
8	7	0	0	2/4	1	1	1/8		1/8	1		-2	70	38
8	7	1/8	1/8	2/4	1	1	1/8		1/8	1		1	79	39
8	7	1/4	1/4	2/4	2	1	1/4		1/4	1		0	48	43
8	7	1/4	1/4	2/4	2	1	1/4		1/4	1		0	60	43
8	7	1/4	1/4	2/4	1	1	1/8		1/8	1		3	69	40
8	7	3/8	3/8	2/4	1	1	1/8		1/8	1		-3	75	41
9	8	0	0	2/4	2	1	1/4		1/4	1	1	2	50	49
9	8	0	0	2/4	2	1	1/4		1/4	1		-2	58	49
9	8	0	0	2/4	1	1	3/16		1/8	3/2		1	67	44
9	8	3/16	3/16	2/4	1	1	1/32		1/32	1		3	69	45
9	8	7/32	7/32	2/4	1	1	1/32		1/32	1		1	67	46
9	8	1/4	1/4	2/4	2	1	1/8		1/8	1	-1	2	50	50
9	8	1/4	1/4	2/4	2	1	1/8		1/8	1		3	57	50
9	8	1/4	1/4	2/4	1	1	1/8		1/8	1		6	66	47
9	8	3/8	3/8	2/4	1	1	1/8		1/8	1		2	62	48
10	9	0	0	2/4	1	1	1/8		1/8	1		-2	70	51
10	9	1/8	1/8	2/4	2	1	1/8		1/8	1		-2	58	55
10	9	1/8	1/8	2/4	2	1	1/8		1/8	1		2	62	55
10	9	1/8	1/8	2/4	1	1	1/8		1/8	1		1	67	52
10	9	1/4	1/4	2/4	2	1	1/8		1/8	1		3	57	56
10	9	1/4	1/4	2/4	2	1	1/8		1/8	1		0	60	56
10	9	1/4	1/4	2/4	1	1	1/8		1/8	1		6	66	53
10	9	3/8	3/8	2/4	2	1	1/8		1/8	1		1	55	57
10	9	3/8	3/8	2/4	2	1	1/8		1/8	1		-2	58	57
10	9	3/8	3/8	2/4	1	1	1/8		1/8	1		1	67	54
11	10	0	0	2/4	2	1	1/8		1/8	1		6	54	59
11	10	0	0	2/4	2	1	1/8		1/8	1		3	57	59
11	10	0	0	2/4	1	1	1/2		1/2	1		2	62	58
11	10	0	0	2/4	1	1	1/2		1/2	1		0	72	58
11	10	1/8	1/8	2/4	2	1	1/8		1/8	1		2	50	60
11	10	1/8	1/8	2/4	2	1	1/8		1/8	1		6	54	60
11	10	1/4	1/4	2/4	2	1	1/8		1/8	1		4	52	61
11	10	1/4	1/4	2/4	2	1	1/8		1/8	1		1	55	61
11	10	3/8	3/8	2/4	2	1	1/8		1/8	1		6	54	62
11	10	3/8	3/8	2/4	2	1	1/8		1/8	1		3	57	62
12	11	0	0	2/4	2	1	1/8		1/8	1		1	55	67
12	11	0	0	2/4	2	1	1/8		1/8	1		-2	58	67
12	11	0	0	2/4	1	1	1/8		1/8	1		-2	70	63
12	11	1/8	1/8	2/4	2	1	1/8		1/8	1		-2	58	68
12	11	1/8	1/8	2/4	2	1	1/8		1/8	1		2	62	68
12	11	1/8	1/8	2/4	1	1	1/8		1/8	1		1	67	64
12	11	1/4	1/4	2/4	2	1	1/8		1/8	1		3	57	69
12	11	1/4	1/4	2/4	2	1	1/8		1/8	1		0	60	69
12	11	1/4	1/4	2/4	1	1	1/8		1/8	1		6	66	65
12	11	3/8	3/8	2/4	2	1	1/8		1/8	1		1	55	70
12	11	3/8	3/8	2/4	2	1	1/8		1/8	1		-2	58	70
12	11	3/8	3/8	2/4	1	1	1/8		1/8	1		1	67	66
13	12	0	0	2/4	2	1	1/8		1/8	1		0	48	73
13	12	0	0	2/4	2	2	3/8		1/4	3/2		0	48	77
13	12	0	0	2/4	1	1	3/8		1/4	3/2		-3	75	71
13	12	1/8	1/8	2/4	2	1	1/8		1/8	1		-3	51	74
13	12	1/4	1/4	2/4	2	1	1/8		1/8	1		1	55	75
13	12	3/8	3/8	2/4	2	2	1/8		1/8	1		0	48	78
13	12	3/8	3/8	2/4	2	1	1/8		1/8	1		3	57	76
13	12	3/8	3/8	2/4	1	1	1/8		1/8	1	1	-3	75	72
14	13	0	0	2/4	2	2	1/4		1/4	1		2	50	89
14	13	0	0	2/4	2	1	1/4		1/4	1		-2	58	87
14	13	0	0	2/4	1	1	1/16		1/16	1	-1	-3	75	79
14	13	1/16	1/16	2/4	1	1	1/16		1/16	1		2	74	80
14	13	1/8	1/8	2/4	1	1	1/16		1/16	1		-1	77	81
14	13	3/16	3/16	2/4	1	1	1/16		1/16	1		4	76	82
14	13	1/4	1/4	2/4	1	1	1/16		1/16	1		1	79	83
14	13	5/16	5/16	2/4	1	1	1/16		1/16	1		-1	77	84
14	13	3/8	3/8	2/4	2	2	1/8		1/8	1		2	50	90
14	13	3/8	3/8	2/4	2	1	1/8		1/8	1		-1	53	88
14	13	3/8	3/8	2/4	1	1	1/16		1/16	1		-3	75	85
14	13	7/16	7/16	2/4	1	1	1/16		1/16	1		2	74	86
15	14	0	0	2/4	1	1	0	acciaccatura	1/8	1		0	72	91
15	14	0	0	2/4	1	1	0	acciaccatura	1/8	1		2	74	92
15	14	0	0	2/4	1	1	0	acciaccatura	1/8	1		-3	75	93
15	14	0	0	2/4	2	2	1/4		1/4	1		-3	51	105
15	14	0	0	2/4	2	1	1/8		1/8	1		1	55	101
15	14	0	0	2/4	1	1	1/8		1/8	1		2	74	94
15	14	1/8	1/8	2/4	2	1	1/8		1/8	1		0	60	102
15	14	1/8	1/8	2/4	1	1	1/8		1/8	1		0	72	95
15	14	1/4	1/4	2/4	1	1	0	acciaccatura	1/8	1		5	71	96
15	14	1/4	1/4	2/4	1	1	0	acciaccatura	1/8	1		0	72	97
15	14	1/4	1/4	2/4	1	1	0	acciaccatura	1/8	1		2	74	98
15	14	1/4	1/4	2/4	2	2	1/4		1/4	1		4	52	106
15	14	1/4	1/4	2/4	2	1	1/8		1/8	1		1	55	103
15	14	1/4	1/4	2/4	1	1	1/8		1/8	1		0	72	99
15	14	3/8	3/8	2/4	2	1	1/8		1/8	1		0	60	104
15	14	3/8	3/8	2/4	1	1	1/8		1/8	1		-2	70	100
16	15	0	0	2/4	1	1	0	acciaccatura	1/8	1		3	69	107
16	15	0	0	2/4	1	1	0	acciaccatura	1/8	1		-2	70	108
16	15	0	0	2/4	1	1	0	acciaccatura	1/8	1		0	72	109
16	15	0	0	2/4	2	1	1/4		1/4	1		-1	53	118
16	15	0	0	2/4	2	1	1/4		1/4	1		0	60	118
16	15	0	0	2/4	1	1	1/16		1/16	1		-2	70	110
16	15	1/16	1/16	2/4	1	1	1/16		1/16	1		3	69	111
16	15	1/8	1/8	2/4	1	1	1/16		1/16	1		1	67	112
16	15	3/16	3/16	2/4	1	1	1/16		1/16	1		-1	65	113
16	15	1/4	1/4	2/4	1	1	1/16		1/16	1		4	64	114
16	15	5/16	5/16	2/4	1	1	1/16		1/16	1		-1	65	115
16	15	3/8	3/8	2/4	1	1	1/16		1/16	1		1	67	116
16	15	7/16	7/16	2/4	1	1	1/16		1/16	1		-1	65	117
17	16	0	0	2/4	2	1	1/16		1/16	1		3	57	123
17	16	0	0	2/4	1	1	1/8		1/8	1		-3	75	119
17	16	1/16	1/16	2/4	2	1	1/16		1/16	1		-1	65	124
17	16	1/8	1/8	2/4	2	1	1/16		1/16	1		0	60	125
17	16	1/8	1/8	2/4	1	1	1/8		1/8	1		3	69	120
17	16	3/16	3/16	2/4	2	1	1/16		1/16	1		-1	65	126
17	16	1/4	1/4	2/4	2	1	1/16		1/16	1		-3	63	127
17	16	1/4	1/4	2/4	1	1	1/8		1/8	1		3	69	121
17	16	5/16	5/16	2/4	2	1	1/16		1/16	1		-1	65	128
17	16	3/8	3/8	2/4	2	1	1/16		1/16	1		0	60	129
17	16	3/8	3/8	2/4	1	1	1/8		1/8	1		3	69	122
17	16	7/16	7/16	2/4	2	1	1/16		1/16	1		-1	65	130
18	17	0	0	2/4	2	1	1/16		1/16	1		2	62	135
18	17	0	0	2/4	1	1	3/16		1/8	3/2		-2	70	131
18	17	1/16	1/16	2/4	2	1	1/16		1/16	1		-1	65	136
18	17	1/8	1/8	2/4	2	1	1/16		1/16	1		-2	58	137
18	17	3/16	3/16	2/4	2	1	1/16		1/16	1		-1	65	138
18	17	3/16	3/16	2/4	1	1	1/16		1/16	1		2	74	132
18	17	1/4	1/4	2/4	2	1	1/16		1/16	1		2	62	139
18	17	1/4	1/4	2/4	1	1	1/8		1/8	1		-1	77	133
18	17	5/16	5/16	2/4	2	1	1/16		1/16	1		-1	65	140
18	17	3/8	3/8	2/4	2	1	1/16		1/16	1		-2	58	141
18	17	3/8	3/8	2/4	1	1	1/8		1/8	1		-1	77	134
18	17	7/16	7/16	2/4	2	1	1/16		1/16	1		-1	65	142
19	18	0	0	2/4	2	1	1/16		1/16	1		3	57	147
19	18	0	0	2/4	1	1	1/8		1/8	1		-3	87	143
19	18	1/16	1/16	2/4	2	1	1/16		1/16	1		-1	65	148
19	18	1/8	1/8	2/4	2	1	1/16		1/16	1		0	60	149
19	18	1/8	1/8	2/4	1	1	1/8		1/8	1		3	81	144
19	18	3/16	3/16	2/4	2	1	1/16		1/16	1		-1	65	150
19	18	1/4	1/4	2/4	2	1	1/16		1/16	1		-3	63	151
19	18	1/4	1/4	2/4	1	1	1/8		1/8	1		3	81	145
19	18	5/16	5/16	2/4	2	1	1/16		1/16	1		-1	65	152
19	18	3/8	3/8	2/4	2	1	1/16		1/16	1		0	60	153
19	18	3/8	3/8	2/4	1	1	1/8		1/8	1		3	81	146
19	18	7/16	7/16	2/4	2	1	1/16		1/16	1		-1	65	154
20	19	0	0	2/4	2	1	1/16		1/16	1		2	62	159
20	19	0	0	2/4	1	1	3/16		1/8	3/2		-2	82	155
20	19	1/16	1/16	2/4	2	1	1/16		1/16	1		-1	65	160
20	19	1/8	1/8	2/4	2	1	1/16		1/16	1		-2	58	161
20	19	3/16	3/16	2/4	2	1	1/16		1/16	1		-1	65	162
20	19	3/16	3/16	2/4	1	1	1/16		1/16	1		2	86	156
20	19	1/4	1/4	2/4	2	1	1/16		1/16	1		2	62	163
20	19	1/4	1/4	2/4	1	1	1/8		1/8	1		-1	89	157
20	19	5/16	5/16	2/4	2	1	1/16		1/16	1		-1	65	164
20	19	3/8	3/8	2/4	2	1	1/16		1/16	1		-2	58	165
20	19	3/8	3/8	2/4	1	1	1/8		1/8	1		-1	65	158
20	19	7/16	7/16	2/4	2	1	1/16		1/16	1		-1	65	166
21	20	0	0	2/4	2	1	1/16		1/16	1		3	57	171
21	20	0	0	2/4	1	1	1/8		1/8	1		-3	75	167
21	20	1/16	1/16	2/4	2	1	1/16		1/16	1		-1	65	172
21	20	1/8	1/8	2/4	2	1	1/16		1/16	1		0	60	173
21	20	1/8	1/8	2/4	1	1	1/8		1/8	1		3	69	168
21	20	3/16	3/16	2/4	2	1	1/16		1/16	1		-1	65	174
21	20	1/4	1/4	2/4	2	1	1/16		1/16	1		-3	63	175
21	20	1/4	1/4	2/4	1	1	1/8		1/8	1		3	69	169
21	20	5/16	5/16	2/4	2	1	1/16		1/16	1		-1	65	176
21	20	3/8	3/8	2/4	2	1	1/16		1/16	1		0	60	177
21	20	3/8	3/8	2/4	1	1	1/8		1/8	1		3	69	170
21	20	7/16	7/16	2/4	2	1	1/16		1/16	1		-1	65	178
22	21	0	0	2/4	2	1	1/16		1/16	1		2	62	185
22	21	0	0	2/4	1	1	3/16		1/8	3/2		-2	70	179
22	21	1/16	1/16	2/4	2	1	1/16		1/16	1		-1	65	186
22	21	1/8	1/8	2/4	2	1	1/16		1/16	1		-2	58	187
22	21	3/16	3/16	2/4	2	1	1/16		1/16	1		-1	65	188
22	21	3/16	3/16	2/4	1	1	1/16		1/16	1		0	72	180
22	21	1/4	1/4	2/4	2	1	1/16		1/16	1		-4	56	189
22	21	1/4	1/4	2/4	1	1	1/16		1/16	1		2	74	181
22	21	5/16	5/16	2/4	2	1	1/16		1/16	1		-1	65	190
22	21	5/16	5/16	2/4	1	1	1/16		1/16	1		-2	70	182
22	21	3/8	3/8	2/4	2	1	1/16		1/16	1		-2	58	191
22	21	3/8	3/8	2/4	1	1	1/16		1/16	1		0	72	183
22	21	7/16	7/16	2/4	2	1	1/16		1/16	1		-1	65	192
22	21	7/16	7/16	2/4	1	1	1/16		1/16	1		2	74	184
23	22	0	0	2/4	2	1	1/16		1/16	1		1	55	199
23	22	0	0	2/4	1	1	3/16		1/8	3/2		-3	75	193
23	22	1/16	1/16	2/4	2	1	1/16		1/16	1		-3	63	200
23	22	1/8	1/8	2/4	2	1	1/16		1/16	1		-2	58	201
23	22	3/16	3/16	2/4	2	1	1/16		1/16	1		-3	63	202
23	22	3/16	3/16	2/4	1	1	1/16		1/16	1		-1	77	194
23	22	1/4	1/4	2/4	2	1	1/16		1/16	1		-3	51	203
23	22	1/4	1/4	2/4	1	1	1/16		1/16	1		1	79	195
23	22	5/16	5/16	2/4	2	1	1/16		1/16	1		-3	63	204
23	22	5/16	5/16	2/4	1	1	1/16		1/16	1		3	81	196
23	22	3/8	3/8	2/4	2	1	1/16		1/16	1		-2	58	205
23	22	3/8	3/8	2/4	1	1	1/16		1/16	1		-2	82	197
23	22	7/16	7/16	2/4	2	1	1/16		1/16	1		-3	63	206
23	22	7/16	7/16	2/4	1	1	1/16		1/16	1		1	79	198
24	23	0	0	2/4	2	1	1/16		1/16	1		-1	53	215
24	23	0	0	2/4	1	1	1/16		1/16	1		4	76	207
24	23	1/16	1/16	2/4	2	1	1/16		1/16	1		2	62	216
24	23	1/16	1/16	2/4	1	1	1/16		1/16	1		-1	77	208
24	23	1/8	1/8	2/4	2	1	1/16		1/16	1		-2	58	217
24	23	1/8	1/8	2/4	1	1	1/16		1/16	1		1	79	209
24	23	3/16	3/16	2/4	2	1	1/16		1/16	1		2	62	218
24	23	3/16	3/16	2/4	1	1	1/16		1/16	1		-1	77	210
24	23	1/4	1/4	2/4	2	1	1/16		1/16	1		-1	53	219
24	23	1/4	1/4	2/4	1	1	1/16		1/16	1		-1	77	211
24	23	5/16	5/16	2/4	2	1	1/16		1/16	1		-3	63	220
24	23	5/16	5/16	2/4	1	1	1/16		1/16	1		-3	75	212
24	23	3/8	3/8	2/4	2	1	1/16		1/16	1		3	57	221
24	23	3/8	3/8	2/4	1	1	1/16		1/16	1		2	74	213
24	23	7/16	7/16	2/4	2	1	1/16		1/16	1		-3	63	222
24	23	7/16	7/16	2/4	1	1	1/16		1/16	1		0	72	214
25	24	0	0	2/4	2	1	1/4		1/4	1		-2	58	231
25	24	0	0	2/4	2	1	1/4		1/4	1		2	62	231
25	24	0	0	2/4	1	1	1/16		1/16	1		7	73	223
25	24	1/16	1/16	2/4	1	1	1/16		1/16	1		2	74	224
25	24	1/8	1/8	2/4	1	1	1/16		1/16	1		-3	75	225
25	24	3/16	3/16	2/4	1	1	1/16		1/16	1		2	74	226
25	24	1/4	1/4	2/4	1	1	1/16		1/16	1		-1	77	227
25	24	5/16	5/16	2/4	1	1	1/16		1/16	1		-3	75	228
25	24	3/8	3/8	2/4	1	1	1/16		1/16	1		2	74	229
25	24	7/16	7/16	2/4	1	1	1/16		1/16	1		0	72	230
26	25	0	0	2/4	2	1	1/16		1/16	1		2	62	238
26	25	0	0	2/4	1	1	3/16		1/8	3/2		-2	70	232
26	25	1/16	1/16	2/4	2	1	1/16		1/16	1		-1	65	239
26	25	1/8	1/8	2/4	2	1	1/16		1/16	1		-2	58	240
26	25	3/16	3/16	2/4	2	1	1/16		1/16	1		-1	65	241
26	25	3/16	3/16	2/4	1	1	1/16		1/16	1		0	72	233
26	25	1/4	1/4	2/4	2	1	1/16		1/16	1		-4	56	242
26	25	1/4	1/4	2/4	1	1	1/16		1/16	1		2	74	234
26	25	5/16	5/16	2/4	2	1	1/16		1/16	1		-1	65	243
26	25	5/16	5/16	2/4	1	1	1/16		1/16	1		-2	70	235
26	25	3/8	3/8	2/4	2	1	1/16		1/16	1		-2	58	244
26	25	3/8	3/8	2/4	1	1	1/16		1/16	1		0	72	236
26	25	7/16	7/16	2/4	2	1	1/16		1/16	1		-1	65	245
26	25	7/16	7/16	2/4	1	1	1/16		1/16	1		2	74	237
27	26	0	0	2/4	2	1	1/16		1/16	1		1	55	254
27	26	0	0	2/4	1	1	1/16		1/16	1		-3	75	246
27	26	1/16	1/16	2/4	2	1	1/16		1/16	1		-3	63	255
27	26	1/16	1/16	2/4	1	1	1/16		1/16	1		-1	77	247
27	26	1/8	1/8	2/4	2	1	1/16		1/16	1		-2	58	256
27	26	1/8	1/8	2/4	1	1	1/16		1/16	1		1	79	248
27	26	3/16	3/16	2/4	2	1	1/16		1/16	1		-3	63	257
27	26	3/16	3/16	2/4	1	1	1/16		1/16	1		3	81	249
27	26	1/4	1/4	2/4	2	1	1/16		1/16	1		-3	51	258
27	26	1/4	1/4	2/4	1	1	1/16		1/16	1		0	84	250
27	26	5/16	5/16	2/4	2	1	1/16		1/16	1		-3	63	259
27	26	5/16	5/16	2/4	1	1	1/16		1/16	1		-2	82	251
27	26	3/8	3/8	2/4	2	1	1/16		1/16	1		-2	58	260
27	26	3/8	3/8	2/4	1	1	1/16		1/16	1		3	81	252
27	26	7/16	7/16	2/4	2	1	1/16		1/16	1		-3	63	261
27	26	7/16	7/16	2/4	1	1	1/16		1/16	1		1	79	253
28	27	0	0	2/4	2	1	1/16		1/16	1		2	50	270
28	27	0	0	2/4	1	1	1/16		1/16	1		1	79	262
28	27	1/16	1/16	2/4	2	1	1/16		1/16	1		2	62	271
28	27	1/16	1/16	2/4	1	1	1/16		1/16	1		-1	77	263
28	27	1/8	1/8	2/4	2	1	1/16		1/16	1		-2	58	272
28	27	1/8	1/8	2/4	1	1	1/16		1/16	1		4	76	264
28	27	3/16	3/16	2/4	2	1	1/16		1/16	1		2	62	273
28	27	3/16	3/16	2/4	1	1	1/16		1/16	1		-1	77	265
28	27	1/4	1/4	2/4	2	1	1/16		1/16	1		-3	51	274
28	27	1/4	1/4	2/4	1	1	1/16		1/16	1		3	81	266
28	27	5/16	5/16	2/4	2	1	1/16		1/16	1		0	60	275
28	27	5/16	5/16	2/4	1	1	1/16		1/16	1		1	79	267
28	27	3/8	3/8	2/4	2	1	1/16		1/16	1		1	55	276
28	27	3/8	3/8	2/4	1	1	1/16		1/16	1		-1	77	268
28	27	7/16	7/16	2/4	2	1	1/16		1/16	1		0	60	277
28	27	7/16	7/16	2/4	1	1	1/16		1/16	1		-3	75	269
29	28	0	0	2/4	2	1	1/16		1/16	1		-1	53	286
29	28	0	0	2/4	1	1	1/16		1/16	1		-3	75	278
29	28	1/16	1/16	2/4	2	1	1/16		1/16	1		2	62	287
29	28	1/16	1/16	2/4	1	1	1/16		1/16	1		2	74	279
29	28	1/8	1/8	2/4	2	1	1/16		1/16	1		-2	58	288
29	28	1/8	1/8	2/4	1	1	1/16		1/16	1		7	73	280
29	28	3/16	3/16	2/4	2	1	1/16		1/16	1		2	62	289
29	28	3/16	3/16	2/4	1	1	1/16		1/16	1		2	74	281
29	28	1/4	1/4	2/4	2	1	1/16		1/16	1		-1	53	290
29	28	1/4	1/4	2/4	1	1	1/16		1/16	1		-1	77	282
29	28	5/16	5/16	2/4	2	1	1/16		1/16	1		-3	63	291
29	28	5/16	5/16	2/4	1	1	1/16		1/16	1		-3	75	283
29	28	3/8	3/8	2/4	2	1	1/16		1/16	1		3	57	292
29	28	3/8	3/8	2/4	1	1	1/16		1/16	1		2	74	284
29	28	7/16	7/16	2/4	2	1	1/16		1/16	1		-3	63	293
29	28	7/16	7/16	2/4	1	1	1/16		1/16	1		0	72	285
30	29	0	0	2/4	2	1	1/16		1/16	1		-2	58	297
30	29	0	0	2/4	2	1	1/16		1/16	1		2	62	297
30	29	0	0	2/4	1	1	1/4		1/4	1		-2	70	294
30	29	1/16	1/16	2/4	2	1	1/16		1/16	1		-1	65	298
30	29	1/8	1/8	2/4	2	1	1/16		1/16	1		4	64	299
30	29	3/16	3/16	2/4	2	1	1/16		1/16	1		-1	65	300
30	29	1/4	1/4	2/4	2	1	1/16		1/16	1		1	67	301
30	29	5/16	5/16	2/4	2	1	1/16		1/16	1		-1	65	302
30	29	3/8	3/8	2/4	2	1	1/16		1/16	1		-3	63	303
30	29	3/8	3/8	2/4	1	1	1/16		1/16	1		0	72	295
30	29	7/16	7/16	2/4	2	1	1/16		1/16	1		2	62	304
30	29	7/16	7/16	2/4	1	1	1/16		1/16	1		2	74	296
31	30	0	0	2/4	2	1	1/16		1/16	1		0	60	309
31	30	0	0	2/4	1	1	1/8		1/8	1		-3	75	305
31	30	1/16	1/16	2/4	2	1	1/16		1/16	1		-1	65	310
31	30	1/8	1/8	2/4	2	1	1/16		1/16	1		-3	63	311
31	30	1/8	1/8	2/4	1	1	1/8		1/8	1		3	69	306
31	30	3/16	3/16	2/4	2	1	1/16		1/16	1		-1	65	312
31	30	1/4	1/4	2/4	2	1	1/16		1/16	1		-1	53	313
31	30	1/4	1/4	2/4	2	1	1/16		1/16	1		0	60	313
31	30	1/4	1/4	2/4	1	1	1/8		1/8	1		3	69	307
31	30	5/16	5/16	2/4	2	1	1/16		1/16	1		-1	65	314
31	30	3/8	3/8	2/4	2	1	1/16		1/16	1		-3	63	315
31	30	3/8	3/8	2/4	1	1	1/8		1/8	1		3	69	308
31	30	7/16	7/16	2/4	2	1	1/16		1/16	1		-1	65	316
32	31	0	0	2/4	2	1	1/16		1/16	1		-2	58	320
32	31	0	0	2/4	2	1	1/16		1/16	1		2	62	320
32	31	0	0	2/4	1	1	1/4		1/4	1		-2	70	317
32	31	1/16	1/16	2/4	2	1	1/16		1/16	1		-1	65	321
32	31	1/8	1/8	2/4	2	1	1/16		1/16	1		4	64	322
32	31	3/16	3/16	2/4	2	1	1/16		1/16	1		-1	65	323
32	31	1/4	1/4	2/4	2	1	1/16		1/16	1		1	67	324
32	31	5/16	5/16	2/4	2	1	1/16		1/16	1		-1	65	325
32	31	3/8	3/8	2/4	2	1	1/16		1/16	1		-3	63	326
32	31	3/8	3/8	2/4	1	1	1/16		1/16	1		0	72	318
32	31	7/16	7/16	2/4	2	1	1/16		1/16	1		2	62	327
32	31	7/16	7/16	2/4	1	1	1/16		1/16	1		2	74	319
33	32	0	0	2/4	2	1	1/16		1/16	1		0	60	332
33	32	0	0	2/4	1	1	1/8		1/8	1		-3	75	328
33	32	1/16	1/16	2/4	2	1	1/16		1/16	1		-1	65	333
33	32	1/8	1/8	2/4	2	1	1/16		1/16	1		-3	63	334
33	32	1/8	1/8	2/4	1	1	1/8		1/8	1		3	69	329
33	32	3/16	3/16	2/4	2	1	1/16		1/16	1		-1	65	335
33	32	1/4	1/4	2/4	2	1	1/16		1/16	1		-1	53	336
33	32	1/4	1/4	2/4	2	1	1/16		1/16	1		0	60	336
33	32	1/4	1/4	2/4	1	1	1/8		1/8	1		3	69	330
33	32	5/16	5/16	2/4	2	1	1/16		1/16	1		-1	65	337
33	32	3/8	3/8	2/4	2	1	1/16		1/16	1		-3	63	338
33	32	3/8	3/8	2/4	1	1	1/8		1/8	1		3	69	331
33	32	7/16	7/16	2/4	2	1	1/16		1/16	1		-1	65	339
34	33	0	0	2/4	2	1	1/4		1/4	1	1	-2	58	342
34	33	0	0	2/4	2	1	1/4		1/4	1		-3	63	342
34	33	0	0	2/4	1	1	1/4		1/4	1		3	69	340
34	33	0	0	2/4	1	1	1/4		1/4	1		0	72	340
34	33	1/4	1/4	2/4	2	1	1/8		1/8	1	-1	-2	58	343
34	33	1/4	1/4	2/4	2	1	1/8		1/8	1		2	62	343
34	33	1/4	1/4	2/4	1	1	1/8		1/8	1		-2	70	341
35	33	0	3/8	2/4	2	1	1/8		1/8	1		-2	46	345
35	33	0	3/8	2/4	1	1	1/8		1/8	1		-2	58	344
36	34	0	0	2/4	2	1	1/8		1/8	1		-1	53	350
36	34	0	0	2/4	1	1	1/8		1/8	1		-1	65	346
36	34	1/8	1/8	2/4	2	1	1/8		1/8	1		-2	46	351
36	34	1/8	1/8	2/4	1	1	1/8		1/8	1		-2	58	347
36	34	1/4	1/4	2/4	2	1	1/8		1/8	1		-2	46	352
36	34	1/4	1/4	2/4	1	1	1/8		1/8	1		-2	58	348
36	34	3/8	3/8	2/4	2	1	1/8		1/8	1		-2	46	353
36	34	3/8	3/8	2/4	1	1	1/8		1/8	1		-2	58	349
37	35	0	0	2/4	2	1	1/8		1/8	1		-1	53	358
37	35	0	0	2/4	1	1	1/8		1/8	1		-1	65	354
37	35	1/8	1/8	2/4	2	1	1/8		1/8	1		-4	44	359
37	35	1/8	1/8	2/4	1	1	1/8		1/8	1		-4	56	355
37	35	1/4	1/4	2/4	2	1	1/8		1/8	1		-4	44	360
37	35	1/4	1/4	2/4	1	1	1/8		1/8	1		-4	56	356
37	35	3/8	3/8	2/4	2	1	1/8		1/8	1		-4	44	361
37	35	3/8	3/8	2/4	1	1	1/8		1/8	1		-4	56	357
38	36	0	0	2/4	2	1	1/8		1/8	1		1	43	366
38	36	0	0	2/4	1	1	1/8		1/8	1		1	55	362
38	36	1/8	1/8	2/4	2	1	1/8		1/8	1		-2	46	367
38	36	1/8	1/8	2/4	1	1	1/8		1/8	1		-2	58	363
38	36	1/4	1/4	2/4	2	1	1/8		1/8	1		-3	51	368
38	36	1/4	1/4	2/4	1	1	1/8		1/8	1		-3	63	364
38	36	3/8	3/8	2/4	2	1	1/8		1/8	1		1	55	369
38	36	3/8	3/8	2/4	1	1	1/8		1/8	1		1	67	365
39	37	0	0	2/4	2	2	1/4		1/4	1		-4	44	380
39	37	0	0	2/4	2	1	1/8		1/8	1		-4	56	376
39	37	0	0	2/4	1	2	1/4		1/4	1		0	60	374
39	37	0	0	2/4	1	1	1/8		1/8	1		-1	65	370
39	37	1/8	1/8	2/4	2	1	1/8		1/8	1		-1	53	377
39	37	1/8	1/8	2/4	1	1	1/8		1/8	1		-4	68	371
39	37	1/4	1/4	2/4	2	2	1/4		1/4	1		-2	46	381
39	37	1/4	1/4	2/4	2	1	1/8		1/8	1		-1	53	378
39	37	1/4	1/4	2/4	1	2	1/4		1/4	1		-4	56	375
39	37	1/4	1/4	2/4	1	1	1/8		1/8	1		2	62	372
39	37	3/8	3/8	2/4	2	1	1/8		1/8	1		2	50	379
39	37	3/8	3/8	2/4	1	1	1/8		1/8	1		-2	58	373
40	38	0	0	2/4	2	1	1/8		1/8	1		-3	39	386
40	38	0	0	2/4	2	1	1/8		1/8	1		-3	51	386
40	38	0	0	2/4	1	1	1/8		1/8	1		1	55	382
40	38	0	0	2/4	1	1	1/8		1/8	1		-2	58	382
40	38	0	0	2/4	1	1	1/8		1/8	1		-3	63	382
40	38	1/8	1/8	2/4	2	1	1/8		1/8	1		-3	63	387
40	38	1/8	1/8	2/4	2	1	1/8		1/8	1		1	67	387
40	38	1/4	1/4	2/4	2	1	1/8		1/8	1		-3	63	388
40	38	1/4	1/4	2/4	2	1	1/8		1/8	1		1	67	388
40	38	5/16	5/16	2/4	1	1	1/16		1/16	1		1	79	383
40	38	3/8	3/8	2/4	1	1	1/16		1/16	1		-1	77	384
40	38	7/16	7/16	2/4	1	1	1/16		1/16	1		-3	75	385
41	39	0	0	2/4	1	1	1/8		1/8	1		2	74	389
41	39	1/8	1/8	2/4	2	1	1/8		1/8	1		-1	65	393
41	39	1/8	1/8	2/4	2	1	1/8		1/8	1		-4	68	393
41	39	1/4	1/4	2/4	2	1	1/8		1/8	1		-1	65	394
41	39	1/4	1/4	2/4	2	1	1/8		1/8	1		-4	68	394
41	39	5/16	5/16	2/4	1	1	1/16		1/16	1		-4	80	390
41	39	3/8	3/8	2/4	1	1	1/16		1/16	1		1	79	391
41	39	7/16	7/16	2/4	1	1	1/16		1/16	1		-1	77	392
42	40	0	0	2/4	1	1	1/8		1/8	1		-3	75	395
42	40	1/8	1/8	2/4	2	1	1/8		1/8	1		1	67	401
42	40	1/8	1/8	2/4	2	1	1/8		1/8	1		-2	70	401
42	40	3/16	3/16	2/4	1	1	1/16		1/16	1		-3	87	396
42	40	1/4	1/4	2/4	2	1	1/8		1/8	1		1	67	402
42	40	1/4	1/4	2/4	2	1	1/8		1/8	1		-2	70	402
42	40	1/4	1/4	2/4	1	1	1/16		1/16	1		2	86	397
42	40	5/16	5/16	2/4	1	1	1/16		1/16	1		-3	87	398
42	40	3/8	3/8	2/4	2	1	1/8		1/8	1		1	67	403
42	40	3/8	3/8	2/4	2	1	1/8		1/8	1		-2	70	403
42	40	3/8	3/8	2/4	1	1	1/16		1/16	1		2	86	399
42	40	7/16	7/16	2/4	1	1	1/16		1/16	1		0	84	400
43	41	0	0	2/4	2	1	1/4		1/4	1		-4	68	412
43	41	0	0	2/4	2	1	1/4		1/4	1		0	72	412
43	41	0	0	2/4	1	1	1/16		1/16	1		5	83	404
43	41	1/16	1/16	2/4	1	1	1/16		1/16	1		0	84	405
43	41	1/8	1/8	2/4	1	1	1/16		1/16	1		-2	82	406
43	41	3/16	3/16	2/4	1	1	1/16		1/16	1		-4	80	407
43	41	1/4	1/4	2/4	2	1	1/4		1/4	1		-2	70	413
43	41	1/4	1/4	2/4	2	1	1/4		1/4	1		2	74	413
43	41	1/4	1/4	2/4	1	1	1/16		1/16	1		1	79	408
43	41	5/16	5/16	2/4	1	1	1/16		1/16	1		-1	77	409
43	41	3/8	3/8	2/4	1	1	1/16		1/16	1		0	84	410
43	41	7/16	7/16	2/4	1	1	1/16		1/16	1		-2	82	411
44	42	0	0	2/4	1	1	1/8		1/8	1		-4	80	414
44	42	1/8	1/8	2/4	2	1	1/8		1/8	1		-3	63	422
44	42	1/8	1/8	2/4	2	1	1/8		1/8	1		-2	70	422
44	42	1/8	1/8	2/4	1	1	1/8		1/8	1		1	79	415
44	42	1/4	1/4	2/4	2	1	1/8		1/8	1		-3	63	423
44	42	1/4	1/4	2/4	2	1	1/8		1/8	1		1	67	423
44	42	5/16	5/16	2/4	1	1	1/32		1/32	1		1	79	416
44	42	11/32	11/32	2/4	1	1	1/32		1/32	1		-1	77	417
44	42	3/8	3/8	2/4	1	1	1/32		1/32	1		-4	80	418
44	42	13/32	13/32	2/4	1	1	1/32		1/32	1		1	79	419
44	42	7/16	7/16	2/4	1	1	1/32		1/32	1		-1	77	420
44	42	15/32	15/32	2/4	1	1	1/32		1/32	1		-3	75	421
45	43	0	0	2/4	1	1	0	acciaccatura	1/8	1		-1	77	424
45	43	0	0	2/4	1	1	1/16		1/16	1		-3	75	425
45	43	1/16	1/16	2/4	1	1	1/16		1/16	1		2	74	426
45	43	1/8	1/8	2/4	2	1	1/8		1/8	1		-1	65	434
45	43	1/8	1/8	2/4	2	1	1/8		1/8	1		-4	68	434
45	43	1/8	1/8	2/4	1	1	1/8		1/8	1		2	74	427
45	43	1/4	1/4	2/4	2	1	1/8		1/8	1		-1	65	435
45	43	1/4	1/4	2/4	2	1	1/8		1/8	1		-4	68	435
45	43	5/16	5/16	2/4	1	1	1/32		1/32	1		-4	80	428
45	43	11/32	11/32	2/4	1	1	1/32		1/32	1		1	79	429
45	43	3/8	3/8	2/4	1	1	1/32		1/32	1		-2	82	430
45	43	13/32	13/32	2/4	1	1	1/32		1/32	1		-4	80	431
45	43	7/16	7/16	2/4	1	1	1/32		1/32	1		1	79	432
45	43	15/32	15/32	2/4	1	1	1/32		1/32	1		-1	77	433
46	44	0	0	2/4	1	1	0	acciaccatura	1/8	1		1	79	436
46	44	0	0	2/4	1	1	1/16		1/16	1		-1	77	437
46	44	1/16	1/16	2/4	1	1	1/16		1/16	1		-3	75	438
46	44	1/8	1/8	2/4	2	1	1/8		1/8	1		1	67	446
46	44	1/8	1/8	2/4	2	1	1/8		1/8	1		-2	70	446
46	44	1/8	1/8	2/4	1	1	1/8		1/8	1		-3	75	439
46	44	1/4	1/4	2/4	2	1	1/8		1/8	1		1	67	447
46	44	1/4	1/4	2/4	2	1	1/8		1/8	1		-2	70	447
46	44	5/16	5/16	2/4	1	1	1/32		1/32	1		-3	87	440
46	44	11/32	11/32	2/4	1	1	1/32		1/32	1		2	86	441
46	44	3/8	3/8	2/4	2	1	1/8		1/8	1		1	67	448
46	44	3/8	3/8	2/4	2	1	1/8		1/8	1		-2	70	448
46	44	3/8	3/8	2/4	1	1	1/32		1/32	1		-1	89	442
46	44	13/32	13/32	2/4	1	1	1/32		1/32	1		-3	87	443
46	44	7/16	7/16	2/4	1	1	1/32		1/32	1		2	86	444
46	44	15/32	15/32	2/4	1	1	1/32		1/32	1		0	84	445
47	45	0	0	2/4	2	1	1/4		1/4	1		-4	68	457
47	45	0	0	2/4	2	1	1/4		1/4	1		0	72	457
47	45	0	0	2/4	1	1	1/16		1/16	1		5	83	449
47	45	1/16	1/16	2/4	1	1	1/16		1/16	1		0	84	450
47	45	1/8	1/8	2/4	1	1	1/16		1/16	1		-2	82	451
47	45	3/16	3/16	2/4	1	1	1/16		1/16	1		-4	80	452
47	45	1/4	1/4	2/4	2	1	1/4		1/4	1		-2	58	458
47	45	1/4	1/4	2/4	2	1	1/4		1/4	1		-1	65	458
47	45	1/4	1/4	2/4	2	1	1/4		1/4	1		-4	68	458
47	45	1/4	1/4	2/4	1	1	1/16		1/16	1		1	79	453
47	45	5/16	5/16	2/4	1	1	1/16		1/16	1		-1	77	454
47	45	3/8	3/8	2/4	1	1	1/16		1/16	1		-4	80	455
47	45	7/16	7/16	2/4	1	1	1/16		1/16	1		2	74	456
48	46	0	0	2/4	2	1	1/16		1/16	1		-3	63	462
48	46	0	0	2/4	2	1	1/16		1/16	1		1	67	462
48	46	0	0	2/4	1	1	1/4		1/4	1		-3	75	459
48	46	1/16	1/16	2/4	2	1	1/16		1/16	1		-2	70	463
48	46	1/8	1/8	2/4	2	1	1/16		1/16	1		3	69	464
48	46	3/16	3/16	2/4	2	1	1/16		1/16	1		-2	70	465
48	46	1/4	1/4	2/4	2	1	1/16		1/16	1		0	72	466
48	46	5/16	5/16	2/4	2	1	1/16		1/16	1		-2	70	467
48	46	3/8	3/8	2/4	2	1	1/16		1/16	1		-4	68	468
48	46	3/8	3/8	2/4	1	1	1/16		1/16	1		-1	77	460
48	46	7/16	7/16	2/4	2	1	1/16		1/16	1		1	67	469
48	46	7/16	7/16	2/4	1	1	1/16		1/16	1		1	79	461
49	47	0	0	2/4	2	1	1/16		1/16	1		-1	65	474
49	47	0	0	2/4	1	1	1/8		1/8	1		-4	80	470
49	47	1/16	1/16	2/4	2	1	1/16		1/16	1		-2	70	475
49	47	1/8	1/8	2/4	2	1	1/16		1/16	1		-4	68	476
49	47	1/8	1/8	2/4	1	1	1/8		1/8	1		2	74	471
49	47	3/16	3/16	2/4	2	1	1/16		1/16	1		-2	70	477
49	47	1/4	1/4	2/4	2	1	1/16		1/16	1		-2	58	478
49	47	1/4	1/4	2/4	2	1	1/16		1/16	1		-1	65	478
49	47	1/4	1/4	2/4	1	1	1/8		1/8	1		2	74	472
49	47	5/16	5/16	2/4	2	1	1/16		1/16	1		-2	70	479
49	47	3/8	3/8	2/4	2	1	1/16		1/16	1		-4	68	480
49	47	3/8	3/8	2/4	1	1	1/8		1/8	1		2	74	473
49	47	7/16	7/16	2/4	2	1	1/16		1/16	1		-2	70	481
50	48	0	0	2/4	2	1	1/16		1/16	1		-3	63	485
50	48	0	0	2/4	1	1	1/4		1/4	1		-3	75	482
50	48	1/16	1/16	2/4	2	1	1/16		1/16	1		1	67	486
50	48	1/8	1/8	2/4	2	1	1/16		1/16	1		6	66	487
50	48	3/16	3/16	2/4	2	1	1/16		1/16	1		1	67	488
50	48	1/4	1/4	2/4	2	1	1/16		1/16	1		-4	68	489
50	48	5/16	5/16	2/4	2	1	1/16		1/16	1		1	67	490
50	48	3/8	3/8	2/4	2	1	1/16		1/16	1		-1	65	491
50	48	3/8	3/8	2/4	1	1	1/16		1/16	1		2	74	483
50	48	7/16	7/16	2/4	2	1	1/16		1/16	1		-3	63	492
50	48	7/16	7/16	2/4	1	1	1/16		1/16	1		-3	75	484
51	49	0	0	2/4	2	1	1/16		1/16	1		2	62	497
51	49	0	0	2/4	1	1	1/8		1/8	1		-1	77	493
51	49	1/16	1/16	2/4	2	1	1/16		1/16	1		1	67	498
51	49	1/8	1/8	2/4	2	1	1/16		1/16	1		-1	65	499
51	49	1/8	1/8	2/4	1	1	1/8		1/8	1		5	71	494
51	49	3/16	3/16	2/4	2	1	1/16		1/16	1		1	67	500
51	49	1/4	1/4	2/4	2	1	1/16		1/16	1		1	55	501
51	49	1/4	1/4	2/4	2	1	1/16		1/16	1		2	62	501
51	49	1/4	1/4	2/4	1	1	1/8		1/8	1		5	71	495
51	49	5/16	5/16	2/4	2	1	1/16		1/16	1		1	67	502
51	49	3/8	3/8	2/4	2	1	1/16		1/16	1		-1	65	503
51	49	3/8	3/8	2/4	1	1	1/8		1/8	1		5	71	496
51	49	7/16	7/16	2/4	2	1	1/16		1/16	1		1	67	504
52	50	0	0	2/4	2	1	1/16		1/16	1		0	60	508
52	50	0	0	2/4	1	1	1/4		1/4	1		0	72	505
52	50	1/16	1/16	2/4	2	1	1/16		1/16	1		2	62	509
52	50	1/8	1/8	2/4	2	1	1/16		1/16	1		-3	63	510
52	50	3/16	3/16	2/4	2	1	1/16		1/16	1		2	62	511
52	50	1/4	1/4	2/4	2	1	1/16		1/16	1		0	60	512
52	50	5/16	5/16	2/4	2	1	1/16		1/16	1		-2	58	513
52	50	3/8	3/8	2/4	2	1	1/16		1/16	1		3	57	514
52	50	3/8	3/8	2/4	1	1	1/16		1/16	1		3	69	506
52	50	3/8	3/8	2/4	1	1	1/16		1/16	1		3	81	506
52	50	7/16	7/16	2/4	2	1	1/16		1/16	1		1	55	515
52	50	7/16	7/16	2/4	1	1	1/16		1/16	1		-2	70	507
52	50	7/16	7/16	2/4	1	1	1/16		1/16	1		-2	82	507
53	51	0	0	2/4	2	1	1/16		1/16	1		6	54	520
53	51	0	0	2/4	1	1	1/8		1/8	1		0	72	516
53	51	0	0	2/4	1	1	1/8		1/8	1		0	84	516
53	51	1/16	1/16	2/4	2	1	1/16		1/16	1		2	62	521
53	51	1/8	1/8	2/4	2	1	1/16		1/16	1		3	57	522
53	51	1/8	1/8	2/4	1	1	1/8		1/8	1		6	66	517
53	51	1/8	1/8	2/4	1	1	1/8		1/8	1		6	78	517
53	51	3/16	3/16	2/4	2	1	1/16		1/16	1		2	62	523
53	51	1/4	1/4	2/4	2	1	1/16		1/16	1		0	60	524
53	51	1/4	1/4	2/4	1	1	1/8		1/8	1		6	66	518
53	51	1/4	1/4	2/4	1	1	1/8		1/8	1		6	78	518
53	51	5/16	5/16	2/4	2	1	1/16		1/16	1		2	62	525
53	51	3/8	3/8	2/4	2	1	1/16		1/16	1		3	57	526
53	51	3/8	3/8	2/4	1	1	1/8		1/8	1		6	66	519
53	51	3/8	3/8	2/4	1	1	1/8		1/8	1		6	78	519
53	51	7/16	7/16	2/4	2	1	1/16		1/16	1		2	62	527
54	52	0	0	2/4	2	1	1/16		1/16	1		-2	58	530
54	52	0	0	2/4	1	1	1/4		1/4	1		1	67	528
54	52	0	0	2/4	1	1	1/4		1/4	1		1	79	528
54	52	1/16	1/16	2/4	2	1	1/16		1/16	1		2	62	531
54	52	1/8	1/8	2/4	2	1	1/16		1/16	1		1	55	532
54	52	3/16	3/16	2/4	2	1	1/16		1/16	1		2	62	533
54	52	1/4	1/4	2/4	2	1	1/16		1/16	1		6	54	534
54	52	1/4	1/4	2/4	1	1	1/4		1/4	1		3	69	529
54	52	1/4	1/4	2/4	1	1	1/4		1/4	1		3	81	529
54	52	5/16	5/16	2/4	2	1	1/16		1/16	1		2	62	535
54	52	3/8	3/8	2/4	2	1	1/16		1/16	1		3	57	536
54	52	7/16	7/16	2/4	2	1	1/16		1/16	1		2	62	537
55	53	0	0	2/4	2	1	1/16		1/16	1		1	55	542
55	53	0	0	2/4	1	1	1/8		1/8	1		0	72	538
55	53	0	0	2/4	1	1	1/8		1/8	1		0	84	538
55	53	1/16	1/16	2/4	2	1	1/16		1/16	1		2	62	543
55	53	1/8	1/8	2/4	2	1	1/16		1/16	1		-2	58	544
55	53	1/8	1/8	2/4	1	1	1/8		1/8	1		-2	70	539
55	53	1/8	1/8	2/4	1	1	1/8		1/8	1		-2	82	539
55	53	3/16	3/16	2/4	2	1	1/16		1/16	1		2	62	545
55	53	1/4	1/4	2/4	2	1	1/16		1/16	1		-3	51	546
55	53	1/4	1/4	2/4	1	1	1/8		1/8	1		3	69	540
55	53	1/4	1/4	2/4	1	1	1/8		1/8	1		3	81	540
55	53	5/16	5/16	2/4	2	1	1/16		1/16	1		7	61	547
55	53	3/8	3/8	2/4	2	1	1/16		1/16	1		1	55	548
55	53	3/8	3/8	2/4	1	1	1/8		1/8	1		1	67	541
55	53	3/8	3/8	2/4	1	1	1/8		1/8	1		1	79	541
55	53	7/16	7/16	2/4	2	1	1/16		1/16	1		7	61	549
56	54	0	0	2/4	2	1	1/16		1/16	1		2	50	554
56	54	0	0	2/4	1	1	1/8		1/8	1		6	66	550
56	54	0	0	2/4	1	1	1/8		1/8	1		6	78	550
56	54	1/16	1/16	2/4	2	1	1/16		1/16	1		2	62	555
56	54	1/8	1/8	2/4	2	1	1/16		1/16	1		6	54	556
56	54	3/16	3/16	2/4	2	1	1/16		1/16	1		2	62	557
56	54	1/4	1/4	2/4	2	1	1/16		1/16	1		3	57	558
56	54	5/16	5/16	2/4	2	1	1/16		1/16	1		2	62	559
56	54	5/16	5/16	2/4	1	1	1/16		1/16	1		2	74	551
56	54	3/8	3/8	2/4	2	1	1/16		1/16	1		6	54	560
56	54	3/8	3/8	2/4	1	1	1/16		1/16	1		7	73	552
56	54	7/16	7/16	2/4	2	1	1/16		1/16	1		2	62	561
56	54	7/16	7/16	2/4	1	1	1/16		1/16	1		2	74	553
57	55	0	0	2/4	2	1	1/16		1/16	1		2	50	566
57	55	0	0	2/4	1	1	1/8		1/8	1		-2	70	562
57	55	0	0	2/4	1	1	1/8		1/8	1		1	79	562
57	55	1/16	1/16	2/4	2	1	1/16		1/16	1		2	62	567
57	55	1/8	1/8	2/4	2	1	1/16		1/16	1		1	55	568
57	55	3/16	3/16	2/4	2	1	1/16		1/16	1		2	62	569
57	55	1/4	1/4	2/4	2	1	1/16		1/16	1		-2	58	570
57	55	5/16	5/16	2/4	2	1	1/16		1/16	1		2	62	571
57	55	5/16	5/16	2/4	1	1	1/16		1/16	1		2	74	563
57	55	3/8	3/8	2/4	2	1	1/16		1/16	1		1	55	572
57	55	3/8	3/8	2/4	1	1	1/16		1/16	1		7	73	564
57	55	7/16	7/16	2/4	2	1	1/16		1/16	1		2	62	573
57	55	7/16	7/16	2/4	1	1	1/16		1/16	1		2	74	565
58	56	0	0	2/4	2	1	1/16		1/16	1		2	50	578
58	56	0	0	2/4	1	1	1/8		1/8	1		3	69	574
58	56	1/16	1/16	2/4	2	1	1/16		1/16	1		2	62	579
58	56	1/8	1/8	2/4	2	1	1/16		1/16	1		6	54	580
58	56	3/16	3/16	2/4	2	1	1/16		1/16	1		2	62	581
58	56	1/4	1/4	2/4	2	1	1/16		1/16	1		3	57	582
58	56	5/16	5/16	2/4	2	1	1/16		1/16	1		2	62	583
58	56	5/16	5/16	2/4	1	1	1/16		1/16	1		2	74	575
58	56	3/8	3/8	2/4	2	1	1/16		1/16	1		6	54	584
58	56	3/8	3/8	2/4	1	1	1/16		1/16	1		7	73	576
58	56	7/16	7/16	2/4	2	1	1/16		1/16	1		2	62	585
58	56	7/16	7/16	2/4	1	1	1/16		1/16	1		2	74	577
59	57	0	0	2/4	2	1	1/16		1/16	1		2	50	590
59	57	0	0	2/4	1	1	1/8		1/8	1		-2	70	586
59	57	0	0	2/4	1	1	1/8		1/8	1		1	79	586
59	57	1/16	1/16	2/4	2	1	1/16		1/16	1		2	62	591
59	57	1/8	1/8	2/4	2	1	1/16		1/16	1		1	55	592
59	57	3/16	3/16	2/4	2	1	1/16		1/16	1		2	62	593
59	57	1/4	1/4	2/4	2	1	1/16		1/16	1		-2	58	594
59	57	5/16	5/16	2/4	2	1	1/16		1/16	1		2	62	595
59	57	5/16	5/16	2/4	1	1	1/16		1/16	1		2	74	587
59	57	3/8	3/8	2/4	2	1	1/16		1/16	1		1	55	596
59	57	3/8	3/8	2/4	1	1	1/16		1/16	1		7	73	588
59	57	7/16	7/16	2/4	2	1	1/16		1/16	1		2	62	597
59	57	7/16	7/16	2/4	1	1	1/16		1/16	1		2	74	589
60	58	0	0	2/4	2	1	1/16		1/16	1		2	50	600
60	58	0	0	2/4	1	1	1/4		1/4	1		3	69	598
60	58	1/16	1/16	2/4	2	1	1/16		1/16	1		2	62	601
60	58	1/8	1/8	2/4	2	1	1/16		1/16	1		6	54	602
60	58	3/16	3/16	2/4	2	1	1/16		1/16	1		2	62	603
60	58	1/4	1/4	2/4	2	1	1/16		1/16	1		2	50	604
60	58	1/4	1/4	2/4	1	1	1/4		1/4	1		5	71	599
60	58	5/16	5/16	2/4	2	1	1/16		1/16	1		2	62	605
60	58	3/8	3/8	2/4	2	1	1/16		1/16	1		8	56	606
60	58	7/16	7/16	2/4	2	1	1/16		1/16	1		2	62	607
61	59	0	0	2/4	2	1	1/16		1/16	1		2	50	610
61	59	0	0	2/4	1	1	3/8		1/4	3/2		0	72	608
61	59	1/16	1/16	2/4	2	1	1/16		1/16	1		2	62	611
61	59	1/8	1/8	2/4	2	1	1/16		1/16	1		8	56	612
61	59	3/16	3/16	2/4	2	1	1/16		1/16	1		2	62	613
61	59	1/4	1/4	2/4	2	1	1/16		1/16	1		3	57	614
61	59	5/16	5/16	2/4	2	1	1/16		1/16	1		2	62	615
61	59	3/8	3/8	2/4	2	1	1/16		1/16	1		1	55	616
61	59	3/8	3/8	2/4	1	1	1/8		1/8	1		-2	70	609
61	59	7/16	7/16	2/4	2	1	1/16		1/16	1		2	62	617
62	60	0	0	2/4	2	1	1/16		1/16	1		2	50	622
62	60	0	0	2/4	1	1	1/8		1/8	1		3	69	618
62	60	1/16	1/16	2/4	2	1	1/16		1/16	1		2	62	623
62	60	1/8	1/8	2/4	2	1	1/16		1/16	1		6	54	624
62	60	1/8	1/8	2/4	1	1	1/8		1/8	1		3	81	619
62	60	3/16	3/16	2/4	2	1	1/16		1/16	1		2	62	625
62	60	1/4	1/4	2/4	2	1	1/16		1/16	1		2	50	626
62	60	1/4	1/4	2/4	1	1	1/8		1/8	1		5	71	620
62	60	5/16	5/16	2/4	2	1	1/16		1/16	1		2	62	627
62	60	3/8	3/8	2/4	2	1	1/16		1/16	1		8	56	628
62	60	3/8	3/8	2/4	1	1	1/8		1/8	1		5	83	621
62	60	7/16	7/16	2/4	2	1	1/16		1/16	1		2	62	629
63	61	0	0	2/4	2	1	1/16		1/16	1		2	50	633
63	61	0	0	2/4	1	1	1/8		1/8	1		0	72	630
63	61	1/16	1/16	2/4	2	1	1/16		1/16	1		2	62	634
63	61	1/8	1/8	2/4	2	1	1/16		1/16	1		8	56	635
63	61	1/8	1/8	2/4	1	1	1/4		1/4	1		0	84	631
63	61	3/16	3/16	2/4	2	1	1/16		1/16	1		2	62	636
63	61	1/4	1/4	2/4	2	1	1/16		1/16	1		3	57	637
63	61	5/16	5/16	2/4	2	1	1/16		1/16	1		2	62	638
63	61	3/8	3/8	2/4	2	1	1/16		1/16	1		1	55	639
63	61	3/8	3/8	2/4	1	1	1/8		1/8	1		-2	70	632
63	61	7/16	7/16	2/4	2	1	1/16		1/16	1		2	62	640
64	62	0	0	2/4	2	1	1/16		1/16	1		2	50	645
64	62	0	0	2/4	1	1	1/8		1/8	1		3	69	641
64	62	1/16	1/16	2/4	2	1	1/16		1/16	1		2	62	646
64	62	1/8	1/8	2/4	2	1	1/16		1/16	1		6	54	647
64	62	1/8	1/8	2/4	1	1	1/8		1/8	1		3	81	642
64	62	3/16	3/16	2/4	2	1	1/16		1/16	1		2	62	648
64	62	1/4	1/4	2/4	2	1	1/16		1/16	1		2	50	649
64	62	1/4	1/4	2/4	1	1	1/8		1/8	1		5	71	643
64	62	5/16	5/16	2/4	2	1	1/16		1/16	1		2	62	650
64	62	3/8	3/8	2/4	2	1	1/16		1/16	1		8	56	651
64	62	3/8	3/8	2/4	1	1	1/8		1/8	1		5	83	644
64	62	7/16	7/16	2/4	2	1	1/16		1/16	1		2	62	652
65	63	0	0	2/4	2	1	1/4		1/4	1		2	50	657
65	63	0	0	2/4	2	1	1/4		1/4	1		3	57	657
65	63	0	0	2/4	2	1	1/4		1/4	1		2	62	657
65	63	0	0	2/4	1	1	1/8		1/8	1		0	72	653
65	63	1/8	1/8	2/4	1	1	1/8		1/8	1		0	84	654
65	63	1/4	1/4	2/4	1	1	1/8		1/8	1		7	73	655
65	63	3/8	3/8	2/4	1	1	1/8		1/8	1		7	85	656
66	64	0	0	2/4	1	1	1/8		1/8	1		2	74	658
66	64	1/8	1/8	2/4	2	1	1/8		1/8	1		-2	58	662
66	64	1/8	1/8	2/4	2	1	1/8		1/8	1		2	62	662
66	64	1/8	1/8	2/4	1	1	1/8		1/8	1		1	67	659
66	64	1/4	1/4	2/4	2	1	1/8		1/8	1		3	57	663
66	64	1/4	1/4	2/4	2	1	1/8		1/8	1		0	60	663
66	64	1/4	1/4	2/4	1	1	1/8		1/8	1		6	66	660
66	64	3/8	3/8	2/4	2	1	1/8		1/8	1		1	55	664
66	64	3/8	3/8	2/4	2	1	1/8		1/8	1		-2	58	664
66	64	3/8	3/8	2/4	1	1	1/8		1/8	1		1	67	661
67	65	0	0	2/4	2	1	1/8		1/8	1		6	54	666
67	65	0	0	2/4	2	1	1/8		1/8	1		3	57	666
67	65	0	0	2/4	1	1	1/2		1/2	1		2	62	665
67	65	0	0	2/4	1	1	1/2		1/2	1		0	72	665
67	65	1/8	1/8	2/4	2	1	1/8		1/8	1		2	50	667
67	65	1/8	1/8	2/4	2	1	1/8		1/8	1		6	54	667
67	65	1/4	1/4	2/4	2	1	1/8		1/8	1		4	52	668
67	65	1/4	1/4	2/4	2	1	1/8		1/8	1		1	55	668
67	65	3/8	3/8	2/4	2	1	1/8		1/8	1		6	54	669
67	65	3/8	3/8	2/4	2	1	1/8		1/8	1		3	57	669
68	66	0	0	2/4	2	1	1/8		1/8	1		1	55	674
68	66	0	0	2/4	2	1	1/8		1/8	1		-2	58	674
68	66	0	0	2/4	1	1	1/8		1/8	1		-2	70	670
68	66	1/8	1/8	2/4	2	1	1/8		1/8	1		-2	58	675
68	66	1/8	1/8	2/4	2	1	1/8		1/8	1		2	62	675
68	66	1/8	1/8	2/4	1	1	1/8		1/8	1		1	67	671
68	66	1/4	1/4	2/4	2	1	1/8		1/8	1		3	57	676
68	66	1/4	1/4	2/4	2	1	1/8		1/8	1		0	60	676
68	66	1/4	1/4	2/4	1	1	1/8		1/8	1		6	66	672
68	66	3/8	3/8	2/4	2	1	1/8		1/8	1		1	55	677
68	66	3/8	3/8	2/4	2	1	1/8		1/8	1		-2	58	677
68	66	3/8	3/8	2/4	1	1	1/8		1/8	1		1	67	673
69	67	0	0	2/4	2	1	1/8		1/8	1		0	48	679
69	67	0	0	2/4	1	1	1/2		1/2	1		1	67	678
69	67	0	0	2/4	1	1	1/2		1/2	1		-3	75	678
69	67	1/8	1/8	2/4	2	1	1/8		1/8	1		-3	51	680
69	67	1/4	1/4	2/4	2	1	1/8		1/8	1		1	55	681
69	67	3/8	3/8	2/4	2	1	1/8		1/8	1		0	60	682
70	68	0	0	2/4	2	1	1/4		1/4	1		-2	58	687
70	68	0	0	2/4	1	1	1/8		1/8	1		2	74	683
70	68	1/8	1/8	2/4	1	1	1/8		1/8	1		6	78	684
70	68	1/4	1/4	2/4	1	1	1/8		1/8	1		1	79	685
70	68	3/8	3/8	2/4	2	1	1/8		1/8	1		-2	58	688
70	68	3/8	3/8	2/4	2	1	1/8		1/8	1		2	62	688
70	68	3/8	3/8	2/4	1	1	1/8		1/8	1		2	74	686
71	69	0	0	2/4	2	1	1/4		1/4	1		6	54	693
71	69	0	0	2/4	2	1	1/4		1/4	1		2	62	693
71	69	0	0	2/4	1	1	1/8		1/8	1		0	72	689
71	69	1/8	1/8	2/4	1	1	1/8		1/8	1		8	80	690
71	69	1/4	1/4	2/4	1	1	1/8		1/8	1		3	81	691
71	69	3/8	3/8	2/4	2	1	1/8		1/8	1		6	54	694
71	69	3/8	3/8	2/4	2	1	1/8		1/8	1		2	62	694
71	69	3/8	3/8	2/4	1	1	1/8		1/8	1		0	72	692
72	70	0	0	2/4	2	1	1/4		1/4	1		1	55	699
72	70	0	0	2/4	2	1	1/4		1/4	1		2	62	699
72	70	0	0	2/4	1	1	1/8		1/8	1		-2	70	695
72	70	1/8	1/8	2/4	1	1	1/8		1/8	1		1	79	696
72	70	1/4	1/4	2/4	2	1	1/4		1/4	1		0	48	700
72	70	1/4	1/4	2/4	2	1	1/4		1/4	1		0	60	700
72	70	1/4	1/4	2/4	1	1	1/8		1/8	1		3	69	697
72	70	3/8	3/8	2/4	1	1	1/8		1/8	1		-3	75	698
73	71	0	0	2/4	2	1	1/4		1/4	1	1	2	50	705
73	71	0	0	2/4	2	1	1/4		1/4	1		-2	58	705
73	71	0	0	2/4	1	1	3/16		1/8	3/2		1	67	701
73	71	3/16	3/16	2/4	1	1	1/32		1/32	1		3	69	702
73	71	7/32	7/32	2/4	1	1	1/32		1/32	1		1	67	703
73	71	1/4	1/4	2/4	2	1	1/8		1/8	1	-1	2	50	706
73	71	1/4	1/4	2/4	2	1	1/8		1/8	1		3	57	706
73	71	1/4	1/4	2/4	1	1	1/8		1/8	1		6	66	704
73	71	3/8	3/8	2/4	2	1	1/8		1/8	1		2	62	707
74	72	0	0	2/4	2	1	1/8		1/8	1		-2	70	715
74	72	1/16	1/16	2/4	1	1	1/16		1/16	1		2	74	708
74	72	1/8	1/8	2/4	2	1	1/8		1/8	1		1	67	716
74	72	1/8	1/8	2/4	1	1	1/16		1/16	1		-2	82	709
74	72	3/16	3/16	2/4	1	1	1/16		1/16	1		2	74	710
74	72	1/4	1/4	2/4	2	1	1/8		1/8	1		6	66	717
74	72	1/4	1/4	2/4	1	1	1/16		1/16	1		0	72	711
74	72	1/4	1/4	2/4	1	1	1/16		1/16	1		3	81	711
74	72	5/16	5/16	2/4	1	1	1/16		1/16	1		2	74	712
74	72	3/8	3/8	2/4	2	1	1/8		1/8	1		1	67	718
74	72	3/8	3/8	2/4	1	1	1/16		1/16	1		-2	70	713
74	72	3/8	3/8	2/4	1	1	1/16		1/16	1		1	79	713
74	72	7/16	7/16	2/4	1	1	1/16		1/16	1		2	74	714
75	73	0	0	2/4	2	1	1/2		1/2	1		2	62	727
75	73	0	0	2/4	2	1	1/2		1/2	1		0	72	727
75	73	0	0	2/4	1	1	1/16		1/16	1		6	78	719
75	73	1/16	1/16	2/4	1	1	1/16		1/16	1		2	74	720
75	73	1/8	1/8	2/4	1	1	1/16		1/16	1		7	73	721
75	73	3/16	3/16	2/4	1	1	1/16		1/16	1		2	74	722
75	73	1/4	1/4	2/4	1	1	1/16		1/16	1		4	76	723
75	73	5/16	5/16	2/4	1	1	1/16		1/16	1		6	78	724
75	73	3/8	3/8	2/4	1	1	1/16		1/16	1		1	79	725
75	73	7/16	7/16	2/4	1	1	1/16		1/16	1		3	81	726
76	74	0	0	2/4	2	1	1/8		1/8	1		-2	70	736
76	74	0	0	2/4	1	1	1/16		1/16	1		-2	82	728
76	74	1/16	1/16	2/4	1	1	1/16		1/16	1		2	74	729
76	74	1/8	1/8	2/4	2	1	1/8		1/8	1		1	67	737
76	74	1/8	1/8	2/4	1	1	1/16		1/16	1		-2	82	730
76	74	1/8	1/8	2/4	1	1	1/16		1/16	1		2	86	730
76	74	3/16	3/16	2/4	1	1	1/16		1/16	1		2	74	731
76	74	1/4	1/4	2/4	2	1	1/8		1/8	1		6	66	738
76	74	1/4	1/4	2/4	1	1	1/16		1/16	1		3	81	732
76	74	1/4	1/4	2/4	1	1	1/16		1/16	1		0	84	732
76	74	5/16	5/16	2/4	1	1	1/16		1/16	1		2	74	733
76	74	3/8	3/8	2/4	2	1	1/8		1/8	1		1	67	739
76	74	3/8	3/8	2/4	1	1	1/16		1/16	1		1	79	734
76	74	3/8	3/8	2/4	1	1	1/16		1/16	1		-2	82	734
76	74	7/16	7/16	2/4	1	1	1/16		1/16	1		2	74	735
77	75	0	0	2/4	2	1	1/2		1/2	1		-1	65	748
77	75	0	0	2/4	2	1	1/2		1/2	1		-3	75	748
77	75	0	0	2/4	1	1	1/16		1/16	1		3	81	740
77	75	1/16	1/16	2/4	1	1	1/16		1/16	1		-1	77	741
77	75	1/8	1/8	2/4	1	1	1/16		1/16	1		4	76	742
77	75	3/16	3/16	2/4	1	1	1/16		1/16	1		-1	77	743
77	75	1/4	1/4	2/4	1	1	1/16		1/16	1		1	79	744
77	75	5/16	5/16	2/4	1	1	1/16		1/16	1		3	81	745
77	75	3/8	3/8	2/4	1	1	1/16		1/16	1		-2	82	746
77	75	7/16	7/16	2/4	1	1	1/16		1/16	1		0	84	747
78	76	0	0	2/4	2	1	1/8		1/8	1		-2	70	757
78	76	0	0	2/4	2	1	1/8		1/8	1		2	74	757
78	76	0	0	2/4	1	1	1/16		1/16	1		2	86	749
78	76	1/16	1/16	2/4	1	1	1/16		1/16	1		-1	77	750
78	76	1/8	1/8	2/4	2	1	1/8		1/8	1		-2	70	758
78	76	1/8	1/8	2/4	1	1	1/16		1/16	1		2	86	751
78	76	1/8	1/8	2/4	1	1	1/16		1/16	1		-1	89	751
78	76	3/16	3/16	2/4	1	1	1/16		1/16	1		-1	77	752
78	76	1/4	1/4	2/4	2	1	1/8		1/8	1		3	69	759
78	76	1/4	1/4	2/4	1	1	1/16		1/16	1		0	84	753
78	76	1/4	1/4	2/4	1	1	1/16		1/16	1		-3	87	753
78	76	5/16	5/16	2/4	1	1	1/16		1/16	1		-1	77	754
78	76	3/8	3/8	2/4	2	1	1/8		1/8	1		-2	70	760
78	76	3/8	3/8	2/4	1	1	1/16		1/16	1		-2	82	755
78	76	3/8	3/8	2/4	1	1	1/16		1/16	1		2	86	755
78	76	7/16	7/16	2/4	1	1	1/16		1/16	1		-1	77	756
79	77	0	0	2/4	2	1	1/8		1/8	1		6	66	769
79	77	0	0	2/4	1	1	1/16		1/16	1		3	81	761
79	77	0	0	2/4	1	1	1/16		1/16	1		0	84	761
79	77	1/16	1/16	2/4	1	1	1/16		1/16	1		2	74	762
79	77	1/8	1/8	2/4	2	1	1/8		1/8	1		1	67	770
79	77	1/8	1/8	2/4	1	1	1/16		1/16	1		1	79	763
79	77	1/8	1/8	2/4	1	1	1/16		1/16	1		-2	82	763
79	77	3/16	3/16	2/4	1	1	1/16		1/16	1		2	74	764
79	77	1/4	1/4	2/4	2	1	1/8		1/8	1		2	62	771
79	77	1/4	1/4	2/4	1	1	1/16		1/16	1		6	78	765
79	77	1/4	1/4	2/4	1	1	1/16		1/16	1		3	81	765
79	77	5/16	5/16	2/4	1	1	1/16		1/16	1		0	72	766
79	77	3/8	3/8	2/4	2	1	1/8		1/8	1		-3	63	772
79	77	3/8	3/8	2/4	1	1	1/16		1/16	1		1	79	767
79	77	7/16	7/16	2/4	1	1	1/16		1/16	1		-2	70	768
80	78	0	0	2/4	2	1	3/8		1/4	3/2		0	60	780
80	78	1/16	1/16	2/4	1	1	1/16		1/16	1		3	69	773
80	78	1/8	1/8	2/4	1	1	1/16		1/16	1		-3	75	774
80	78	3/16	3/16	2/4	1	1	1/16		1/16	1		2	74	775
80	78	1/4	1/4	2/4	1	1	1/16		1/16	1		0	72	776
80	78	5/16	5/16	2/4	1	1	1/16		1/16	1		-2	70	777
80	78	3/8	3/8	2/4	2	1	1/8		1/8	1		7	61	781
80	78	3/8	3/8	2/4	1	1	1/16		1/16	1		3	69	778
80	78	7/16	7/16	2/4	1	1	1/16		1/16	1		1	67	779
81	79	0	0	2/4	2	1	1/8		1/8	1		2	62	790
81	79	0	0	2/4	1	1	1/16		1/16	1		6	66	782
81	79	1/16	1/16	2/4	1	1	1/16		1/16	1		1	67	783
81	79	1/8	1/8	2/4	1	1	1/16		1/16	1		3	69	784
81	79	3/16	3/16	2/4	1	1	1/16		1/16	1		8	68	785
81	79	1/4	1/4	2/4	1	1	1/16		1/16	1		3	69	786
81	79	5/16	5/16	2/4	1	1	1/16		1/16	1		5	71	787
81	79	3/8	3/8	2/4	1	1	1/16		1/16	1		0	72	788
81	79	7/16	7/16	2/4	1	1	1/16		1/16	1		5	71	789
82	80	0	0	2/4	2	1	1/16		1/16	1		6	54	795
82	80	0	0	2/4	1	1	1/8		1/8	1		0	72	791
82	80	1/16	1/16	2/4	2	1	1/16		1/16	1		2	62	796
82	80	1/8	1/8	2/4	2	1	1/16		1/16	1		3	57	797
82	80	1/8	1/8	2/4	1	1	1/8		1/8	1		6	66	792
82	80	3/16	3/16	2/4	2	1	1/16		1/16	1		2	62	798
82	80	1/4	1/4	2/4	2	1	1/16		1/16	1		0	60	799
82	80	1/4	1/4	2/4	1	1	1/8		1/8	1		6	66	793
82	80	5/16	5/16	2/4	2	1	1/16		1/16	1		2	62	800
82	80	3/8	3/8	2/4	2	1	1/16		1/16	1		3	57	801
82	80	3/8	3/8	2/4	1	1	1/8		1/8	1		6	66	794
82	80	7/16	7/16	2/4	2	1	1/16		1/16	1		2	62	802
83	81	0	0	2/4	2	1	1/16		1/16	1		-2	58	807
83	81	0	0	2/4	1	1	3/16		1/8	3/2		1	67	803
83	81	1/16	1/16	2/4	2	1	1/16		1/16	1		2	62	808
83	81	1/8	1/8	2/4	2	1	1/16		1/16	1		1	55	809
83	81	3/16	3/16	2/4	2	1	1/16		1/16	1		2	62	810
83	81	3/16	3/16	2/4	1	1	1/16		1/16	1		-2	70	804
83	81	1/4	1/4	2/4	2	1	1/16		1/16	1		-2	58	811
83	81	1/4	1/4	2/4	1	1	1/8		1/8	1		2	74	805
83	81	5/16	5/16	2/4	2	1	1/16		1/16	1		2	62	812
83	81	3/8	3/8	2/4	2	1	1/16		1/16	1		1	55	813
83	81	3/8	3/8	2/4	1	1	1/8		1/8	1		2	74	806
83	81	7/16	7/16	2/4	2	1	1/16		1/16	1		2	62	814
84	82	0	0	2/4	2	1	1/16		1/16	1		6	54	819
84	82	0	0	2/4	1	1	1/8		1/8	1		0	84	815
84	82	1/16	1/16	2/4	2	1	1/16		1/16	1		2	62	820
84	82	1/8	1/8	2/4	2	1	1/16		1/16	1		3	57	821
84	82	1/8	1/8	2/4	1	1	1/8		1/8	1		6	78	816
84	82	3/16	3/16	2/4	2	1	1/16		1/16	1		2	62	822
84	82	1/4	1/4	2/4	2	1	1/16		1/16	1		0	60	823
84	82	1/4	1/4	2/4	1	1	1/8		1/8	1		6	78	817
84	82	5/16	5/16	2/4	2	1	1/16		1/16	1		2	62	824
84	82	3/8	3/8	2/4	2	1	1/16		1/16	1		3	57	825
84	82	3/8	3/8	2/4	1	1	1/8		1/8	1		6	78	818
84	82	7/16	7/16	2/4	2	1	1/16		1/16	1		2	62	826
85	83	0	0	2/4	2	1	1/16		1/16	1		-2	58	831
85	83	0	0	2/4	1	1	3/16		1/8	3/2		1	79	827
85	83	1/16	1/16	2/4	2	1	1/16		1/16	1		2	62	832
85	83	1/8	1/8	2/4	2	1	1/16		1/16	1		1	55	833
85	83	3/16	3/16	2/4	2	1	1/16		1/16	1		2	62	834
85	83	3/16	3/16	2/4	1	1	1/16		1/16	1		-2	82	828
85	83	1/4	1/4	2/4	2	1	1/16		1/16	1		-2	58	835
85	83	1/4	1/4	2/4	1	1	1/8		1/8	1		2	86	829
85	83	5/16	5/16	2/4	2	1	1/16		1/16	1		2	62	836
85	83	3/8	3/8	2/4	2	1	1/16		1/16	1		1	55	837
85	83	3/8	3/8	2/4	1	1	1/8		1/8	1		2	62	830
85	83	7/16	7/16	2/4	2	1	1/16		1/16	1		2	62	838
86	84	0	0	2/4	2	1	1/16		1/16	1		6	54	843
86	84	0	0	2/4	1	1	1/8		1/8	1		0	72	839
86	84	1/16	1/16	2/4	2	1	1/16		1/16	1		2	62	844
86	84	1/8	1/8	2/4	2	1	1/16		1/16	1		3	57	845
86	84	1/8	1/8	2/4	1	1	1/8		1/8	1		6	66	840
86	84	3/16	3/16	2/4	2	1	1/16		1/16	1		2	62	846
86	84	1/4	1/4	2/4	2	1	1/16		1/16	1		0	60	847
86	84	1/4	1/4	2/4	1	1	1/8		1/8	1		6	66	841
86	84	5/16	5/16	2/4	2	1	1/16		1/16	1		2	62	848
86	84	3/8	3/8	2/4	2	1	1/16		1/16	1		3	57	849
86	84	3/8	3/8	2/4	1	1	1/8		1/8	1		6	66	842
86	84	7/16	7/16	2/4	2	1	1/16		1/16	1		2	62	850
87	85	0	0	2/4	2	1	1/16		1/16	1		-2	58	857
87	85	0	0	2/4	1	1	3/16		1/8	3/2		1	67	851
87	85	1/16	1/16	2/4	2	1	1/16		1/16	1		2	62	858
87	85	1/8	1/8	2/4	2	1	1/16		1/16	1		1	55	859
87	85	3/16	3/16	2/4	2	1	1/16		1/16	1		2	62	860
87	85	3/16	3/16	2/4	1	1	1/16		1/16	1		3	69	852
87	85	1/4	1/4	2/4	2	1	1/16		1/16	1		-1	53	861
87	85	1/4	1/4	2/4	1	1	1/16		1/16	1		5	71	853
87	85	5/16	5/16	2/4	2	1	1/16		1/16	1		2	62	862
87	85	5/16	5/16	2/4	1	1	1/16		1/16	1		1	67	854
87	85	3/8	3/8	2/4	2	1	1/16		1/16	1		1	55	863
87	85	3/8	3/8	2/4	1	1	1/16		1/16	1		3	69	855
87	85	7/16	7/16	2/4	2	1	1/16		1/16	1		2	62	864
87	85	7/16	7/16	2/4	1	1	1/16		1/16	1		5	71	856
88	86	0	0	2/4	2	1	1/16		1/16	1		-3	51	871
88	86	0	0	2/4	1	1	3/16		1/8	3/2		0	72	865
88	86	1/16	1/16	2/4	2	1	1/16		1/16	1		0	60	872
88	86	1/8	1/8	2/4	2	1	1/16		1/16	1		1	55	873
88	86	3/16	3/16	2/4	2	1	1/16		1/16	1		0	60	874
88	86	3/16	3/16	2/4	1	1	1/16		1/16	1		2	74	866
88	86	1/4	1/4	2/4	2	1	1/16		1/16	1		0	48	875
88	86	1/4	1/4	2/4	1	1	1/16		1/16	1		-3	75	867
88	86	5/16	5/16	2/4	2	1	1/16		1/16	1		1	55	876
88	86	5/16	5/16	2/4	1	1	1/16		1/16	1		-1	77	868
88	86	3/8	3/8	2/4	2	1	1/16		1/16	1		-3	51	877
88	86	3/8	3/8	2/4	1	1	1/16		1/16	1		1	79	869
88	86	7/16	7/16	2/4	2	1	1/16		1/16	1		1	55	878
88	86	7/16	7/16	2/4	1	1	1/16		1/16	1		-3	75	870
89	87	0	0	2/4	2	1	1/16		1/16	1		-2	46	886
89	87	0	0	2/4	1	1	1/8		1/8	1		2	74	879
89	87	1/16	1/16	2/4	2	1	1/16		1/16	1		1	55	887
89	87	1/8	1/8	2/4	2	1	1/16		1/16	1		2	50	888
89	87	1/8	1/8	2/4	1	1	1/16		1/16	1		-3	75	880
89	87	3/16	3/16	2/4	2	1	1/16		1/16	1		1	55	889
89	87	3/16	3/16	2/4	1	1	1/16		1/16	1		2	74	881
89	87	1/4	1/4	2/4	2	1	1/16		1/16	1		0	48	890
89	87	1/4	1/4	2/4	1	1	1/16		1/16	1		-1	77	882
89	87	5/16	5/16	2/4	2	1	1/16		1/16	1		3	57	891
89	87	5/16	5/16	2/4	1	1	1/16		1/16	1		-3	75	883
89	87	3/8	3/8	2/4	2	1	1/16		1/16	1		-3	51	892
89	87	3/8	3/8	2/4	1	1	1/16		1/16	1		2	74	884
89	87	7/16	7/16	2/4	2	1	1/16		1/16	1		3	57	893
89	87	7/16	7/16	2/4	1	1	1/16		1/16	1		0	72	885
90	88	0	0	2/4	2	1	1/16		1/16	1		2	50	900
90	88	0	0	2/4	1	1	3/16		1/8	3/2		-2	70	894
90	88	1/16	1/16	2/4	2	1	1/16		1/16	1		-2	58	901
90	88	1/8	1/8	2/4	2	1	1/16		1/16	1		1	55	902
90	88	3/16	3/16	2/4	2	1	1/16		1/16	1		-2	58	903
90	88	3/16	3/16	2/4	1	1	1/16		1/16	1		0	72	895
90	88	1/4	1/4	2/4	2	1	1/16		1/16	1		2	50	904
90	88	1/4	1/4	2/4	1	1	1/16		1/16	1		2	74	896
90	88	5/16	5/16	2/4	2	1	1/16		1/16	1		0	60	905
90	88	5/16	5/16	2/4	1	1	1/16		1/16	1		0	72	897
90	88	3/8	3/8	2/4	2	1	1/16		1/16	1		6	54	906
90	88	3/8	3/8	2/4	1	1	1/16		1/16	1		-2	70	898
90	88	7/16	7/16	2/4	2	1	1/16		1/16	1		0	60	907
90	88	7/16	7/16	2/4	1	1	1/16		1/16	1		3	69	899
91	89	0	0	2/4	2	1	1/16		1/16	1		1	55	914
91	89	0	0	2/4	1	1	3/16		1/8	3/2		1	67	908
91	89	1/16	1/16	2/4	2	1	1/16		1/16	1		2	62	915
91	89	1/8	1/8	2/4	2	1	1/16		1/16	1		-2	58	916
91	89	3/16	3/16	2/4	2	1	1/16		1/16	1		2	62	917
91	89	3/16	3/16	2/4	1	1	1/16		1/16	1		3	69	909
91	89	1/4	1/4	2/4	2	1	1/16		1/16	1		-1	53	918
91	89	1/4	1/4	2/4	1	1	1/16		1/16	1		5	71	910
91	89	5/16	5/16	2/4	2	1	1/16		1/16	1		2	62	919
91	89	5/16	5/16	2/4	1	1	1/16		1/16	1		1	67	911
91	89	3/8	3/8	2/4	2	1	1/16		1/16	1		1	55	920
91	89	3/8	3/8	2/4	1	1	1/16		1/16	1		3	69	912
91	89	7/16	7/16	2/4	2	1	1/16		1/16	1		2	62	921
91	89	7/16	7/16	2/4	1	1	1/16		1/16	1		5	71	913
92	90	0	0	2/4	2	1	1/16		1/16	1		-3	51	928
92	90	0	0	2/4	1	1	3/16		1/8	3/2		0	72	922
92	90	1/16	1/16	2/4	2	1	1/16		1/16	1		0	60	929
92	90	1/8	1/8	2/4	2	1	1/16		1/16	1		1	55	930
92	90	3/16	3/16	2/4	2	1	1/16		1/16	1		0	60	931
92	90	3/16	3/16	2/4	1	1	1/16		1/16	1		2	74	923
92	90	1/4	1/4	2/4	2	1	1/16		1/16	1		0	48	932
92	90	1/4	1/4	2/4	1	1	1/16		1/16	1		-3	75	924
92	90	5/16	5/16	2/4	2	1	1/16		1/16	1		1	55	933
92	90	5/16	5/16	2/4	1	1	1/16		1/16	1		4	76	925
92	90	3/8	3/8	2/4	2	1	1/16		1/16	1		-3	51	934
92	90	3/8	3/8	2/4	1	1	1/16		1/16	1		-1	77	926
92	90	7/16	7/16	2/4	2	1	1/16		1/16	1		1	55	935
92	90	7/16	7/16	2/4	1	1	1/16		1/16	1		6	78	927
93	91	0	0	2/4	2	1	1/16		1/16	1		7	49	939
93	91	0	0	2/4	1	1	1/4		1/4	1	1	1	79	936
93	91	1/16	1/16	2/4	2	1	1/16		1/16	1		-2	58	940
93	91	1/8	1/8	2/4	2	1	1/16		1/16	1		4	52	941
93	91	3/16	3/16	2/4	2	1	1/16		1/16	1		-2	58	942
93	91	1/4	1/4	2/4	2	1	1/16		1/16	1		1	55	943
93	91	1/4	1/4	2/4	1	1	3/16		1/8	3/2	-1	1	79	937
93	91	5/16	5/16	2/4	2	1	1/16		1/16	1		-2	58	944
93	91	3/8	3/8	2/4	2	1	1/16		1/16	1		4	52	945
93	91	7/16	7/16	2/4	2	1	1/16		1/16	1		-2	58	946
93	91	7/16	7/16	2/4	1	1	1/16		1/16	1		3	81	938
94	92	0	0	2/4	2	1	1/16		1/16	1		7	49	949
94	92	0	0	2/4	1	1	1/4		1/4	1		-2	82	947
94	92	1/16	1/16	2/4	2	1	1/16		1/16	1		-2	58	950
94	92	1/8	1/8	2/4	2	1	1/16		1/16	1		4	52	951
94	92	3/16	3/16	2/4	2	1	1/16		1/16	1		-2	58	952
94	92	1/4	1/4	2/4	2	1	1/16		1/16	1		1	55	953
94	92	1/4	1/4	2/4	1	1	1/4		1/4	1		7	61	948
94	92	5/16	5/16	2/4	2	1	1/16		1/16	1		-2	58	954
94	92	3/8	3/8	2/4	2	1	1/16		1/16	1		4	52	955
94	92	7/16	7/16	2/4	2	1	1/16		1/16	1		-2	58	956
95	93	0	0	2/4	2	1	1/16		1/16	1		2	50	961
95	93	0	0	2/4	1	1	1/8		1/8	1		2	62	957
95	93	1/16	1/16	2/4	2	1	1/16		1/16	1		2	62	962
95	93	1/8	1/8	2/4	2	1	1/16		1/16	1		1	55	963
95	93	1/8	1/8	2/4	1	1	1/4		1/4	1		2	74	958
95	93	3/16	3/16	2/4	2	1	1/16		1/16	1		2	62	964
95	93	1/4	1/4	2/4	2	1	1/16		1/16	1		-2	58	965
95	93	5/16	5/16	2/4	2	1	1/16		1/16	1		2	62	966
95	93	3/8	3/8	2/4	2	1	1/16		1/16	1		1	55	967
95	93	3/8	3/8	2/4	1	1	1/16		1/16	1		7	73	959
95	93	7/16	7/16	2/4	2	1	1/16		1/16	1		2	62	968
95	93	7/16	7/16	2/4	1	1	1/16		1/16	1		2	74	960
96	94	0	0	2/4	2	1	1/16		1/16	1		2	50	977
96	94	0	0	2/4	1	1	1/16		1/16	1		-3	75	969
96	94	1/16	1/16	2/4	2	1	1/16		1/16	1		2	62	978
96	94	1/16	1/16	2/4	1	1	1/16		1/16	1		2	74	970
96	94	1/8	1/8	2/4	2	1	1/16		1/16	1		3	57	979
96	94	1/8	1/8	2/4	1	1	1/16		1/16	1		0	72	971
96	94	3/16	3/16	2/4	2	1	1/16		1/16	1		2	62	980
96	94	3/16	3/16	2/4	1	1	1/16		1/16	1		-2	70	972
96	94	1/4	1/4	2/4	2	1	1/16		1/16	1		0	60	981
96	94	1/4	1/4	2/4	1	1	1/16		1/16	1		3	69	973
96	94	5/16	5/16	2/4	2	1	1/16		1/16	1		2	62	982
96	94	5/16	5/16	2/4	1	1	1/16		1/16	1		-2	70	974
96	94	3/8	3/8	2/4	2	1	1/16		1/16	1		3	57	983
96	94	3/8	3/8	2/4	1	1	1/16		1/16	1		0	72	975
96	94	7/16	7/16	2/4	2	1	1/16		1/16	1		2	62	984
96	94	7/16	7/16	2/4	1	1	1/16		1/16	1		6	66	976
97	95	0	0	2/4	2	1	1/16		1/16	1		2	50	989
97	95	0	0	2/4	1	1	1/8		1/8	1		1	67	985
97	95	1/16	1/16	2/4	2	1	1/16		1/16	1		2	62	990
97	95	1/8	1/8	2/4	2	1	1/16		1/16	1		1	55	991
97	95	1/8	1/8	2/4	1	1	1/4		1/4	1		1	79	986
97	95	3/16	3/16	2/4	2	1	1/16		1/16	1		2	62	992
97	95	1/4	1/4	2/4	2	1	1/16		1/16	1		-2	58	993
97	95	5/16	5/16	2/4	2	1	1/16		1/16	1		2	62	994
97	95	3/8	3/8	2/4	2	1	1/16		1/16	1		1	55	995
97	95	3/8	3/8	2/4	1	1	1/16		1/16	1		7	73	987
97	95	7/16	7/16	2/4	2	1	1/16		1/16	1		2	62	996
97	95	7/16	7/16	2/4	1	1	1/16		1/16	1		2	74	988
98	96	0	0	2/4	2	1	1/16		1/16	1		2	50	1005
98	96	0	0	2/4	1	1	1/16		1/16	1		-3	75	997
98	96	1/16	1/16	2/4	2	1	1/16		1/16	1		2	62	1006
98	96	1/16	1/16	2/4	1	1	1/16		1/16	1		2	74	998
98	96	1/8	1/8	2/4	2	1	1/16		1/16	1		3	57	1007
98	96	1/8	1/8	2/4	1	1	1/16		1/16	1		0	72	999
98	96	3/16	3/16	2/4	2	1	1/16		1/16	1		2	62	1008
98	96	3/16	3/16	2/4	1	1	1/16		1/16	1		-2	70	1000
98	96	1/4	1/4	2/4	2	1	1/16		1/16	1		0	60	1009
98	96	1/4	1/4	2/4	1	1	1/16		1/16	1		3	69	1001
98	96	5/16	5/16	2/4	2	1	1/16		1/16	1		2	62	1010
98	96	5/16	5/16	2/4	1	1	1/16		1/16	1		-2	70	1002
98	96	3/8	3/8	2/4	2	1	1/16		1/16	1		3	57	1011
98	96	3/8	3/8	2/4	1	1	1/16		1/16	1		0	72	1003
98	96	7/16	7/16	2/4	2	1	1/16		1/16	1		2	62	1012
98	96	7/16	7/16	2/4	1	1	1/16		1/16	1		6	66	1004
99	97	0	0	2/4	2	1	1/4		1/4	1		1	55	1017
99	97	0	0	2/4	1	1	1/8		1/8	1		1	67	1013
99	97	1/8	1/8	2/4	1	1	1/8		1/8	1		1	55	1014
99	97	1/8	1/8	2/4	1	1	1/8		1/8	1		-2	58	1014
99	97	1/8	1/8	2/4	1	1	1/8		1/8	1		2	62	1014
99	97	1/4	1/4	2/4	1	1	1/8		1/8	1		1	55	1015
99	97	1/4	1/4	2/4	1	1	1/8		1/8	1		-2	58	1015
99	97	1/4	1/4	2/4	1	1	1/8		1/8	1		2	62	1015
99	97	3/8	3/8	2/4	2	1	1/8		1/8	1		2	38	1018
99	97	3/8	3/8	2/4	1	1	1/8		1/8	1		1	55	1016
99	97	3/8	3/8	2/4	1	1	1/8		1/8	1		-2	58	1016
99	97	3/8	3/8	2/4	1	1	1/8		1/8	1		2	62	1016
100	98	0	0	2/4	2	2	1/8		1/8	1		0	48	1023
100	98	0	0	2/4	2	1	1/8		1/8	1		3	57	1019
100	98	0	0	2/4	2	1	1/8		1/8	1		0	60	1019
100	98	0	0	2/4	2	1	1/8		1/8	1		2	62	1019
100	98	1/8	1/8	2/4	2	2	1/8		1/8	1		6	42	1024
100	98	1/8	1/8	2/4	2	1	1/8		1/8	1		3	57	1020
100	98	1/8	1/8	2/4	2	1	1/8		1/8	1		0	60	1020
100	98	1/8	1/8	2/4	2	1	1/8		1/8	1		2	62	1020
100	98	1/4	1/4	2/4	2	2	1/8		1/8	1		6	42	1025
100	98	1/4	1/4	2/4	2	1	1/8		1/8	1		3	57	1021
100	98	1/4	1/4	2/4	2	1	1/8		1/8	1		0	60	1021
100	98	1/4	1/4	2/4	2	1	1/8		1/8	1		2	62	1021
100	98	3/8	3/8	2/4	2	2	1/8		1/8	1		6	42	1026
100	98	3/8	3/8	2/4	2	1	1/8		1/8	1		3	57	1022
100	98	3/8	3/8	2/4	2	1	1/8		1/8	1		0	60	1022
100	98	3/8	3/8	2/4	2	1	1/8		1/8	1		2	62	1022
101	99	0	0	2/4	2	2	1/4		1/4	1		1	43	1031
101	99	0	0	2/4	2	1	1/8		1/8	1		1	55	1027
101	99	0	0	2/4	2	1	1/8		1/8	1		-2	58	1027
101	99	0	0	2/4	2	1	1/8		1/8	1		1	67	1027
101	99	1/8	1/8	2/4	2	1	1/8		1/8	1		1	55	1028
101	99	1/8	1/8	2/4	2	1	1/8		1/8	1		-2	58	1028
101	99	1/8	1/8	2/4	2	1	1/8		1/8	1		2	62	1028
101	99	1/4	1/4	2/4	2	1	1/8		1/8	1		1	55	1029
101	99	1/4	1/4	2/4	2	1	1/8		1/8	1		-2	58	1029
101	99	1/4	1/4	2/4	2	1	1/8		1/8	1		2	62	1029
101	99	3/8	3/8	2/4	2	2	1/8		1/8	1		2	38	1032
101	99	3/8	3/8	2/4	2	1	1/8		1/8	1		1	55	1030
101	99	3/8	3/8	2/4	2	1	1/8		1/8	1		-2	58	1030
101	99	3/8	3/8	2/4	2	1	1/8		1/8	1		2	62	1030
102	100	0	0	2/4	2	2	1/8		1/8	1		0	48	1037
102	100	0	0	2/4	2	1	1/8		1/8	1		3	57	1033
102	100	0	0	2/4	2	1	1/8		1/8	1		0	60	1033
102	100	0	0	2/4	2	1	1/8		1/8	1		2	62	1033
102	100	1/8	1/8	2/4	2	2	1/8		1/8	1		6	42	1038
102	100	1/8	1/8	2/4	2	1	1/8		1/8	1		3	57	1034
102	100	1/8	1/8	2/4	2	1	1/8		1/8	1		0	60	1034
102	100	1/8	1/8	2/4	2	1	1/8		1/8	1		2	62	1034
102	100	1/4	1/4	2/4	2	2	1/8		1/8	1		6	42	1039
102	100	1/4	1/4	2/4	2	1	1/8		1/8	1		3	57	1035
102	100	1/4	1/4	2/4	2	1	1/8		1/8	1		0	60	1035
102	100	1/4	1/4	2/4	2	1	1/8		1/8	1		2	62	1035
102	100	3/8	3/8	2/4	2	2	1/8		1/8	1		6	42	1040
102	100	3/8	3/8	2/4	2	1	1/8		1/8	1		3	57	1036
102	100	3/8	3/8	2/4	2	1	1/8		1/8	1		0	60	1036
102	100	3/8	3/8	2/4	2	1	1/8		1/8	1		2	62	1036
103	101	0	0	2/4	2	2	1/4		1/4	1		1	43	1045
103	101	0	0	2/4	2	1	1/8		1/8	1		1	55	1041
103	101	0	0	2/4	2	1	1/8		1/8	1		-2	58	1041
103	101	0	0	2/4	2	1	1/8		1/8	1		1	67	1041
103	101	1/8	1/8	2/4	2	1	1/8		1/8	1		1	55	1042
103	101	1/8	1/8	2/4	2	1	1/8		1/8	1		-2	58	1042
103	101	1/8	1/8	2/4	2	1	1/8		1/8	1		2	62	1042
103	101	1/4	1/4	2/4	2	1	1/8		1/8	1		1	55	1043
103	101	1/4	1/4	2/4	2	1	1/8		1/8	1		-2	58	1043
103	101	1/4	1/4	2/4	2	1	1/8		1/8	1		2	62	1043
103	101	3/8	3/8	2/4	2	2	1/8		1/8	1		2	38	1046
103	101	3/8	3/8	2/4	2	1	1/8		1/8	1		1	55	1044
103	101	3/8	3/8	2/4	2	1	1/8		1/8	1		-2	58	1044
103	101	3/8	3/8	2/4	2	1	1/8		1/8	1		2	62	1044
104	102	0	0	2/4	2	3	1/8		1/8	1		0	48	1051
104	102	0	0	2/4	2	1	1/8		1/8	1		3	57	1047
104	102	0	0	2/4	2	1	1/8		1/8	1		0	60	1047
104	102	0	0	2/4	2	1	1/8		1/8	1		2	62	1047
104	102	1/8	1/8	2/4	2	3	1/8		1/8	1		6	42	1052
104	102	1/8	1/8	2/4	2	1	1/8		1/8	1		3	57	1048
104	102	1/8	1/8	2/4	2	1	1/8		1/8	1		0	60	1048
104	102	1/8	1/8	2/4	2	1	1/8		1/8	1		2	62	1048
104	102	1/4	1/4	2/4	2	3	1/8		1/8	1		6	42	1053
104	102	1/4	1/4	2/4	2	1	1/8		1/8	1		3	57	1049
104	102	1/4	1/4	2/4	2	1	1/8		1/8	1		0	60	1049
104	102	1/4	1/4	2/4	2	1	1/8		1/8	1		2	62	1049
104	102	3/8	3/8	2/4	2	3	1/8		1/8	1		6	42	1054
104	102	3/8	3/8	2/4	2	1	1/8		1/8	1		3	57	1050
104	102	3/8	3/8	2/4	2	1	1/8		1/8	1		0	60	1050
104	102	3/8	3/8	2/4	2	1	1/8		1/8	1		2	62	1050
105	103	0	0	2/4	2	2	1/2		1/2	1		1	43	1059
105	103	0	0	2/4	2	1	1/8		1/8	1		-2	58	1055
105	103	0	0	2/4	2	1	1/8		1/8	1		2	62	1055
105	103	1/8	1/8	2/4	2	1	1/8		1/8	1		1	55	1056
105	103	1/4	1/4	2/4	2	1	1/8		1/8	1		5	59	1057
105	103	1/4	1/4	2/4	2	1	1/8		1/8	1		-1	65	1057
105	103	3/8	3/8	2/4	2	1	1/8		1/8	1		1	55	1058
106	104	0	0	2/4	2	2	1/2		1/2	1		1	31	1064
106	104	0	0	2/4	2	1	1/8		1/8	1		0	60	1060
106	104	0	0	2/4	2	1	1/8		1/8	1		-3	63	1060
106	104	1/8	1/8	2/4	2	1	1/8		1/8	1		1	55	1061
106	104	1/4	1/4	2/4	2	1	1/8		1/8	1		-3	51	1062
106	104	1/4	1/4	2/4	2	1	1/8		1/8	1		0	60	1062
106	104	3/8	3/8	2/4	2	1	1/8		1/8	1		6	54	1063
107	105	0	0	2/4	2	2	1/2		1/2	1		1	43	1069
107	105	0	0	2/4	2	1	1/8		1/8	1		2	50	1065
107	105	0	0	2/4	2	1	1/8		1/8	1		5	59	1065
107	105	1/8	1/8	2/4	2	1	1/8		1/8	1		1	55	1066
107	105	1/4	1/4	2/4	2	1	1/8		1/8	1		-1	53	1067
107	105	1/4	1/4	2/4	2	1	1/8		1/8	1		2	62	1067
107	105	3/8	3/8	2/4	2	1	1/8		1/8	1		1	55	1068
108	106	0	0	2/4	2	2	1/2		1/2	1		1	31	1074
108	106	0	0	2/4	2	1	1/8		1/8	1		-3	51	1070
108	106	0	0	2/4	2	1	1/8		1/8	1		0	60	1070
108	106	1/8	1/8	2/4	2	1	1/8		1/8	1		1	55	1071
108	106	1/4	1/4	2/4	2	1	1/8		1/8	1		0	48	1072
108	106	1/4	1/4	2/4	2	1	1/8		1/8	1		6	54	1072
108	106	3/8	3/8	2/4	2	1	1/8		1/8	1		-3	51	1073
109	107	0	0	2/4	2	2	1/2		1/2	1		1	31	1079
109	107	0	0	2/4	2	2	1/2		1/2	1		1	43	1079
109	107	0	0	2/4	2	1	1/8		1/8	1		5	47	1075
109	107	0	0	2/4	2	1	1/8		1/8	1		1	55	1075
109	107	1/8	1/8	2/4	2	1	1/8		1/8	1		2	50	1076
109	107	1/4	1/4	2/4	2	1	1/8		1/8	1		0	48	1077
109	107	1/4	1/4	2/4	2	1	1/8		1/8	1		6	54	1077
109	107	3/8	3/8	2/4	2	1	1/8		1/8	1		-3	51	1078
110	108	0	0	2/4	2	2	1/2		1/2	1		1	31	1084
110	108	0	0	2/4	2	2	1/2		1/2	1		1	43	1084
110	108	0	0	2/4	2	1	1/8		1/8	1		5	47	1080
110	108	0	0	2/4	2	1	1/8		1/8	1		1	55	1080
110	108	1/8	1/8	2/4	2	1	1/8		1/8	1		2	50	1081
110	108	1/4	1/4	2/4	2	1	1/8		1/8	1		0	48	1082
110	108	1/4	1/4	2/4	2	1	1/8		1/8	1		6	54	1082
110	108	3/8	3/8	2/4	2	1	1/8		1/8	1		-3	51	1083
111	109	0	0	2/4	2	2	1/4		1/4	1		1	31	1089
111	109	0	0	2/4	2	2	1/4		1/4	1		1	43	1089
111	109	0	0	2/4	2	1	1/8		1/8	1		5	47	1085
111	109	0	0	2/4	2	1	1/8		1/8	1		1	55	1085
111	109	1/8	1/8	2/4	2	1	1/8		1/8	1		2	50	1086
111	109	1/4	1/4	2/4	2	2	1/4		1/4	1		1	31	1090
111	109	1/4	1/4	2/4	2	2	1/4		1/4	1		1	43	1090
111	109	1/4	1/4	2/4	2	1	1/8		1/8	1		5	47	1087
111	109	1/4	1/4	2/4	2	1	1/8		1/8	1		1	55	1087
111	109	3/8	3/8	2/4	2	1	1/8		1/8	1		2	50	1088
112	110	0	0	2/4	2	2	1/4		1/4	1		1	31	1092
112	110	0	0	2/4	2	2	1/4		1/4	1		1	43	1092
112	110	0	0	2/4	2	1	1/4		1/4	1		5	47	1091
112	110	0	0	2/4	2	1	1/4		1/4	1		1	55	1091
