mc	mn	onset	duration	gracenote	nominal_duration	scalar	tied	tpc	midi	staff	voice	volta
1	0	1/4	1/8		1/8	1		2	62	1	1	
1	0	3/8	1/8		1/8	1		2	62	1	1	
1	0	1/2	1/8		1/8	1		5	59	2	1	
1	0	1/2	1/8		1/8	1		2	62	2	1	
1	0	1/2	1/8		1/8	1		1	67	1	1	
1	0	5/8	1/8		1/8	1		3	57	2	1	
1	0	5/8	1/8		1/8	1		0	60	2	1	
1	0	5/8	1/8		1/8	1		3	69	1	1	
2	1	0	1/4		1/4	1		1	55	2	1	
2	1	0	1/4		1/4	1		5	59	2	1	
2	1	0	1/8		1/8	1		5	71	1	1	
2	1	1/8	1/8		1/8	1		1	67	1	1	
2	1	1/4	1/8		1/8	1		4	64	1	1	
2	1	3/8	1/8		1/8	1		4	64	1	1	
2	1	1/2	1/8		1/8	1		0	60	2	1	
2	1	1/2	1/8		1/8	1		4	64	2	1	
2	1	1/2	1/8		1/8	1		3	69	1	1	
2	1	5/8	1/8		1/8	1		5	59	2	1	
2	1	5/8	1/8		1/8	1		2	62	2	1	
2	1	5/8	1/8		1/8	1		5	71	1	1	
3	2	0	1/4		1/4	1		3	57	2	1	
3	2	0	1/4		1/4	1		0	60	2	1	
3	2	0	1/8		1/8	1		0	72	1	1	
3	2	1/8	1/8		1/8	1		3	69	1	1	
3	2	1/4	1/8		1/8	1		4	76	1	1	
3	2	3/8	1/8		1/8	1		2	74	1	1	
3	2	1/2	1/8		1/8	1		6	54	2	1	
3	2	1/2	1/8		1/8	1		3	57	2	1	
3	2	1/2	1/8		1/8	1		0	72	1	1	
3	2	5/8	1/8		1/8	1		1	55	2	1	
3	2	5/8	1/8		1/8	1		5	59	2	1	
3	2	5/8	1/8		1/8	1		5	71	1	1	
4	3	0	1/8		1/8	1		3	57	2	1	
4	3	0	1/8		1/8	1		0	60	2	1	
4	3	0	1/8		1/8	1		3	69	1	1	
4	3	1/8	1/8		1/8	1		5	59	2	1	
4	3	1/8	1/8		1/8	1		2	62	2	1	
4	3	1/8	1/8		1/8	1		1	67	1	1	
4	3	1/4	1/8		1/8	1		0	60	2	1	
4	3	1/4	1/8		1/8	1		4	64	2	1	
4	3	1/4	1/8		1/8	1		3	69	1	1	
4	3	3/8	0	grace16	1/16	1		1	67	1	1	
4	3	3/8	0	grace16	1/16	1		3	69	1	1	
4	3	3/8	3/8		1/4	3/2		7	61	2	1	
4	3	3/8	3/8		1/4	3/2		4	64	2	1	
4	3	3/8	1/8		1/8	1		-2	70	1	1	
4	3	1/2	1/8		1/8	1		3	69	1	1	
4	3	5/8	1/8		1/8	1		1	67	1	1	
5	4	0	1/4		1/4	1		2	62	2	1	
5	4	0	1/8		1/8	1		6	66	1	1	
5	4	1/8	1/8		1/8	1		2	62	1	1	
5	4	1/4	1/8		1/8	1		2	62	1	1	
5	4	3/8	1/8		1/8	1		2	62	1	1	
5	4	1/2	1/8		1/8	1		5	59	2	1	
5	4	1/2	1/8		1/8	1		2	62	2	1	
5	4	1/2	1/8		1/8	1		1	67	1	1	
5	4	5/8	1/8		1/8	1		3	57	2	1	
5	4	5/8	1/8		1/8	1		0	60	2	1	
5	4	5/8	1/8		1/8	1		3	69	1	1	
6	5	0	1/4		1/4	1		1	55	2	1	
6	5	0	1/4		1/4	1		5	59	2	1	
6	5	0	1/8		1/8	1		5	71	1	1	
6	5	1/8	1/8		1/8	1		1	67	1	1	
6	5	1/4	1/8		1/8	1		4	64	1	1	
6	5	3/8	1/8		1/8	1		4	64	1	1	
6	5	1/2	1/8		1/8	1		0	60	2	1	
6	5	1/2	1/8		1/8	1		4	64	2	1	
6	5	1/2	1/8		1/8	1		3	69	1	1	
6	5	5/8	1/8		1/8	1		5	59	2	1	
6	5	5/8	1/8		1/8	1		2	62	2	1	
6	5	5/8	1/8		1/8	1		5	71	1	1	
7	6	0	1/4		1/4	1		3	57	2	1	
7	6	0	1/4		1/4	1		0	60	2	1	
7	6	0	1/8		1/8	1		0	72	1	1	
7	6	1/8	1/8		1/8	1		3	69	1	1	
7	6	1/4	1/8		1/8	1		4	76	1	1	
7	6	3/8	1/8		1/8	1		2	74	1	1	
7	6	1/2	1/8		1/8	1		6	54	2	1	
7	6	1/2	1/8		1/8	1		3	57	2	1	
7	6	1/2	1/8		1/8	1		0	72	1	1	
7	6	5/8	1/8		1/8	1		1	55	2	1	
7	6	5/8	1/8		1/8	1		5	59	2	1	
7	6	5/8	1/8		1/8	1		5	71	1	1	
8	7	0	1/8		1/8	1		3	57	2	1	
8	7	0	1/8		1/8	1		0	60	2	1	
8	7	0	1/8		1/8	1		3	69	1	1	
8	7	1/8	1/8		1/8	1		5	59	2	1	
8	7	1/8	1/8		1/8	1		2	62	2	1	
8	7	1/8	1/8		1/8	1		1	67	1	1	
8	7	1/4	1/8		1/8	1		0	60	2	1	
8	7	1/4	1/8		1/8	1		4	64	2	1	
8	7	1/4	1/8		1/8	1		3	69	1	1	
8	7	3/8	1/4		1/4	1		2	50	2	1	
8	7	3/8	1/4		1/4	1		5	59	2	1	
8	7	3/8	1/8		1/8	1		2	62	1	1	
8	7	3/8	1/4		1/4	1		2	62	1	2	
8	7	1/2	1/8		1/8	1		1	67	1	1	
8	7	5/8	1/8		1/8	1		2	50	2	1	
8	7	5/8	1/8		1/8	1		3	57	2	1	
8	7	5/8	1/8		1/8	1		6	66	1	1	
9	8	0	1/4		1/4	1		1	43	2	1	
9	8	0	1/4		1/4	1		1	55	2	1	
9	8	0	1/4		1/4	1		5	59	1	1	
9	8	0	1/4		1/4	1		1	67	1	1	
9	8	1/4	1/8		1/8	1		2	62	1	1	
9	8	3/8	1/8		1/8	1		1	67	1	1	
9	8	1/2	1/8		1/8	1		5	71	1	1	
9	8	5/8	1/8		1/8	1		2	74	1	1	
10	9	0	1/8		1/8	1		2	74	1	1	
10	9	1/8	1/8		1/8	1		6	54	2	1	
10	9	1/8	1/8		1/8	1		2	62	2	1	
10	9	1/8	1/8		1/8	1		3	69	1	1	
10	9	1/8	1/8		1/8	1		0	72	1	1	
10	9	1/4	1/8		1/8	1		6	54	2	1	
10	9	1/4	1/8		1/8	1		2	62	2	1	
10	9	1/4	1/8		1/8	1		3	69	1	1	
10	9	1/4	1/8		1/8	1		0	72	1	1	
10	9	3/8	1/8		1/8	1		2	74	1	1	
10	9	1/2	1/8		1/8	1		1	55	2	1	
10	9	1/2	1/8		1/8	1		2	62	2	1	
10	9	1/2	1/8		1/8	1		1	67	1	1	
10	9	1/2	1/8		1/8	1		5	71	1	1	
10	9	5/8	1/8		1/8	1		1	55	2	1	
10	9	5/8	1/8		1/8	1		2	62	2	1	
10	9	5/8	1/8		1/8	1		1	67	1	1	
10	9	5/8	1/8		1/8	1		5	71	1	1	
11	10	0	1/8		1/8	1		2	74	1	1	
11	10	1/8	1/8		1/8	1		6	54	2	1	
11	10	1/8	1/8		1/8	1		2	62	2	1	
11	10	1/8	1/8		1/8	1		3	69	1	1	
11	10	1/8	1/8		1/8	1		0	72	1	1	
11	10	1/4	1/8		1/8	1		6	54	2	1	
11	10	1/4	1/8		1/8	1		2	62	2	1	
11	10	1/4	1/8		1/8	1		3	69	1	1	
11	10	1/4	1/8		1/8	1		0	72	1	1	
11	10	3/8	1/8		1/8	1		2	74	1	1	
11	10	1/2	1/8		1/8	1		1	55	2	1	
11	10	1/2	1/8		1/8	1		2	62	2	1	
11	10	1/2	1/8		1/8	1		1	67	1	1	
11	10	1/2	1/8		1/8	1		5	71	1	1	
11	10	5/8	1/8		1/8	1		1	55	2	1	
11	10	5/8	1/8		1/8	1		2	62	2	1	
11	10	5/8	1/8		1/8	1		1	67	1	1	
11	10	5/8	1/8		1/8	1		5	71	1	1	
12	11	0	1/8		1/8	1		2	74	1	1	
12	11	1/8	1/8		1/8	1		6	54	2	1	
12	11	1/8	1/8		1/8	1		2	62	2	1	
12	11	1/8	1/8		1/8	1		3	69	1	1	
12	11	1/8	1/8		1/8	1		0	72	1	1	
12	11	1/4	1/8		1/8	1		1	55	2	1	
12	11	1/4	1/8		1/8	1		2	62	2	1	
12	11	1/4	1/8		1/8	1		1	67	1	1	
12	11	1/4	1/8		1/8	1		5	71	1	1	
12	11	3/8	1/8		1/8	1		2	74	1	1	
12	11	1/2	1/8		1/8	1		6	54	2	1	
12	11	1/2	1/8		1/8	1		2	62	2	1	
12	11	1/2	1/8		1/8	1		3	69	1	1	
12	11	1/2	1/8		1/8	1		0	72	1	1	
12	11	5/8	1/8		1/8	1		1	55	2	1	
12	11	5/8	1/8		1/8	1		2	62	2	1	
12	11	5/8	1/8		1/8	1		1	67	1	1	
12	11	5/8	1/8		1/8	1		5	71	1	1	
13	12	0	1/4		1/4	1		6	54	2	1	
13	12	0	1/4		1/4	1		2	62	2	1	
13	12	0	1/4		1/4	1		3	69	1	1	
13	12	0	1/4		1/4	1		0	72	1	1	
13	12	0	1/4		1/4	1		2	74	1	1	
13	12	1/4	1/8		1/8	1		2	74	1	1	
13	12	3/8	1/8		1/8	1		2	74	1	1	
13	12	1/2	1/8		1/8	1		5	71	2	1	
13	12	1/2	1/8		1/8	1		2	74	2	1	
13	12	1/2	1/8		1/8	1		1	79	1	1	
13	12	5/8	1/8		1/8	1		3	69	2	1	
13	12	5/8	1/8		1/8	1		0	72	2	1	
13	12	5/8	1/8		1/8	1		3	81	1	1	
14	13	0	1/4		1/4	1		1	67	2	1	
14	13	0	1/4		1/4	1		5	71	2	1	
14	13	0	1/8		1/8	1		5	83	1	1	
14	13	1/8	1/8		1/8	1		1	79	1	1	
14	13	1/4	1/8		1/8	1		4	76	1	1	
14	13	3/8	1/8		1/8	1		4	76	1	1	
14	13	1/2	1/8		1/8	1		0	72	2	1	
14	13	1/2	1/8		1/8	1		4	76	2	1	
14	13	1/2	1/8		1/8	1		3	81	1	1	
14	13	5/8	1/8		1/8	1		5	71	2	1	
14	13	5/8	1/8		1/8	1		2	74	2	1	
14	13	5/8	1/8		1/8	1		5	83	1	1	
15	14	0	1/4		1/4	1		3	69	2	1	
15	14	0	1/4		1/4	1		0	72	2	1	
15	14	0	1/8		1/8	1		0	84	1	1	
15	14	1/8	1/8		1/8	1		3	81	1	1	
15	14	1/4	1/8		1/8	1		4	88	1	1	
15	14	3/8	1/8		1/8	1		2	86	1	1	
15	14	1/2	1/8		1/8	1		6	66	2	1	
15	14	1/2	1/8		1/8	1		3	69	2	1	
15	14	1/2	1/8		1/8	1		0	84	1	1	
15	14	5/8	1/8		1/8	1		1	67	2	1	
15	14	5/8	1/8		1/8	1		5	71	2	1	
15	14	5/8	1/8		1/8	1		5	83	1	1	
16	15	-1/4	1/32		1/32	1		5	83	1	2	
16	15	-7/32	3/32		1/16	3/2		3	81	1	2	
16	15	0	0	appoggiatura	1/8	1		5	83	1	1	
16	15	0	1/8		1/8	1		3	69	2	1	
16	15	0	1/8		1/8	1		0	72	2	1	
16	15	0	1/8		1/8	1		3	81	1	1	
16	15	1/8	1/8		1/8	1		5	71	2	1	
16	15	1/8	1/8		1/8	1		2	74	2	1	
16	15	1/8	1/8		1/8	1		1	79	1	1	
16	15	1/4	1/8		1/8	1		0	72	2	1	
16	15	1/4	1/8		1/8	1		4	76	2	1	
16	15	1/4	1/8		1/8	1		3	81	1	1	
16	15	3/8	1/4		1/4	1		2	62	2	1	
16	15	3/8	1/4		1/4	1		5	71	2	1	
16	15	3/8	1/8		1/8	1		2	74	1	1	
16	15	1/2	1/8		1/8	1		1	79	1	1	
16	15	5/8	1/8		1/8	1		2	62	2	1	
16	15	5/8	1/8		1/8	1		3	69	2	1	
16	15	5/8	1/8		1/8	1		6	78	1	1	
17	16	0	1/4		1/4	1		1	55	2	1	
17	16	0	1/4		1/4	1		1	67	2	1	
17	16	0	1/4		1/4	1		5	71	1	1	
17	16	0	1/4		1/4	1		1	79	1	1	
17	16	1/4	1/8		1/8	1		2	62	2	1	
17	16	1/4	1/8		1/8	1		2	74	1	1	
17	16	3/8	0	appoggiatura	1/8	1		-3	75	1	1	
17	16	3/8	0	appoggiatura	1/8	1		-3	63	2	1	
17	16	3/8	1/8		1/8	1		2	62	2	1	
17	16	3/8	1/8		1/8	1		2	74	1	1	
17	16	1/2	1/8		1/8	1		7	61	2	1	
17	16	1/2	1/8		1/8	1		7	73	1	1	
17	16	5/8	1/8		1/8	1		2	62	2	1	
17	16	5/8	1/8		1/8	1		2	74	1	1	
18	17	0	1/4		1/4	1		-3	63	2	1	
18	17	0	1/4		1/4	1		-3	75	1	1	
18	17	1/4	1/8		1/8	1		2	62	2	1	
18	17	1/4	1/8		1/8	1		2	74	1	1	
18	17	3/8	1/8		1/8	1		0	60	2	1	
18	17	3/8	1/8		1/8	1		0	72	1	1	
18	17	1/2	1/8		1/8	1		-2	58	2	1	
18	17	1/2	1/8		1/8	1		-2	70	1	1	
18	17	5/8	1/8		1/8	1		3	57	2	1	
18	17	5/8	1/8		1/8	1		3	69	1	1	
19	18	0	1/4		1/4	1		2	62	2	1	
19	18	0	1/4		1/4	1		2	74	1	1	
19	18	1/4	1/8		1/8	1		0	60	2	1	
19	18	1/4	1/8		1/8	1		0	72	1	1	
19	18	3/8	1/8		1/8	1		-2	58	2	1	
19	18	3/8	1/8		1/8	1		-2	70	1	1	
19	18	1/2	1/8		1/8	1		3	57	2	1	
19	18	1/2	1/8		1/8	1		3	69	1	1	
19	18	5/8	1/8		1/8	1		1	55	2	1	
19	18	5/8	1/8		1/8	1		1	67	1	1	
20	19	0	3/8		1/4	3/2		0	48	2	1	
20	19	0	3/8		1/4	3/2		3	57	2	1	
20	19	0	1/8		1/8	1		-3	63	1	1	
20	19	1/8	1/8		1/8	1		0	72	1	1	
20	19	1/4	1/8		1/8	1		-2	70	1	1	
20	19	3/8	3/8		1/4	3/2		2	50	2	1	
20	19	3/8	3/8		1/4	3/2		0	60	2	1	
20	19	3/8	1/8		1/8	1		3	69	1	1	
20	19	1/2	1/8		1/8	1		1	67	1	1	
20	19	5/8	1/8		1/8	1		6	66	1	1	
21	20	0	1/16		1/16	1		1	55	2	1	
21	20	0	1/4		1/4	1		1	67	1	1	
21	20	1/16	1/16		1/16	1		2	62	2	1	
21	20	1/8	1/16		1/16	1		-2	58	2	1	
21	20	3/16	1/16		1/16	1		2	62	2	1	
21	20	1/4	1/16		1/16	1		-2	58	2	1	
21	20	1/4	1/8		1/8	1		2	86	1	1	
21	20	5/16	1/16		1/16	1		2	62	2	1	
21	20	3/8	1/16		1/16	1		6	54	2	1	
21	20	3/8	1/8		1/8	1		2	86	1	1	
21	20	7/16	1/16		1/16	1		2	62	2	1	
21	20	1/2	1/16		1/16	1		3	57	2	1	
21	20	1/2	1/8		1/8	1		-5	85	1	1	
21	20	9/16	1/16		1/16	1		2	62	2	1	
21	20	5/8	1/16		1/16	1		3	57	2	1	
21	20	5/8	1/8		1/8	1		2	86	1	1	
21	20	11/16	1/16		1/16	1		2	62	2	1	
22	21	0	1/16		1/16	1		1	55	2	1	
22	21	0	1/8		1/8	1		2	86	1	1	
22	21	1/16	1/16		1/16	1		2	62	2	1	
22	21	1/8	1/16		1/16	1		-2	58	2	1	
22	21	1/8	1/8		1/8	1		-5	85	1	1	
22	21	3/16	1/16		1/16	1		2	62	2	1	
22	21	1/4	1/16		1/16	1		-2	58	2	1	
22	21	1/4	1/8		1/8	1		2	86	1	1	
22	21	5/16	1/16		1/16	1		2	62	2	1	
22	21	3/8	1/16		1/16	1		6	54	2	1	
22	21	3/8	1/8		1/8	1		2	86	1	1	
22	21	7/16	1/16		1/16	1		2	62	2	1	
22	21	1/2	1/16		1/16	1		3	57	2	1	
22	21	1/2	1/8		1/8	1		-5	85	1	1	
22	21	9/16	1/16		1/16	1		2	62	2	1	
22	21	5/8	1/16		1/16	1		3	57	2	1	
22	21	5/8	1/8		1/8	1		2	86	1	1	
22	21	11/16	1/16		1/16	1		2	62	2	1	
23	22	0	1/16		1/16	1		1	55	2	1	
23	22	0	1/8		1/8	1		2	86	1	1	
23	22	1/16	1/16		1/16	1		2	62	2	1	
23	22	1/8	1/16		1/16	1		-2	58	2	1	
23	22	1/8	1/8		1/8	1		0	84	1	1	
23	22	3/16	1/16		1/16	1		2	62	2	1	
23	22	1/4	1/16		1/16	1		-2	58	2	1	
23	22	1/4	1/8		1/8	1		-2	82	1	1	
23	22	5/16	1/16		1/16	1		2	62	2	1	
23	22	3/8	0	appoggiatura	1/8	1		0	84	1	1	
23	22	3/8	1/16		1/16	1		1	55	2	1	
23	22	3/8	1/8		1/8	1		-2	82	1	1	
23	22	7/16	1/16		1/16	1		2	62	2	1	
23	22	1/2	1/16		1/16	1		-2	58	2	1	
23	22	1/2	1/8		1/8	1		3	81	1	1	
23	22	9/16	1/16		1/16	1		2	62	2	1	
23	22	5/8	1/16		1/16	1		-2	58	2	1	
23	22	5/8	1/8		1/8	1		1	79	1	1	
23	22	11/16	1/16		1/16	1		2	62	2	1	
24	23	0	1/16		1/16	1		3	57	2	1	
24	23	0	1/8		1/8	1		-1	77	1	1	
24	23	1/16	1/16		1/16	1		2	62	2	1	
24	23	1/8	1/16		1/16	1		3	57	2	1	
24	23	1/8	1/8		1/8	1		1	79	1	1	
24	23	3/16	1/16		1/16	1		2	62	2	1	
24	23	1/4	1/16		1/16	1		3	57	2	1	
24	23	1/4	1/8		1/8	1		4	76	1	1	
24	23	5/16	1/16		1/16	1		7	61	2	1	
24	23	3/8	1/16		1/16	1		2	50	2	1	
24	23	3/8	1/4		1/4	1		2	74	1	1	
24	23	7/16	1/16		1/16	1		2	62	2	1	
24	23	1/2	1/16		1/16	1		7	61	2	1	
24	23	9/16	1/16		1/16	1		2	62	2	1	
24	23	5/8	1/16		1/16	1		0	60	2	1	
24	23	5/8	1/8		1/8	1		2	74	1	1	
24	23	11/16	1/16		1/16	1		3	57	2	1	
25	24	0	0	appoggiatura	1/8	1		-3	87	1	1	
25	24	0	1/16		1/16	1		1	55	2	1	
25	24	0	1/8		1/8	1		2	86	1	1	
25	24	1/16	1/16		1/16	1		2	62	2	1	
25	24	1/8	1/16		1/16	1		-2	58	2	1	
25	24	1/8	1/8		1/8	1		-5	85	1	1	
25	24	3/16	1/16		1/16	1		2	62	2	1	
25	24	1/4	1/16		1/16	1		-2	58	2	1	
25	24	1/4	1/8		1/8	1		2	86	1	1	
25	24	5/16	1/16		1/16	1		2	62	2	1	
25	24	3/8	0	appoggiatura	1/8	1		-3	87	1	1	
25	24	3/8	1/16		1/16	1		6	54	2	1	
25	24	3/8	1/8		1/8	1		2	86	1	1	
25	24	7/16	1/16		1/16	1		2	62	2	1	
25	24	1/2	1/16		1/16	1		3	57	2	1	
25	24	1/2	1/8		1/8	1		-5	85	1	1	
25	24	9/16	1/16		1/16	1		2	62	2	1	
25	24	5/8	1/16		1/16	1		3	57	2	1	
25	24	5/8	1/8		1/8	1		2	86	1	1	
25	24	11/16	1/16		1/16	1		2	62	2	1	
26	25	0	0	appoggiatura	1/8	1		-3	87	1	1	
26	25	0	1/16		1/16	1		1	55	2	1	
26	25	0	1/8		1/8	1		2	86	1	1	
26	25	1/16	1/16		1/16	1		2	62	2	1	
26	25	1/8	1/16		1/16	1		-2	58	2	1	
26	25	1/8	1/8		1/8	1		-5	85	1	1	
26	25	3/16	1/16		1/16	1		2	62	2	1	
26	25	1/4	1/16		1/16	1		-2	58	2	1	
26	25	1/4	1/8		1/8	1		2	86	1	1	
26	25	5/16	1/16		1/16	1		2	62	2	1	
26	25	3/8	0	appoggiatura	1/8	1		-1	89	1	1	
26	25	3/8	1/16		1/16	1		1	55	2	1	
26	25	3/8	1/8		1/8	1		-3	87	1	1	
26	25	7/16	1/16		1/16	1		-3	63	2	1	
26	25	1/2	1/16		1/16	1		-2	58	2	1	
26	25	1/2	1/8		1/8	1		2	86	1	1	
26	25	9/16	1/16		1/16	1		-3	63	2	1	
26	25	5/8	1/16		1/16	1		-2	58	2	1	
26	25	5/8	1/8		1/8	1		-3	87	1	1	
26	25	11/16	1/16		1/16	1		-3	63	2	1	
27	26	0	0	appoggiatura	1/8	1		-1	77	1	1	
27	26	0	1/16		1/16	1		3	57	2	1	
27	26	0	3/8		1/4	3/2	1	-1	89	1	1	
27	26	1/16	1/16		1/16	1		-1	65	2	1	
27	26	1/8	1/16		1/16	1		0	60	2	1	
27	26	3/16	1/16		1/16	1		-1	65	2	1	
27	26	1/4	1/16		1/16	1		0	60	2	1	
27	26	5/16	1/16		1/16	1		-1	65	2	1	
27	26	3/8	1/16		1/16	1		-2	58	2	1	
27	26	3/8	1/8		1/8	1	-1	-1	89	1	1	
27	26	7/16	1/16		1/16	1		-1	65	2	1	
27	26	1/2	1/16		1/16	1		2	62	2	1	
27	26	1/2	1/8		1/8	1		-3	87	1	1	
27	26	9/16	1/16		1/16	1		-1	65	2	1	
27	26	5/8	1/16		1/16	1		2	62	2	1	
27	26	5/8	1/8		1/8	1		2	86	1	1	
27	26	11/16	1/16		1/16	1		-1	65	2	1	
28	27	0	0	appoggiatura	1/8	1		2	86	1	1	
28	27	0	1/16		1/16	1		-3	51	2	1	
28	27	0	1/8		1/8	1		0	84	1	1	
28	27	1/16	1/16		1/16	1		0	60	2	1	
28	27	1/8	1/16		1/16	1		1	55	2	1	
28	27	1/8	1/8		1/8	1		5	83	1	1	
28	27	3/16	1/16		1/16	1		0	60	2	1	
28	27	1/4	1/16		1/16	1		1	55	2	1	
28	27	1/4	1/8		1/8	1		0	84	1	1	
28	27	5/16	1/16		1/16	1		0	60	2	1	
28	27	3/8	1/16		1/16	1		-1	53	2	1	
28	27	3/8	1/8		1/8	1		-3	87	1	1	
28	27	7/16	1/16		1/16	1		0	60	2	1	
28	27	1/2	1/16		1/16	1		3	57	2	1	
28	27	1/2	1/8		1/8	1		0	84	1	1	
28	27	9/16	1/16		1/16	1		0	60	2	1	
28	27	5/8	1/16		1/16	1		3	57	2	1	
28	27	5/8	1/8		1/8	1		3	81	1	1	
28	27	11/16	1/16		1/16	1		0	60	2	1	
29	28	0	1/16		1/16	1		2	50	2	1	
29	28	0	1/8		1/8	1		-2	82	1	1	
29	28	1/16	1/16		1/16	1		2	62	2	1	
29	28	1/8	1/16		1/16	1		-2	58	2	1	
29	28	1/8	1/8		1/8	1		2	86	1	1	
29	28	3/16	1/16		1/16	1		2	62	2	1	
29	28	1/4	1/16		1/16	1		-2	58	2	1	
29	28	1/4	1/8		1/8	1	1	-1	89	1	1	
29	28	5/16	1/16		1/16	1		2	62	2	1	
29	28	3/8	1/16		1/16	1		-1	53	2	1	
29	28	3/8	1/8		1/8	1	-1	-1	89	1	1	
29	28	7/16	1/16		1/16	1		2	62	2	1	
29	28	1/2	1/16		1/16	1		-2	58	2	1	
29	28	1/2	1/8		1/8	1		-3	87	1	1	
29	28	9/16	1/16		1/16	1		2	62	2	1	
29	28	5/8	1/16		1/16	1		-2	58	2	1	
29	28	5/8	1/8		1/8	1		2	86	1	1	
29	28	11/16	1/16		1/16	1		2	62	2	1	
30	29	0	0	appoggiatura	1/8	1		2	86	1	1	
30	29	0	1/16		1/16	1		-3	51	2	1	
30	29	0	1/8		1/8	1		0	84	1	1	
30	29	1/16	1/16		1/16	1		0	60	2	1	
30	29	1/8	1/16		1/16	1		1	55	2	1	
30	29	1/8	1/8		1/8	1		5	83	1	1	
30	29	3/16	1/16		1/16	1		0	60	2	1	
30	29	1/4	1/16		1/16	1		1	55	2	1	
30	29	1/4	1/8		1/8	1		0	84	1	1	
30	29	5/16	1/16		1/16	1		0	60	2	1	
30	29	3/8	1/16		1/16	1		-1	53	2	1	
30	29	3/8	1/8		1/8	1		-3	87	1	1	
30	29	7/16	1/16		1/16	1		-3	63	2	1	
30	29	1/2	1/16		1/16	1		0	60	2	1	
30	29	1/2	1/8		1/8	1		0	84	1	1	
30	29	9/16	1/16		1/16	1		-3	63	2	1	
30	29	5/8	1/16		1/16	1		0	60	2	1	
30	29	5/8	1/8		1/8	1		3	81	1	1	
30	29	11/16	1/16		1/16	1		-3	63	2	1	
31	30	0	1/4		1/4	1		-2	58	2	1	
31	30	0	1/4		1/4	1		2	62	2	1	
31	30	0	1/8		1/8	1		-2	82	1	1	
31	30	1/8	1/8		1/8	1		2	86	1	1	
31	30	1/4	1/8		1/8	1		0	84	1	1	
31	30	3/8	1/8		1/8	1		-2	82	1	1	
31	30	1/2	1/8		1/8	1		3	81	1	1	
31	30	5/8	1/8		1/8	1		1	79	1	1	
32	31	0	1/8		1/8	1		-1	77	1	1	
32	31	1/8	1/8		1/8	1		4	76	1	1	
32	31	1/4	1/8		1/8	1		-1	77	1	1	
32	31	3/8	1/8		1/8	1		6	78	1	1	
32	31	1/2	1/8		1/8	1		1	79	1	1	
32	31	5/8	1/8		1/8	1		-3	75	1	1	
33	32	0	3/8		1/4	3/2		2	74	1	1	
33	32	1/8	1/8		1/8	1		-1	65	2	1	
33	32	1/4	1/8		1/8	1		-1	65	2	1	
33	32	3/8	0	appoggiatura	1/8	1		-3	75	1	1	
33	32	3/8	1/8		1/8	1		-2	58	2	1	
33	32	3/8	1/8		1/8	1		2	74	1	1	
33	32	1/2	1/8		1/8	1		-1	65	2	1	
33	32	1/2	1/8		1/8	1		0	72	1	1	
33	32	5/8	1/8		1/8	1		-1	65	2	1	
33	32	5/8	1/8		1/8	1		2	74	1	1	
34	33	0	1/8		1/8	1		0	60	2	1	
34	33	0	3/8		1/4	3/2		-3	75	1	1	
34	33	1/8	1/8		1/8	1		-1	65	2	1	
34	33	1/4	1/8		1/8	1		-1	65	2	1	
34	33	3/8	0	appoggiatura	1/8	1		2	74	1	1	
34	33	3/8	1/8		1/8	1		-3	63	2	1	
34	33	3/8	1/8		1/8	1		0	72	1	1	
34	33	1/2	1/8		1/8	1		-1	65	2	1	
34	33	1/2	1/8		1/8	1		5	71	1	1	
34	33	5/8	1/8		1/8	1		-1	65	2	1	
34	33	5/8	1/8		1/8	1		0	72	1	1	
35	34	0	1/8		1/8	1		2	62	2	1	
35	34	0	3/8		1/4	3/2	1	-1	77	1	1	
35	34	1/8	1/8		1/8	1		-1	65	2	1	
35	34	1/4	1/8		1/8	1		-1	65	2	1	
35	34	3/8	1/8		1/8	1		-2	58	2	1	
35	34	3/8	1/8		1/8	1	-1	-1	77	1	1	
35	34	1/2	1/8		1/8	1		-1	65	2	1	
35	34	1/2	1/8		1/8	1		-3	75	1	1	
35	34	5/8	1/8		1/8	1		-1	65	2	1	
35	34	5/8	1/8		1/8	1		2	74	1	1	
36	35	0	1/8		1/8	1		0	60	2	1	
36	35	0	1/8		1/8	1		0	72	1	1	
36	35	1/8	1/8		1/8	1		-1	65	2	1	
36	35	1/8	1/8		1/8	1		2	74	1	1	
36	35	1/4	1/8		1/8	1		-1	65	2	1	
36	35	1/4	1/8		1/8	1		-2	70	1	1	
36	35	3/8	1/8		1/8	1		0	60	2	1	
36	35	3/8	1/8		1/8	1		3	69	1	1	
36	35	1/2	1/8		1/8	1		4	64	2	1	
36	35	1/2	1/8		1/8	1		-2	70	1	1	
36	35	5/8	1/8		1/8	1		4	64	2	1	
36	35	5/8	1/8		1/8	1		1	67	1	1	
37	36	0	1/8		1/8	1		-1	53	2	1	
37	36	0	3/8		1/4	3/2	1	-1	65	1	1	
37	36	1/8	1/8		1/8	1		3	57	2	1	
37	36	1/4	1/8		1/8	1		0	60	2	1	
37	36	3/8	1/8		1/8	1		-3	51	2	1	
37	36	3/8	1/8		1/8	1	-1	-1	65	1	1	
37	36	1/2	1/8		1/8	1		3	57	2	1	
37	36	1/2	1/8		1/8	1		1	67	1	1	
37	36	5/8	1/8		1/8	1		0	60	2	1	
37	36	5/8	1/8		1/8	1		3	69	1	1	
38	37	0	0	appoggiatura	1/8	1		0	72	1	1	
38	37	0	1/8		1/8	1		2	50	2	1	
38	37	0	1/8		1/8	1		-2	70	1	1	
38	37	1/8	1/8		1/8	1		-1	53	2	1	
38	37	1/8	1/8		1/8	1		3	69	1	1	
38	37	1/4	1/8		1/8	1		-1	53	2	1	
38	37	1/4	1/8		1/8	1		-2	70	1	1	
38	37	3/8	1/8		1/8	1		-2	46	2	1	
38	37	3/8	1/8		1/8	1		-1	65	1	1	
38	37	1/2	1/8		1/8	1		-1	53	2	1	
38	37	1/2	1/8		1/8	1		3	69	1	1	
38	37	5/8	1/8		1/8	1		-1	53	2	1	
38	37	5/8	1/8		1/8	1		-2	70	1	1	
39	38	0	0	appoggiatura	1/8	1		2	74	1	1	
39	38	0	1/8		1/8	1		3	45	2	1	
39	38	0	1/8		1/8	1		0	72	1	1	
39	38	1/8	1/8		1/8	1		-1	53	2	1	
39	38	1/8	1/8		1/8	1		5	71	1	1	
39	38	1/4	1/8		1/8	1		-1	53	2	1	
39	38	1/4	1/8		1/8	1		0	72	1	1	
39	38	3/8	1/8		1/8	1		-1	41	2	1	
39	38	3/8	1/8		1/8	1		-1	65	1	1	
39	38	1/2	1/8		1/8	1		-1	53	2	1	
39	38	1/2	1/8		1/8	1		-2	70	1	1	
39	38	5/8	1/8		1/8	1		-1	53	2	1	
39	38	5/8	1/8		1/8	1		0	72	1	1	
40	39	0	0	appoggiatura	1/8	1		-3	75	1	1	
40	39	0	1/8		1/8	1		-2	46	2	1	
40	39	0	1/8		1/8	1		2	74	1	1	
40	39	1/8	1/8		1/8	1		-1	53	2	1	
40	39	1/8	1/8		1/8	1		0	72	1	1	
40	39	1/4	1/8		1/8	1		-2	58	2	1	
40	39	1/4	1/8		1/8	1		2	74	1	1	
40	39	3/8	1/8		1/8	1		-3	51	2	1	
40	39	3/8	1/8		1/8	1		-3	75	1	1	
40	39	1/2	1/8		1/8	1		1	55	2	1	
40	39	1/2	1/8		1/8	1		-1	77	1	1	
40	39	5/8	1/8		1/8	1		0	60	2	1	
40	39	5/8	1/8		1/8	1		1	79	1	1	
41	40	0	1/8		1/8	1		-1	53	2	1	
41	40	0	3/8		1/4	3/2		0	72	1	1	
41	40	1/8	1/8		1/8	1		-1	65	2	1	
41	40	1/4	1/8		1/8	1		-1	65	2	1	
41	40	3/8	0	appoggiatura	1/8	1		-3	75	1	1	
41	40	3/8	1/8		1/8	1		-2	58	2	1	
41	40	3/8	1/8		1/8	1		2	74	1	1	
41	40	1/2	1/8		1/8	1		-1	65	2	1	
41	40	1/2	1/8		1/8	1		0	72	1	1	
41	40	5/8	1/8		1/8	1		-1	65	2	1	
41	40	5/8	1/8		1/8	1		2	74	1	1	
42	41	0	1/8		1/8	1		0	60	2	1	
42	41	0	3/8		1/4	3/2		-3	75	1	1	
42	41	1/8	1/8		1/8	1		-1	65	2	1	
42	41	1/4	1/8		1/8	1		-1	65	2	1	
42	41	3/8	0	appoggiatura	1/8	1		2	74	1	1	
42	41	3/8	1/8		1/8	1		-3	63	2	1	
42	41	3/8	1/8		1/8	1		0	72	1	1	
42	41	1/2	1/8		1/8	1		-1	65	2	1	
42	41	1/2	1/8		1/8	1		5	71	1	1	
42	41	5/8	1/8		1/8	1		-1	65	2	1	
42	41	5/8	1/8		1/8	1		0	72	1	1	
43	42	0	1/8		1/8	1		2	62	2	1	
43	42	0	3/8		1/4	3/2	1	-1	77	1	1	
43	42	1/8	1/8		1/8	1		-1	65	2	1	
43	42	1/4	1/8		1/8	1		-1	65	2	1	
43	42	3/8	1/8		1/8	1		-2	58	2	1	
43	42	3/8	1/8		1/8	1	-1	-1	77	1	1	
43	42	1/2	1/8		1/8	1		-1	65	2	1	
43	42	1/2	1/8		1/8	1		-3	75	1	1	
43	42	5/8	1/8		1/8	1		-1	65	2	1	
43	42	5/8	1/8		1/8	1		2	74	1	1	
44	43	0	1/8		1/8	1		0	60	2	1	
44	43	0	1/8		1/8	1		0	72	1	1	
44	43	1/8	1/8		1/8	1		-1	65	2	1	
44	43	1/8	1/8		1/8	1		2	74	1	1	
44	43	1/4	1/8		1/8	1		-1	65	2	1	
44	43	1/4	1/8		1/8	1		-2	70	1	1	
44	43	3/8	1/8		1/8	1		0	60	2	1	
44	43	3/8	1/8		1/8	1		3	69	1	1	
44	43	1/2	1/8		1/8	1		4	64	2	1	
44	43	1/2	1/8		1/8	1		-2	70	1	1	
44	43	5/8	1/8		1/8	1		4	64	2	1	
44	43	5/8	1/8		1/8	1		1	67	1	1	
45	44	0	1/8		1/8	1		-1	53	2	1	
45	44	0	3/8		1/4	3/2	1	-1	65	1	1	
45	44	1/8	1/8		1/8	1		3	57	2	1	
45	44	1/4	1/8		1/8	1		0	60	2	1	
45	44	3/8	1/8		1/8	1		-3	51	2	1	
45	44	3/8	1/8		1/8	1	-1	-1	65	1	1	
45	44	1/2	1/8		1/8	1		3	57	2	1	
45	44	1/2	1/8		1/8	1		1	67	1	1	
45	44	5/8	1/8		1/8	1		0	60	2	1	
45	44	5/8	1/8		1/8	1		3	69	1	1	
46	45	0	0	appoggiatura	1/8	1		0	72	1	1	
46	45	0	1/8		1/8	1		2	50	2	1	
46	45	0	1/8		1/8	1		-2	70	1	1	
46	45	1/8	1/8		1/8	1		-1	53	2	1	
46	45	1/8	1/8		1/8	1		3	69	1	1	
46	45	1/4	1/8		1/8	1		-1	53	2	1	
46	45	1/4	1/8		1/8	1		-2	70	1	1	
46	45	3/8	1/8		1/8	1		-2	46	2	1	
46	45	3/8	1/8		1/8	1		-1	65	1	1	
46	45	1/2	1/8		1/8	1		-1	53	2	1	
46	45	1/2	1/8		1/8	1		3	69	1	1	
46	45	5/8	1/8		1/8	1		-1	53	2	1	
46	45	5/8	1/8		1/8	1		-2	70	1	1	
47	46	0	0	appoggiatura	1/8	1		2	74	1	1	
47	46	0	1/8		1/8	1		3	45	2	1	
47	46	0	1/8		1/8	1		0	72	1	1	
47	46	1/8	1/8		1/8	1		-1	53	2	1	
47	46	1/8	1/8		1/8	1		5	71	1	1	
47	46	1/4	1/8		1/8	1		-1	53	2	1	
47	46	1/4	1/8		1/8	1		0	72	1	1	
47	46	3/8	0	appoggiatura	1/8	1		-3	75	1	1	
47	46	3/8	1/8		1/8	1		-2	46	2	1	
47	46	3/8	1/8		1/8	1		2	74	1	1	
47	46	1/2	1/8		1/8	1		-1	53	2	1	
47	46	1/2	1/8		1/8	1		0	72	1	1	
47	46	5/8	1/8		1/8	1		-1	53	2	1	
47	46	5/8	1/8		1/8	1		2	74	1	1	
48	47	0	1/8		1/8	1		-3	51	2	1	
48	47	0	1/8		1/8	1		-3	75	1	1	
48	47	1/8	1/8		1/8	1		1	55	2	1	
48	47	1/8	1/8		1/8	1		-1	77	1	1	
48	47	1/4	1/8		1/8	1		0	60	2	1	
48	47	1/4	1/8		1/8	1		1	79	1	1	
48	47	3/8	1/8		1/8	1		-1	53	2	1	
48	47	3/8	1/4		1/4	1		-2	70	1	1	
48	47	1/2	1/8		1/8	1		2	62	2	1	
48	47	5/8	1/8		1/8	1		-3	63	2	1	
48	47	5/8	1/16		1/16	1		2	74	1	1	
48	47	11/16	1/16		1/16	1		0	72	1	1	
49	48	0	1/8		1/8	1		-2	58	2	1	
49	48	0	1/4		1/4	1		-2	70	1	1	
49	48	1/8	1/8		1/8	1		2	62	2	1	
49	48	1/4	1/8		1/8	1		-1	65	2	1	
49	48	3/8	0	appoggiatura	1/8	1		0	72	1	1	
49	48	3/8	1/8		1/8	1		-2	70	1	1	
49	48	1/2	1/8		1/8	1		3	69	1	1	
49	48	5/8	1/8		1/8	1		-2	70	1	1	
50	49	-1/4	3/8		1/4	3/2		-2	70	1	2	
50	49	0	3/8		1/4	3/2		2	62	2	1	
50	49	0	3/8		1/4	3/2		-1	65	2	1	
50	49	0	1/4		1/4	1		-1	77	1	1	
50	49	1/8	3/8		1/4	3/2		5	71	1	2	
50	49	1/4	1/8		1/8	1		-1	77	1	1	
50	49	3/8	3/8		1/4	3/2		-5	61	2	1	
50	49	3/8	3/8		1/4	3/2		-1	65	2	1	
50	49	3/8	1/4		1/4	1		-1	77	1	1	
50	49	5/8	1/8		1/8	1		-1	77	1	1	
51	50	-1/4	3/8		1/4	3/2		0	72	1	2	
51	50	0	3/8		1/4	3/2		0	60	2	1	
51	50	0	3/8		1/4	3/2		1	67	2	1	
51	50	0	1/4		1/4	1		-1	77	1	1	
51	50	1/4	1/8		1/8	1		4	76	1	1	
51	50	3/8	0	appoggiatura	1/8	1		2	74	1	1	
51	50	3/8	1/8		1/8	1		0	72	1	1	
51	50	1/2	1/8		1/8	1		5	71	1	1	
51	50	5/8	1/8		1/8	1		0	72	1	1	
52	51	-1/4	3/8		1/4	3/2		0	72	1	2	
52	51	0	3/8		1/4	3/2		0	60	2	1	
52	51	0	3/8		1/4	3/2		1	67	2	1	
52	51	0	1/4		1/4	1		-3	75	1	1	
52	51	1/8	3/8		1/4	3/2		0	72	1	2	
52	51	1/4	1/8		1/8	1		-3	75	1	1	
52	51	3/8	3/8		1/4	3/2		3	57	2	1	
52	51	3/8	3/8		1/4	3/2		-6	66	2	1	
52	51	3/8	1/4		1/4	1		-3	75	1	1	
52	51	5/8	1/8		1/8	1		-3	75	1	1	
53	52	-1/4	3/8		1/4	3/2		-2	70	1	2	
53	52	0	3/8		1/4	3/2		-2	58	2	1	
53	52	0	3/8		1/4	3/2		-1	65	2	1	
53	52	0	1/4		1/4	1		-3	75	1	1	
53	52	1/4	1/8		1/8	1		2	74	1	1	
53	52	3/8	0	appoggiatura	1/8	1		-3	75	1	1	
53	52	3/8	1/8		1/8	1		-2	58	2	1	
53	52	3/8	1/8		1/8	1		2	74	1	1	
53	52	1/2	1/8		1/8	1		-1	65	2	1	
53	52	1/2	1/8		1/8	1		0	72	1	1	
53	52	5/8	1/8		1/8	1		-1	65	2	1	
53	52	5/8	1/8		1/8	1		2	74	1	1	
54	53	0	1/8		1/8	1		0	60	2	1	
54	53	0	3/8		1/4	3/2		-3	75	1	1	
54	53	1/8	1/8		1/8	1		-1	65	2	1	
54	53	1/4	1/8		1/8	1		-1	65	2	1	
54	53	3/8	0	appoggiatura	1/8	1		2	74	1	1	
54	53	3/8	1/8		1/8	1		-3	63	2	1	
54	53	3/8	1/8		1/8	1		0	72	1	1	
54	53	1/2	1/8		1/8	1		-1	65	2	1	
54	53	1/2	1/8		1/8	1		5	71	1	1	
54	53	5/8	1/8		1/8	1		-1	65	2	1	
54	53	5/8	1/8		1/8	1		0	72	1	1	
55	54	0	1/8		1/8	1		2	62	2	1	
55	54	0	3/8		1/4	3/2	1	-1	77	1	1	
55	54	1/8	1/8		1/8	1		-2	58	2	1	
55	54	1/4	1/8		1/8	1		-2	58	2	1	
55	54	3/8	1/8		1/8	1		-3	51	2	1	
55	54	3/8	1/8		1/8	1	-1	-1	77	1	1	
55	54	1/2	1/8		1/8	1		-2	58	2	1	
55	54	1/2	1/8		1/8	1		6	78	1	1	
55	54	5/8	1/8		1/8	1		-2	58	2	1	
55	54	5/8	1/8		1/8	1		1	79	1	1	
56	55	0	1/8		1/8	1		-1	53	2	1	
56	55	0	3/8		1/4	3/2		-2	70	1	1	
56	55	1/8	1/8		1/8	1		-2	58	2	1	
56	55	1/4	1/8		1/8	1		-2	58	2	1	
56	55	3/8	1/8		1/8	1		-1	53	2	1	
56	55	3/8	1/4		1/4	1		2	74	1	1	
56	55	1/2	1/8		1/8	1		3	57	2	1	
56	55	5/8	1/8		1/8	1		3	57	2	1	
56	55	5/8	1/8		1/8	1		0	72	1	1	
57	56	0	1/8		1/8	1		-2	46	2	1	
57	56	0	1/4		1/4	1		-2	70	1	1	
57	56	1/8	1/8		1/8	1		-2	58	2	1	
57	56	1/4	1/8		1/8	1		-2	58	2	1	
57	56	3/8	0	appoggiatura	1/8	1		0	72	1	1	
57	56	3/8	1/8		1/8	1		-2	70	1	1	
57	56	1/2	1/8		1/8	1		3	69	1	1	
57	56	5/8	1/8		1/8	1		-2	70	1	1	
58	57	-1/4	3/8		1/4	3/2		-2	70	1	2	
58	57	0	1/8		1/8	1		2	62	2	1	
58	57	0	1/4		1/4	1		-1	77	1	1	
58	57	1/8	1/8		1/8	1		-1	65	2	1	
58	57	1/8	3/8		1/4	3/2		5	71	1	2	
58	57	1/4	1/8		1/8	1		-1	65	2	1	
58	57	1/4	1/8		1/8	1		-1	77	1	1	
58	57	3/8	1/8		1/8	1		-5	61	2	1	
58	57	3/8	1/4		1/4	1		-1	77	1	1	
58	57	1/2	1/8		1/8	1		-1	65	2	1	
58	57	5/8	1/8		1/8	1		-1	65	2	1	
58	57	5/8	1/8		1/8	1		-1	77	1	1	
59	58	-1/4	3/8		1/4	3/2		0	72	1	2	
59	58	0	1/8		1/8	1		0	60	2	1	
59	58	0	1/4		1/4	1		-1	77	1	1	
59	58	1/8	1/8		1/8	1		1	67	2	1	
59	58	1/4	1/8		1/8	1		1	67	2	1	
59	58	1/4	1/8		1/8	1		4	76	1	1	
59	58	3/8	0	appoggiatura	1/8	1		2	74	1	1	
59	58	3/8	1/8		1/8	1		1	67	2	1	
59	58	3/8	1/8		1/8	1		0	72	1	1	
59	58	1/2	1/8		1/8	1		1	67	2	1	
59	58	1/2	1/8		1/8	1		5	71	1	1	
59	58	5/8	1/8		1/8	1		1	67	2	1	
59	58	5/8	1/8		1/8	1		0	72	1	1	
60	59	-1/4	3/8		1/4	3/2		0	72	1	2	
60	59	0	1/8		1/8	1		0	60	2	1	
60	59	0	1/4		1/4	1		-3	75	1	1	
60	59	1/8	1/8		1/8	1		1	67	2	1	
60	59	1/8	3/8		1/4	3/2		0	72	1	2	
60	59	1/4	1/8		1/8	1		1	67	2	1	
60	59	1/4	1/8		1/8	1		-3	75	1	1	
60	59	3/8	1/8		1/8	1		3	57	2	1	
60	59	3/8	1/4		1/4	1		-3	75	1	1	
60	59	1/2	1/8		1/8	1		-6	66	2	1	
60	59	5/8	1/8		1/8	1		-6	66	2	1	
60	59	5/8	1/8		1/8	1		-3	75	1	1	
61	60	-1/4	3/8		1/4	3/2		-2	70	1	2	
61	60	0	1/8		1/8	1		-2	58	2	1	
61	60	0	1/4		1/4	1		-3	75	1	1	
61	60	1/8	1/8		1/8	1		-1	65	2	1	
61	60	1/4	1/8		1/8	1		-1	65	2	1	
61	60	1/4	1/8		1/8	1		2	74	1	1	
61	60	3/8	0	appoggiatura	1/8	1		-3	75	1	1	
61	60	3/8	1/8		1/8	1		-1	65	2	1	
61	60	3/8	1/8		1/8	1		2	74	1	1	
61	60	1/2	1/8		1/8	1		-1	65	2	1	
61	60	1/2	1/8		1/8	1		0	72	1	1	
61	60	5/8	1/8		1/8	1		-1	65	2	1	
61	60	5/8	1/8		1/8	1		2	74	1	1	
62	61	0	1/8		1/8	1		0	60	2	1	
62	61	0	3/8		1/4	3/2		-3	75	1	1	
62	61	1/8	1/8		1/8	1		-1	65	2	1	
62	61	1/4	1/8		1/8	1		-1	65	2	1	
62	61	3/8	0	appoggiatura	1/8	1		2	74	1	1	
62	61	3/8	1/8		1/8	1		-3	63	2	1	
62	61	3/8	1/8		1/8	1		0	72	1	1	
62	61	1/2	1/8		1/8	1		-1	65	2	1	
62	61	1/2	1/8		1/8	1		5	71	1	1	
62	61	5/8	1/8		1/8	1		-1	65	2	1	
62	61	5/8	1/8		1/8	1		0	72	1	1	
63	62	0	1/8		1/8	1		2	62	2	1	
63	62	0	3/8		1/4	3/2	1	-1	77	1	1	
63	62	1/8	1/8		1/8	1		-2	58	2	1	
63	62	1/4	1/8		1/8	1		-2	58	2	1	
63	62	3/8	1/8		1/8	1		-3	51	2	1	
63	62	3/8	1/8		1/8	1	-1	-1	77	1	1	
63	62	1/2	1/8		1/8	1		-2	58	2	1	
63	62	1/2	1/8		1/8	1		6	78	1	1	
63	62	5/8	1/8		1/8	1		-3	63	2	1	
63	62	5/8	1/8		1/8	1		1	79	1	1	
64	63	0	1/8		1/8	1		-1	53	2	1	
64	63	0	3/8		1/4	3/2		-2	70	1	1	
64	63	1/8	1/8		1/8	1		-2	58	2	1	
64	63	1/4	1/8		1/8	1		2	62	2	1	
64	63	3/8	1/8		1/8	1		-1	53	2	1	
64	63	3/8	1/4		1/4	1		2	74	1	1	
64	63	1/2	1/8		1/8	1		3	57	2	1	
64	63	5/8	1/8		1/8	1		-3	63	2	1	
64	63	5/8	1/8		1/8	1		0	72	1	1	
65	64	0	1/4		1/4	1		-2	58	2	1	
65	64	0	1/4		1/4	1		2	62	2	1	
65	64	0	1/4		1/4	1		-2	70	1	1	
65	64	1/4	1/8		1/8	1		2	62	2	1	
65	64	1/4	1/8		1/8	1		2	74	1	1	
65	64	3/8	0	appoggiatura	1/8	1		-3	75	1	1	
65	64	3/8	0	appoggiatura	1/8	1		-3	63	2	1	
65	64	3/8	1/8		1/8	1		2	62	2	1	
65	64	3/8	1/8		1/8	1		2	74	1	1	
65	64	1/2	1/8		1/8	1		-5	61	2	1	
65	64	1/2	1/8		1/8	1		0	72	1	1	
65	64	5/8	1/8		1/8	1		2	62	2	1	
65	64	5/8	1/8		1/8	1		2	74	1	1	
66	65	0	1/4		1/4	1		-3	63	2	1	
66	65	0	1/4		1/4	1		-3	75	1	1	
66	65	1/4	1/8		1/8	1		2	62	2	1	
66	65	1/4	1/8		1/8	1		2	74	1	1	
66	65	3/8	1/8		1/8	1		0	60	2	1	
66	65	3/8	1/8		1/8	1		0	72	1	1	
66	65	1/2	1/8		1/8	1		-2	58	2	1	
66	65	1/2	1/8		1/8	1		-2	70	1	1	
66	65	5/8	1/8		1/8	1		3	57	2	1	
66	65	5/8	1/8		1/8	1		3	69	1	1	
67	66	0	1/4		1/4	1		2	62	2	1	
67	66	0	1/4		1/4	1		2	74	1	1	
67	66	1/4	1/8		1/8	1		0	60	2	1	
67	66	1/4	1/8		1/8	1		0	72	1	1	
67	66	3/8	1/8		1/8	1		-2	58	2	1	
67	66	3/8	1/8		1/8	1		-2	70	1	1	
67	66	1/2	1/8		1/8	1		3	57	2	1	
67	66	1/2	1/8		1/8	1		3	69	1	1	
67	66	5/8	1/8		1/8	1		1	55	2	1	
67	66	5/8	1/8		1/8	1		1	67	1	1	
68	67	0	3/8		1/4	3/2		0	48	2	1	
68	67	0	3/8		1/4	3/2		3	57	2	1	
68	67	0	1/8		1/8	1		-3	63	1	1	
68	67	1/8	1/8		1/8	1		0	72	1	1	
68	67	1/4	1/8		1/8	1		-2	70	1	1	
68	67	3/8	3/8		1/4	3/2		2	50	2	1	
68	67	3/8	3/8		1/4	3/2		0	60	2	1	
68	67	3/8	1/8		1/8	1		3	69	1	1	
68	67	1/2	1/8		1/8	1		1	67	1	1	
68	67	5/8	1/8		1/8	1		6	66	1	1	
69	68	0	1/16		1/16	1		1	55	2	1	
69	68	0	1/4		1/4	1		1	67	1	1	
69	68	1/16	1/16		1/16	1		2	62	2	1	
69	68	1/8	1/16		1/16	1		-2	58	2	1	
69	68	3/16	1/16		1/16	1		2	62	2	1	
69	68	1/4	1/16		1/16	1		-2	58	2	1	
69	68	1/4	1/8		1/8	1		2	86	1	1	
69	68	5/16	1/16		1/16	1		2	62	2	1	
69	68	3/8	1/16		1/16	1		6	54	2	1	
69	68	3/8	1/8		1/8	1		2	86	1	1	
69	68	7/16	1/16		1/16	1		2	62	2	1	
69	68	1/2	1/16		1/16	1		3	57	2	1	
69	68	1/2	1/8		1/8	1		-5	85	1	1	
69	68	9/16	1/16		1/16	1		2	62	2	1	
69	68	5/8	1/16		1/16	1		3	57	2	1	
69	68	5/8	1/8		1/8	1		2	86	1	1	
69	68	11/16	1/16		1/16	1		2	62	2	1	
70	69	0	1/16		1/16	1		1	55	2	1	
70	69	0	1/8		1/8	1		2	86	1	1	
70	69	1/16	1/16		1/16	1		2	62	2	1	
70	69	1/8	1/16		1/16	1		-2	58	2	1	
70	69	1/8	1/8		1/8	1		-5	85	1	1	
70	69	3/16	1/16		1/16	1		2	62	2	1	
70	69	1/4	1/16		1/16	1		-2	58	2	1	
70	69	1/4	1/8		1/8	1		2	86	1	1	
70	69	5/16	1/16		1/16	1		2	62	2	1	
70	69	3/8	1/16		1/16	1		6	54	2	1	
70	69	3/8	1/8		1/8	1		2	86	1	1	
70	69	7/16	1/16		1/16	1		2	62	2	1	
70	69	1/2	1/16		1/16	1		3	57	2	1	
70	69	1/2	1/8		1/8	1		-5	85	1	1	
70	69	9/16	1/16		1/16	1		2	62	2	1	
70	69	5/8	1/16		1/16	1		3	57	2	1	
70	69	5/8	1/8		1/8	1		2	86	1	1	
70	69	11/16	1/16		1/16	1		2	62	2	1	
71	70	0	1/16		1/16	1		1	55	2	1	
71	70	0	1/8		1/8	1		2	86	1	1	
71	70	1/16	1/16		1/16	1		2	62	2	1	
71	70	1/8	1/16		1/16	1		-2	58	2	1	
71	70	1/8	1/8		1/8	1		0	84	1	1	
71	70	3/16	1/16		1/16	1		2	62	2	1	
71	70	1/4	1/16		1/16	1		-2	58	2	1	
71	70	1/4	1/8		1/8	1		-2	82	1	1	
71	70	5/16	1/16		1/16	1		2	62	2	1	
71	70	3/8	0	appoggiatura	1/8	1		0	84	1	1	
71	70	3/8	1/16		1/16	1		1	55	2	1	
71	70	3/8	1/8		1/8	1		-2	82	1	1	
71	70	7/16	1/16		1/16	1		2	62	2	1	
71	70	1/2	1/16		1/16	1		-2	58	2	1	
71	70	1/2	1/8		1/8	1		3	81	1	1	
71	70	9/16	1/16		1/16	1		2	62	2	1	
71	70	5/8	1/16		1/16	1		-2	58	2	1	
71	70	5/8	1/8		1/8	1		1	79	1	1	
71	70	11/16	1/16		1/16	1		2	62	2	1	
72	71	0	1/16		1/16	1		3	57	2	1	
72	71	0	1/8		1/8	1		-1	77	1	1	
72	71	1/16	1/16		1/16	1		2	62	2	1	
72	71	1/8	1/16		1/16	1		3	57	2	1	
72	71	1/8	1/8		1/8	1		1	79	1	1	
72	71	3/16	1/16		1/16	1		2	62	2	1	
72	71	1/4	1/16		1/16	1		3	57	2	1	
72	71	1/4	1/8		1/8	1		4	76	1	1	
72	71	5/16	1/16		1/16	1		7	61	2	1	
72	71	3/8	1/16		1/16	1		2	50	2	1	
72	71	3/8	1/4		1/4	1		2	74	1	1	
72	71	7/16	1/16		1/16	1		2	62	2	1	
72	71	1/2	1/16		1/16	1		7	61	2	1	
72	71	9/16	1/16		1/16	1		2	62	2	1	
72	71	5/8	1/16		1/16	1		0	60	2	1	
72	71	5/8	1/8		1/8	1		2	74	1	1	
72	71	11/16	1/16		1/16	1		3	57	2	1	
73	72	0	0	appoggiatura	1/8	1		-3	87	1	1	
73	72	0	1/16		1/16	1		1	55	2	1	
73	72	0	1/8		1/8	1		2	86	1	1	
73	72	1/16	1/16		1/16	1		2	62	2	1	
73	72	1/8	1/16		1/16	1		-2	58	2	1	
73	72	1/8	1/8		1/8	1		-5	85	1	1	
73	72	3/16	1/16		1/16	1		2	62	2	1	
73	72	1/4	1/16		1/16	1		-2	58	2	1	
73	72	1/4	1/8		1/8	1		2	86	1	1	
73	72	5/16	1/16		1/16	1		2	62	2	1	
73	72	3/8	0	appoggiatura	1/8	1		-3	87	1	1	
73	72	3/8	1/16		1/16	1		6	54	2	1	
73	72	3/8	1/8		1/8	1		2	86	1	1	
73	72	7/16	1/16		1/16	1		2	62	2	1	
73	72	1/2	1/16		1/16	1		3	57	2	1	
73	72	1/2	1/8		1/8	1		-5	85	1	1	
73	72	9/16	1/16		1/16	1		2	62	2	1	
73	72	5/8	1/16		1/16	1		3	57	2	1	
73	72	5/8	1/8		1/8	1		2	86	1	1	
73	72	11/16	1/16		1/16	1		2	62	2	1	
74	73	0	0	appoggiatura	1/8	1		-3	87	1	1	
74	73	0	1/16		1/16	1		1	55	2	1	
74	73	0	1/8		1/8	1		2	86	1	1	
74	73	1/16	1/16		1/16	1		2	62	2	1	
74	73	1/8	1/16		1/16	1		-2	58	2	1	
74	73	1/8	1/8		1/8	1		-5	85	1	1	
74	73	3/16	1/16		1/16	1		2	62	2	1	
74	73	1/4	1/16		1/16	1		-2	58	2	1	
74	73	1/4	1/8		1/8	1		2	86	1	1	
74	73	5/16	1/16		1/16	1		2	62	2	1	
74	73	3/8	0	appoggiatura	1/8	1		-1	89	1	1	
74	73	3/8	1/16		1/16	1		1	55	2	1	
74	73	3/8	1/8		1/8	1		-3	87	1	1	
74	73	7/16	1/16		1/16	1		-3	63	2	1	
74	73	1/2	1/16		1/16	1		-2	58	2	1	
74	73	1/2	1/8		1/8	1		2	86	1	1	
74	73	9/16	1/16		1/16	1		-3	63	2	1	
74	73	5/8	1/16		1/16	1		-2	58	2	1	
74	73	5/8	1/8		1/8	1		-3	87	1	1	
74	73	11/16	1/16		1/16	1		-3	63	2	1	
75	74	0	0	appoggiatura	1/8	1		-1	77	1	1	
75	74	0	1/16		1/16	1		3	57	2	1	
75	74	0	3/8		1/4	3/2	1	-1	89	1	1	
75	74	1/16	1/16		1/16	1		-1	65	2	1	
75	74	1/8	1/16		1/16	1		0	60	2	1	
75	74	3/16	1/16		1/16	1		-1	65	2	1	
75	74	1/4	1/16		1/16	1		0	60	2	1	
75	74	5/16	1/16		1/16	1		-1	65	2	1	
75	74	3/8	1/16		1/16	1		-2	58	2	1	
75	74	3/8	1/8		1/8	1	-1	-1	89	1	1	
75	74	7/16	1/16		1/16	1		-1	65	2	1	
75	74	1/2	1/16		1/16	1		2	62	2	1	
75	74	1/2	1/8		1/8	1		-3	87	1	1	
75	74	9/16	1/16		1/16	1		-1	65	2	1	
75	74	5/8	1/16		1/16	1		2	62	2	1	
75	74	5/8	1/8		1/8	1		2	86	1	1	
75	74	11/16	1/16		1/16	1		-1	65	2	1	
76	75	0	0	appoggiatura	1/8	1		-3	75	1	1	
76	75	0	1/16		1/16	1		1	55	2	1	
76	75	0	3/8		1/4	3/2	1	-3	87	1	1	
76	75	1/16	1/16		1/16	1		-3	63	2	1	
76	75	1/8	1/16		1/16	1		-2	58	2	1	
76	75	3/16	1/16		1/16	1		-3	63	2	1	
76	75	1/4	1/16		1/16	1		-2	58	2	1	
76	75	5/16	1/16		1/16	1		-3	63	2	1	
76	75	3/8	1/16		1/16	1		3	57	2	1	
76	75	3/8	1/8		1/8	1	-1	-3	87	1	1	
76	75	7/16	1/16		1/16	1		-3	63	2	1	
76	75	1/2	1/16		1/16	1		0	60	2	1	
76	75	1/2	1/8		1/8	1		2	86	1	1	
76	75	9/16	1/16		1/16	1		-3	63	2	1	
76	75	5/8	1/16		1/16	1		0	60	2	1	
76	75	5/8	1/8		1/8	1		0	84	1	1	
76	75	11/16	1/16		1/16	1		-3	63	2	1	
77	76	0	0	appoggiatura	1/8	1		2	74	1	1	
77	76	0	1/16		1/16	1		6	54	2	1	
77	76	0	3/8		1/4	3/2	1	2	86	1	1	
77	76	1/16	1/16		1/16	1		2	62	2	1	
77	76	1/8	1/16		1/16	1		3	57	2	1	
77	76	3/16	1/16		1/16	1		2	62	2	1	
77	76	1/4	1/16		1/16	1		3	57	2	1	
77	76	5/16	1/16		1/16	1		2	62	2	1	
77	76	3/8	1/16		1/16	1		1	55	2	1	
77	76	3/8	1/8		1/8	1	-1	2	86	1	1	
77	76	7/16	1/16		1/16	1		2	62	2	1	
77	76	1/2	1/16		1/16	1		-2	58	2	1	
77	76	1/2	1/8		1/8	1		0	84	1	1	
77	76	9/16	1/16		1/16	1		2	62	2	1	
77	76	5/8	1/16		1/16	1		-2	58	2	1	
77	76	5/8	1/8		1/8	1		-2	82	1	1	
77	76	11/16	1/16		1/16	1		2	62	2	1	
78	77	0	1/16		1/16	1		0	48	2	1	
78	77	0	1/8		1/8	1		3	81	1	1	
78	77	1/16	1/16		1/16	1		3	57	2	1	
78	77	1/8	1/16		1/16	1		-3	51	2	1	
78	77	1/8	1/8		1/8	1		-2	82	1	1	
78	77	3/16	1/16		1/16	1		3	57	2	1	
78	77	1/4	1/16		1/16	1		-3	51	2	1	
78	77	1/4	1/8		1/8	1		0	84	1	1	
78	77	5/16	1/16		1/16	1		3	57	2	1	
78	77	3/8	1/16		1/16	1		2	50	2	1	
78	77	3/8	1/8		1/8	1		6	78	1	1	
78	77	7/16	1/16		1/16	1		3	57	2	1	
78	77	1/2	1/16		1/16	1		6	54	2	1	
78	77	1/2	1/8		1/8	1		1	79	1	1	
78	77	9/16	1/16		1/16	1		3	57	2	1	
78	77	5/8	1/16		1/16	1		6	54	2	1	
78	77	5/8	1/8		1/8	1		3	81	1	1	
78	77	11/16	1/16		1/16	1		3	57	2	1	
79	78	0	1/8		1/8	1		1	43	2	1	
79	78	0	1/4		1/4	1		1	79	1	1	
79	78	1/8	1/8		1/8	1		1	55	2	1	
79	78	1/4	1/8		1/8	1		2	62	1	1	
79	78	3/8	1/8		1/8	1		2	62	1	1	
79	78	1/2	1/8		1/8	1		1	67	1	1	
79	78	5/8	1/8		1/8	1		3	69	1	1	
80	79	0	1/8		1/8	1		-2	70	1	1	
80	79	1/8	1/8		1/8	1		1	67	1	1	
80	79	1/4	1/8		1/8	1		2	62	2	1	
80	79	3/8	1/8		1/8	1		2	62	1	1	
80	79	1/2	1/8		1/8	1		3	69	1	1	
80	79	5/8	1/8		1/8	1		-2	70	1	1	
81	80	0	1/8		1/8	1		0	72	1	1	
81	80	1/8	1/8		1/8	1		3	69	1	1	
81	80	1/4	1/8		1/8	1		2	62	2	1	
81	80	3/8	1/8		1/8	1		2	62	1	1	
81	80	1/2	1/8		1/8	1		5	59	2	1	
81	80	1/2	1/8		1/8	1		2	62	2	1	
81	80	1/2	1/8		1/8	1		1	67	1	1	
81	80	5/8	1/8		1/8	1		3	57	2	1	
81	80	5/8	1/8		1/8	1		0	60	2	1	
81	80	5/8	1/8		1/8	1		3	69	1	1	
82	81	0	1/4		1/4	1		1	55	2	1	
82	81	0	1/4		1/4	1		5	59	2	1	
82	81	0	1/8		1/8	1		5	71	1	1	
82	81	1/8	1/8		1/8	1		1	67	1	1	
82	81	1/4	1/8		1/8	1		4	64	1	1	
82	81	3/8	1/8		1/8	1		4	64	1	1	
82	81	1/2	1/8		1/8	1		0	60	2	1	
82	81	1/2	1/8		1/8	1		4	64	2	1	
82	81	1/2	1/8		1/8	1		3	69	1	1	
82	81	5/8	1/8		1/8	1		5	59	2	1	
82	81	5/8	1/8		1/8	1		2	62	2	1	
82	81	5/8	1/8		1/8	1		5	71	1	1	
83	82	0	1/4		1/4	1		3	57	2	1	
83	82	0	1/4		1/4	1		0	60	2	1	
83	82	0	1/8		1/8	1		0	72	1	1	
83	82	1/8	1/8		1/8	1		3	69	1	1	
83	82	1/4	1/8		1/8	1		4	76	1	1	
83	82	3/8	1/8		1/8	1		2	74	1	1	
83	82	1/2	1/8		1/8	1		6	54	2	1	
83	82	1/2	1/8		1/8	1		3	57	2	1	
83	82	1/2	1/8		1/8	1		0	72	1	1	
83	82	5/8	1/8		1/8	1		1	55	2	1	
83	82	5/8	1/8		1/8	1		5	59	2	1	
83	82	5/8	1/8		1/8	1		5	71	1	1	
84	83	0	1/8		1/8	1		3	57	2	1	
84	83	0	1/8		1/8	1		0	60	2	1	
84	83	0	1/8		1/8	1		3	69	1	1	
84	83	1/8	1/8		1/8	1		5	59	2	1	
84	83	1/8	1/8		1/8	1		2	62	2	1	
84	83	1/8	1/8		1/8	1		1	67	1	1	
84	83	1/4	1/8		1/8	1		0	60	2	1	
84	83	1/4	1/8		1/8	1		4	64	2	1	
84	83	1/4	1/8		1/8	1		3	69	1	1	
84	83	3/8	0	grace16	1/16	1		1	67	1	1	
84	83	3/8	0	grace16	1/16	1		3	69	1	1	
84	83	3/8	3/8		1/4	3/2		7	61	2	1	
84	83	3/8	3/8		1/4	3/2		4	64	2	1	
84	83	3/8	1/8		1/8	1		-2	70	1	1	
84	83	1/2	1/8		1/8	1		3	69	1	1	
84	83	5/8	1/8		1/8	1		1	67	1	1	
85	84	0	1/4		1/4	1		2	62	2	1	
85	84	0	1/8		1/8	1		6	66	1	1	
85	84	1/8	1/8		1/8	1		2	62	1	1	
85	84	1/4	1/8		1/8	1		2	62	1	1	
85	84	3/8	1/8		1/8	1		2	62	1	1	
85	84	1/2	1/8		1/8	1		5	59	2	1	
85	84	1/2	1/8		1/8	1		2	62	2	1	
85	84	1/2	1/8		1/8	1		1	67	1	1	
85	84	5/8	1/8		1/8	1		3	57	2	1	
85	84	5/8	1/8		1/8	1		0	60	2	1	
85	84	5/8	1/8		1/8	1		3	69	1	1	
86	85	0	1/4		1/4	1		1	55	2	1	
86	85	0	1/4		1/4	1		5	59	2	1	
86	85	0	1/8		1/8	1		5	71	1	1	
86	85	1/8	1/8		1/8	1		1	67	1	1	
86	85	1/4	1/8		1/8	1		4	64	1	1	
86	85	3/8	1/8		1/8	1		4	64	1	1	
86	85	1/2	1/8		1/8	1		0	60	2	1	
86	85	1/2	1/8		1/8	1		4	64	2	1	
86	85	1/2	1/8		1/8	1		3	69	1	1	
86	85	5/8	1/8		1/8	1		5	59	2	1	
86	85	5/8	1/8		1/8	1		2	62	2	1	
86	85	5/8	1/8		1/8	1		5	71	1	1	
87	86	0	1/4		1/4	1		3	57	2	1	
87	86	0	1/4		1/4	1		0	60	2	1	
87	86	0	1/8		1/8	1		0	72	1	1	
87	86	1/8	1/8		1/8	1		3	69	1	1	
87	86	1/4	1/8		1/8	1		4	76	1	1	
87	86	3/8	1/8		1/8	1		2	74	1	1	
87	86	1/2	1/8		1/8	1		6	54	2	1	
87	86	1/2	1/8		1/8	1		3	57	2	1	
87	86	1/2	1/8		1/8	1		0	72	1	1	
87	86	5/8	1/8		1/8	1		1	55	2	1	
87	86	5/8	1/8		1/8	1		5	59	2	1	
87	86	5/8	1/8		1/8	1		5	71	1	1	
88	87	0	1/8		1/8	1		3	57	2	1	
88	87	0	1/8		1/8	1		0	60	2	1	
88	87	0	1/8		1/8	1		3	69	1	1	
88	87	1/8	1/8		1/8	1		5	59	2	1	
88	87	1/8	1/8		1/8	1		2	62	2	1	
88	87	1/8	1/4		1/4	1		2	62	1	2	
88	87	1/8	1/8		1/8	1		1	67	1	1	
88	87	1/4	1/8		1/8	1		0	60	2	1	
88	87	1/4	1/8		1/8	1		4	64	2	1	
88	87	1/4	1/8		1/8	1		3	69	1	1	
88	87	3/8	1/4		1/4	1		2	50	2	1	
88	87	3/8	1/4		1/4	1		5	59	2	1	
88	87	3/8	1/8		1/8	1		0	60	1	2	
88	87	3/8	1/8		1/8	1		2	62	1	1	
88	87	1/2	1/8		1/8	1		1	67	1	1	
88	87	5/8	1/8		1/8	1		2	50	2	1	
88	87	5/8	1/8		1/8	1		3	57	2	1	
88	87	5/8	1/8		1/8	1		6	66	1	1	
89	88	0	1/4		1/4	1		1	43	2	1	
89	88	0	1/4		1/4	1		1	55	2	1	
89	88	0	1/4		1/4	1		5	59	1	1	
89	88	0	1/4		1/4	1		1	67	1	1	
89	88	1/4	1/8		1/8	1		2	62	1	1	
89	88	3/8	1/8		1/8	1		1	67	1	1	
89	88	1/2	1/8		1/8	1		5	71	1	1	
89	88	5/8	1/8		1/8	1		2	74	1	1	
90	89	0	1/8		1/8	1		2	74	1	1	
90	89	1/8	1/8		1/8	1		6	54	2	1	
90	89	1/8	1/8		1/8	1		2	62	2	1	
90	89	1/8	1/8		1/8	1		3	69	1	1	
90	89	1/8	1/8		1/8	1		0	72	1	1	
90	89	1/4	1/8		1/8	1		6	54	2	1	
90	89	1/4	1/8		1/8	1		2	62	2	1	
90	89	1/4	1/8		1/8	1		3	69	1	1	
90	89	1/4	1/8		1/8	1		0	72	1	1	
90	89	3/8	1/8		1/8	1		2	74	1	1	
90	89	1/2	1/8		1/8	1		1	55	2	1	
90	89	1/2	1/8		1/8	1		2	62	2	1	
90	89	1/2	1/8		1/8	1		1	67	1	1	
90	89	1/2	1/8		1/8	1		5	71	1	1	
90	89	5/8	1/8		1/8	1		1	55	2	1	
90	89	5/8	1/8		1/8	1		2	62	2	1	
90	89	5/8	1/8		1/8	1		1	67	1	1	
90	89	5/8	1/8		1/8	1		5	71	1	1	
91	90	0	1/8		1/8	1		2	74	1	1	
91	90	1/8	1/8		1/8	1		6	54	2	1	
91	90	1/8	1/8		1/8	1		2	62	2	1	
91	90	1/8	1/8		1/8	1		3	69	1	1	
91	90	1/8	1/8		1/8	1		0	72	1	1	
91	90	1/4	1/8		1/8	1		6	54	2	1	
91	90	1/4	1/8		1/8	1		2	62	2	1	
91	90	1/4	1/8		1/8	1		3	69	1	1	
91	90	1/4	1/8		1/8	1		0	72	1	1	
91	90	3/8	1/8		1/8	1		2	74	1	1	
91	90	1/2	1/8		1/8	1		1	55	2	1	
91	90	1/2	1/8		1/8	1		2	62	2	1	
91	90	1/2	1/8		1/8	1		1	67	1	1	
91	90	1/2	1/8		1/8	1		5	71	1	1	
91	90	5/8	1/8		1/8	1		1	55	2	1	
91	90	5/8	1/8		1/8	1		2	62	2	1	
91	90	5/8	1/8		1/8	1		1	67	1	1	
91	90	5/8	1/8		1/8	1		5	71	1	1	
92	91	0	1/8		1/8	1		2	74	1	1	
92	91	1/8	1/8		1/8	1		6	54	2	1	
92	91	1/8	1/8		1/8	1		2	62	2	1	
92	91	1/8	1/8		1/8	1		3	69	1	1	
92	91	1/8	1/8		1/8	1		0	72	1	1	
92	91	1/4	1/8		1/8	1		1	55	2	1	
92	91	1/4	1/8		1/8	1		2	62	2	1	
92	91	1/4	1/8		1/8	1		1	67	1	1	
92	91	1/4	1/8		1/8	1		5	71	1	1	
92	91	3/8	1/8		1/8	1		2	74	1	1	
92	91	1/2	1/8		1/8	1		6	54	2	1	
92	91	1/2	1/8		1/8	1		2	62	2	1	
92	91	1/2	1/8		1/8	1		3	69	1	1	
92	91	1/2	1/8		1/8	1		0	72	1	1	
92	91	5/8	1/8		1/8	1		1	55	2	1	
92	91	5/8	1/8		1/8	1		2	62	2	1	
92	91	5/8	1/8		1/8	1		1	67	1	1	
92	91	5/8	1/8		1/8	1		5	71	1	1	
93	92	0	1/4		1/4	1		6	54	2	1	
93	92	0	1/4		1/4	1		2	62	2	1	
93	92	0	1/4		1/4	1		3	69	1	1	
93	92	0	1/4		1/4	1		0	72	1	1	
93	92	0	1/4		1/4	1		2	74	1	1	
93	92	1/4	1/8		1/8	1		2	74	1	1	
93	92	3/8	1/8		1/8	1		2	74	1	1	
93	92	1/2	1/8		1/8	1		5	71	2	1	
93	92	1/2	1/8		1/8	1		2	74	2	1	
93	92	1/2	1/8		1/8	1		1	79	1	1	
93	92	5/8	1/8		1/8	1		3	69	2	1	
93	92	5/8	1/8		1/8	1		0	72	2	1	
93	92	5/8	1/8		1/8	1		3	81	1	1	
94	93	0	1/4		1/4	1		1	67	2	1	
94	93	0	1/4		1/4	1		5	71	2	1	
94	93	0	1/8		1/8	1		5	83	1	1	
94	93	1/8	1/8		1/8	1		1	79	1	1	
94	93	1/4	1/8		1/8	1		4	76	1	1	
94	93	3/8	1/8		1/8	1		4	76	1	1	
94	93	1/2	1/8		1/8	1		0	72	2	1	
94	93	1/2	1/8		1/8	1		4	76	2	1	
94	93	1/2	1/8		1/8	1		3	81	1	1	
94	93	5/8	1/8		1/8	1		5	71	2	1	
94	93	5/8	1/8		1/8	1		2	74	2	1	
94	93	5/8	1/8		1/8	1		5	83	1	1	
95	94	0	1/4		1/4	1		3	69	2	1	
95	94	0	1/4		1/4	1		0	72	2	1	
95	94	0	1/8		1/8	1		0	84	1	1	
95	94	1/8	1/8		1/8	1		3	81	1	1	
95	94	1/4	1/8		1/8	1		4	88	1	1	
95	94	3/8	1/8		1/8	1		2	86	1	1	
95	94	1/2	1/8		1/8	1		6	66	2	1	
95	94	1/2	1/8		1/8	1		3	69	2	1	
95	94	1/2	1/8		1/8	1		0	84	1	1	
95	94	5/8	1/8		1/8	1		1	67	2	1	
95	94	5/8	1/8		1/8	1		5	71	2	1	
95	94	5/8	1/8		1/8	1		5	83	1	1	
96	95	0	0	appoggiatura	1/8	1		5	83	1	1	
96	95	0	1/8		1/8	1		3	69	2	1	
96	95	0	1/8		1/8	1		0	72	2	1	
96	95	0	1/8		1/8	1		3	81	1	1	
96	95	1/8	1/8		1/8	1		5	71	2	1	
96	95	1/8	1/8		1/8	1		2	74	2	1	
96	95	1/8	1/4		1/4	1		2	74	1	2	
96	95	1/8	1/8		1/8	1		1	79	1	1	
96	95	1/4	1/8		1/8	1		0	72	2	1	
96	95	1/4	1/8		1/8	1		4	76	2	1	
96	95	1/4	1/8		1/8	1		3	81	1	1	
96	95	3/8	1/4		1/4	1		2	62	2	1	
96	95	3/8	1/4		1/4	1		5	71	2	1	
96	95	3/8	1/8		1/8	1		0	72	1	2	
96	95	3/8	1/8		1/8	1		2	74	1	1	
96	95	1/2	1/8		1/8	1		1	79	1	1	
96	95	5/8	1/8		1/8	1		2	62	2	1	
96	95	5/8	1/8		1/8	1		3	69	2	1	
96	95	5/8	1/8		1/8	1		6	78	1	1	
97	96	0	1/4		1/4	1		1	55	2	1	
97	96	0	1/4		1/4	1		1	67	2	1	
97	96	0	1/4		1/4	1		5	71	1	1	
97	96	0	1/4		1/4	1		1	79	1	1	
97	96	1/4	1/8		1/8	1		0	72	2	1	
97	96	3/8	1/8		1/8	1		5	71	2	1	
97	96	1/2	1/8		1/8	1		3	69	2	1	
97	96	1/2	1/8		1/8	1		0	84	1	1	
97	96	5/8	1/8		1/8	1		1	67	2	1	
97	96	5/8	1/8		1/8	1		5	83	1	1	
98	97	0	1/8		1/8	1		6	66	2	1	
98	97	0	1/8		1/8	1		3	81	1	1	
98	97	1/8	3/8		1/4	3/2		5	59	2	2	
98	97	1/8	1/8		1/8	1		4	64	2	1	
98	97	1/8	1/4		1/4	1		5	71	1	2	
98	97	1/8	1/8		1/8	1		1	79	1	1	
98	97	1/4	1/8		1/8	1		6	66	2	1	
98	97	1/4	1/8		1/8	1		6	78	1	1	
98	97	3/8	1/4		1/4	1		1	67	2	1	
98	97	3/8	1/8		1/8	1		3	69	1	2	
98	97	3/8	1/8		1/8	1		5	71	1	1	
98	97	1/2	1/8		1/8	1		4	76	1	1	
98	97	5/8	1/8		1/8	1		6	66	2	1	
98	97	5/8	1/8		1/8	1		9	75	1	1	
99	98	-1/4	1/4		1/4	1		1	67	1	2	
99	98	0	1/4		1/4	1		4	64	2	1	
99	98	0	1/8		1/8	1		6	78	1	1	
99	98	1/8	1/8		1/8	1		4	76	1	1	
99	98	1/4	1/8		1/8	1		3	81	1	1	
99	98	3/8	1/8		1/8	1		1	79	1	1	
99	98	1/2	1/8		1/8	1		3	69	2	1	
99	98	1/2	1/8		1/8	1		-1	77	1	1	
99	98	5/8	1/8		1/8	1		1	67	2	1	
99	98	5/8	1/8		1/8	1		4	76	1	1	
100	99	0	1/8		1/8	1		-1	65	2	1	
100	99	0	1/8		1/8	1		2	74	1	1	
100	99	1/8	3/8		1/4	3/2		1	55	2	2	
100	99	1/8	1/8		1/8	1		4	64	2	1	
100	99	1/8	1/4		1/4	1		1	67	1	2	
100	99	1/8	1/8		1/8	1		0	72	1	1	
100	99	1/4	1/8		1/8	1		-1	65	2	1	
100	99	1/4	1/8		1/8	1		2	74	1	1	
100	99	3/8	1/4		1/4	1		4	64	2	1	
100	99	3/8	1/8		1/8	1		-1	65	1	2	
100	99	3/8	1/8		1/8	1		1	67	1	1	
100	99	1/2	1/8		1/8	1		0	72	1	1	
100	99	5/8	1/8		1/8	1		2	62	2	1	
100	99	5/8	1/8		1/8	1		5	71	1	1	
101	100	-1/4	1/4		1/4	1		0	48	2	2	
101	100	-1/4	3/8		1/4	3/2		4	64	1	2	
101	100	0	1/4		1/4	1		0	60	2	1	
101	100	0	1/8		1/8	1		2	74	1	1	
101	100	1/8	3/8		1/4	3/2		4	52	2	2	
101	100	1/8	1/4		1/4	1		4	64	1	2	
101	100	1/8	1/8		1/8	1		0	72	1	1	
101	100	1/4	1/8		1/8	1		0	72	1	1	
101	100	3/8	1/4		1/4	1		0	60	2	1	
101	100	3/8	1/8		1/8	1		2	62	1	2	
101	100	3/8	1/8		1/8	1		4	64	1	1	
101	100	1/2	1/8		1/8	1		3	69	1	1	
101	100	5/8	1/8		1/8	1		5	59	2	1	
101	100	5/8	1/8		1/8	1		8	68	1	1	
102	101	-1/4	1/4		1/4	1		3	45	2	2	
102	101	-1/4	1/4		1/4	1		0	60	1	2	
102	101	0	1/4		1/4	1		3	57	2	1	
102	101	0	1/8		1/8	1		5	71	1	1	
102	101	1/8	3/8		1/4	3/2		2	50	2	2	
102	101	1/8	1/4		1/4	1		2	62	1	2	
102	101	1/8	1/8		1/8	1		3	69	1	1	
102	101	1/4	1/8		1/8	1		3	69	1	1	
102	101	3/8	1/4		1/4	1		5	59	2	1	
102	101	3/8	1/8		1/8	1		0	60	1	2	
102	101	3/8	1/8		1/8	1		2	62	1	1	
102	101	1/2	1/8		1/8	1		1	67	1	1	
102	101	5/8	1/8		1/8	1		3	57	2	1	
102	101	5/8	1/8		1/8	1		6	66	1	1	
103	102	-1/4	3/8		1/4	3/2		5	59	1	2	
103	102	0	3/8		1/4	3/2		1	43	2	1	
103	102	0	3/8		1/4	3/2		1	55	2	1	
103	102	0	1/8		1/8	1		3	69	1	1	
103	102	1/8	3/8		1/4	3/2		1	55	1	2	
103	102	1/8	1/8		1/8	1		1	67	1	1	
103	102	1/4	1/8		1/8	1		1	67	1	1	
103	102	3/8	3/8		1/4	3/2		3	45	2	1	
103	102	3/8	3/8		1/4	3/2		4	52	2	1	
103	102	3/8	1/8		1/8	1		2	62	1	1	
103	102	1/2	1/8		1/8	1		7	61	1	1	
103	102	5/8	1/8		1/8	1		7	61	1	1	
104	103	0	1/8		1/8	1		2	38	2	1	
104	103	0	1/4		1/4	1		6	54	1	1	
104	103	0	1/4		1/4	1		2	62	1	1	
104	103	1/8	1/8		1/8	1		2	50	2	1	
104	103	1/4	1/8		1/8	1		2	50	2	1	
104	103	3/8	0	appoggiatura	1/8	1		0	72	1	1	
104	103	3/8	1/8		1/8	1		1	43	2	1	
104	103	3/8	1/8		1/8	1		5	71	1	1	
104	103	1/2	1/8		1/8	1		2	50	2	1	
104	103	1/2	1/8		1/8	1		3	69	1	1	
104	103	5/8	1/8		1/8	1		2	50	2	1	
104	103	5/8	1/8		1/8	1		5	71	1	1	
105	104	0	1/8		1/8	1		3	45	2	1	
105	104	0	3/8		1/4	3/2		0	72	1	1	
105	104	1/8	1/8		1/8	1		2	50	2	1	
105	104	1/4	1/8		1/8	1		2	50	2	1	
105	104	3/8	0	appoggiatura	1/8	1		5	71	1	1	
105	104	3/8	1/8		1/8	1		0	48	2	1	
105	104	3/8	1/8		1/8	1		3	69	1	1	
105	104	1/2	1/8		1/8	1		2	50	2	1	
105	104	1/2	1/8		1/8	1		8	68	1	1	
105	104	5/8	1/8		1/8	1		2	50	2	1	
105	104	5/8	1/8		1/8	1		3	69	1	1	
106	105	0	1/8		1/8	1		5	47	2	1	
106	105	0	3/8		1/4	3/2	1	2	74	1	1	
106	105	1/8	1/8		1/8	1		2	50	2	1	
106	105	1/4	1/8		1/8	1		2	50	2	1	
106	105	3/8	1/8		1/8	1		1	43	2	1	
106	105	3/8	1/8		1/8	1	-1	2	74	1	1	
106	105	1/2	1/8		1/8	1		2	50	2	1	
106	105	1/2	1/8		1/8	1		0	72	1	1	
106	105	5/8	1/8		1/8	1		2	50	2	1	
106	105	5/8	1/8		1/8	1		5	71	1	1	
107	106	0	1/8		1/8	1		3	45	2	1	
107	106	0	1/8		1/8	1		3	69	1	1	
107	106	1/8	1/8		1/8	1		2	50	2	1	
107	106	1/8	1/8		1/8	1		5	71	1	1	
107	106	1/4	1/8		1/8	1		2	50	2	1	
107	106	1/4	1/8		1/8	1		1	67	1	1	
107	106	3/8	1/8		1/8	1		3	45	2	1	
107	106	3/8	1/8		1/8	1		6	66	1	1	
107	106	1/2	1/8		1/8	1		7	49	2	1	
107	106	1/2	1/8		1/8	1		1	67	1	1	
107	106	5/8	1/8		1/8	1		7	49	2	1	
107	106	5/8	1/8		1/8	1		4	64	1	1	
108	107	0	1/8		1/8	1		2	38	2	1	
108	107	0	3/8		1/4	3/2	1	2	62	1	1	
108	107	1/8	1/8		1/8	1		2	50	2	1	
108	107	1/4	1/8		1/8	1		2	50	2	1	
108	107	3/8	1/8		1/8	1		0	48	2	1	
108	107	3/8	1/8		1/8	1	-1	2	62	1	1	
108	107	1/2	1/8		1/8	1		2	50	2	1	
108	107	1/2	1/8		1/8	1		4	64	1	1	
108	107	5/8	1/8		1/8	1		2	50	2	1	
108	107	5/8	1/8		1/8	1		6	66	1	1	
109	108	0	0	appoggiatura	1/8	1		3	69	1	1	
109	108	0	1/8		1/8	1		5	47	2	1	
109	108	0	1/8		1/8	1		1	67	1	1	
109	108	1/8	1/8		1/8	1		2	50	2	1	
109	108	1/8	1/8		1/8	1		6	66	1	1	
109	108	1/4	1/8		1/8	1		2	50	2	1	
109	108	1/4	1/8		1/8	1		1	67	1	1	
109	108	3/8	1/8		1/8	1		1	43	2	1	
109	108	3/8	1/8		1/8	1		2	62	1	1	
109	108	1/2	1/8		1/8	1		2	50	2	1	
109	108	1/2	1/8		1/8	1		6	66	1	1	
109	108	5/8	1/8		1/8	1		2	50	2	1	
109	108	5/8	1/8		1/8	1		1	67	1	1	
110	109	0	0	appoggiatura	1/8	1		5	71	1	1	
110	109	0	1/8		1/8	1		6	42	2	1	
110	109	0	1/8		1/8	1		3	69	1	1	
110	109	1/8	1/8		1/8	1		2	50	2	1	
110	109	1/8	1/8		1/8	1		8	68	1	1	
110	109	1/4	1/8		1/8	1		2	50	2	1	
110	109	1/4	1/8		1/8	1		3	69	1	1	
110	109	3/8	1/8		1/8	1		2	38	2	1	
110	109	3/8	1/8		1/8	1		2	62	1	1	
110	109	1/2	1/8		1/8	1		2	50	2	1	
110	109	1/2	1/8		1/8	1		1	67	1	1	
110	109	5/8	1/8		1/8	1		2	50	2	1	
110	109	5/8	1/8		1/8	1		3	69	1	1	
111	110	0	0	appoggiatura	1/8	1		0	72	1	1	
111	110	0	1/8		1/8	1		1	43	2	1	
111	110	0	1/8		1/8	1		5	71	1	1	
111	110	1/8	1/8		1/8	1		2	50	2	1	
111	110	1/8	1/8		1/8	1		3	69	1	1	
111	110	1/4	1/8		1/8	1		1	55	2	1	
111	110	1/4	1/8		1/8	1		5	71	1	1	
111	110	3/8	1/8		1/8	1		0	48	2	1	
111	110	3/8	1/8		1/8	1		0	72	1	1	
111	110	1/2	1/8		1/8	1		4	52	2	1	
111	110	1/2	1/8		1/8	1		2	74	1	1	
111	110	5/8	1/8		1/8	1		3	57	2	1	
111	110	5/8	1/8		1/8	1		4	76	1	1	
112	111	0	1/8		1/8	1		2	50	2	1	
112	111	0	1/4		1/4	1		3	69	1	1	
112	111	1/8	1/8		1/8	1		2	62	2	1	
112	111	1/4	1/8		1/8	1		2	62	2	1	
112	111	3/8	0	appoggiatura	1/8	1		0	84	1	1	
112	111	3/8	1/8		1/8	1		1	55	2	1	
112	111	3/8	1/8		1/8	1		5	83	1	1	
112	111	1/2	1/8		1/8	1		2	62	2	1	
112	111	1/2	1/8		1/8	1		3	81	1	1	
112	111	5/8	1/8		1/8	1		2	62	2	1	
112	111	5/8	1/8		1/8	1		5	83	1	1	
113	112	0	1/8		1/8	1		3	57	2	1	
113	112	0	3/8		1/4	3/2		0	84	1	1	
113	112	1/8	1/8		1/8	1		2	62	2	1	
113	112	1/4	1/8		1/8	1		2	62	2	1	
113	112	3/8	0	appoggiatura	1/8	1		5	83	1	1	
113	112	3/8	1/8		1/8	1		0	60	2	1	
113	112	3/8	1/8		1/8	1		3	81	1	1	
113	112	1/2	1/8		1/8	1		2	62	2	1	
113	112	1/2	1/8		1/8	1		8	80	1	1	
113	112	5/8	1/8		1/8	1		2	62	2	1	
113	112	5/8	1/8		1/8	1		3	81	1	1	
114	113	0	1/8		1/8	1		5	59	2	1	
114	113	0	3/8		1/4	3/2	1	2	86	1	1	
114	113	1/8	1/8		1/8	1		2	62	2	1	
114	113	1/4	1/8		1/8	1		2	62	2	1	
114	113	3/8	1/8		1/8	1		1	55	2	1	
114	113	3/8	1/8		1/8	1	-1	2	86	1	1	
114	113	1/2	1/8		1/8	1		2	62	2	1	
114	113	1/2	1/8		1/8	1		0	84	1	1	
114	113	5/8	1/8		1/8	1		2	62	2	1	
114	113	5/8	1/8		1/8	1		5	83	1	1	
115	114	0	1/8		1/8	1		3	57	2	1	
115	114	0	1/8		1/8	1		3	81	1	1	
115	114	1/8	1/8		1/8	1		2	62	2	1	
115	114	1/8	1/8		1/8	1		5	83	1	1	
115	114	1/4	1/8		1/8	1		2	62	2	1	
115	114	1/4	1/8		1/8	1		1	79	1	1	
115	114	3/8	1/8		1/8	1		3	57	2	1	
115	114	3/8	1/8		1/8	1		6	78	1	1	
115	114	1/2	1/8		1/8	1		7	61	2	1	
115	114	1/2	1/8		1/8	1		1	79	1	1	
115	114	5/8	1/8		1/8	1		7	61	2	1	
115	114	5/8	1/8		1/8	1		4	76	1	1	
116	115	0	1/8		1/8	1		2	50	2	1	
116	115	0	3/8		1/4	3/2	1	2	74	1	1	
116	115	1/8	1/8		1/8	1		2	62	2	1	
116	115	1/4	1/8		1/8	1		2	62	2	1	
116	115	3/8	1/8		1/8	1		0	60	2	1	
116	115	3/8	1/8		1/8	1	-1	2	74	1	1	
116	115	1/2	1/8		1/8	1		2	62	2	1	
116	115	1/2	1/8		1/8	1		4	76	1	1	
116	115	5/8	1/8		1/8	1		2	62	2	1	
116	115	5/8	1/8		1/8	1		6	78	1	1	
117	116	0	0	appoggiatura	1/8	1		3	81	1	1	
117	116	0	1/8		1/8	1		5	59	2	1	
117	116	0	1/8		1/8	1		1	79	1	1	
117	116	1/8	1/8		1/8	1		2	62	2	1	
117	116	1/8	1/8		1/8	1		6	78	1	1	
117	116	1/4	1/8		1/8	1		2	62	2	1	
117	116	1/4	1/8		1/8	1		1	79	1	1	
117	116	3/8	1/8		1/8	1		1	55	2	1	
117	116	3/8	1/8		1/8	1		2	74	1	1	
117	116	1/2	1/8		1/8	1		2	62	2	1	
117	116	1/2	1/8		1/8	1		6	78	1	1	
117	116	5/8	1/8		1/8	1		2	62	2	1	
117	116	5/8	1/8		1/8	1		1	79	1	1	
118	117	0	0	appoggiatura	1/8	1		5	83	1	1	
118	117	0	1/8		1/8	1		6	54	2	1	
118	117	0	1/8		1/8	1		3	81	1	1	
118	117	1/8	1/8		1/8	1		3	57	2	1	
118	117	1/8	1/8		1/8	1		8	80	1	1	
118	117	1/4	1/8		1/8	1		2	62	2	1	
118	117	1/4	1/8		1/8	1		3	81	1	1	
118	117	3/8	0	appoggiatura	1/8	1		0	84	1	1	
118	117	3/8	1/8		1/8	1		1	55	2	1	
118	117	3/8	1/8		1/8	1		5	83	1	1	
118	117	1/2	1/8		1/8	1		5	59	2	1	
118	117	1/2	1/8		1/8	1		3	81	1	1	
118	117	5/8	1/8		1/8	1		2	62	2	1	
118	117	5/8	1/8		1/8	1		5	83	1	1	
119	118	0	0	appoggiatura	1/8	1		2	86	1	1	
119	118	0	1/8		1/8	1		0	48	2	1	
119	118	0	1/8		1/8	1		0	84	1	1	
119	118	1/8	1/8		1/8	1		4	52	2	1	
119	118	1/8	1/8		1/8	1		5	83	1	1	
119	118	1/4	1/8		1/8	1		3	57	2	1	
119	118	1/4	1/8		1/8	1		0	84	1	1	
119	118	3/8	1/8		1/8	1		2	50	2	1	
119	118	3/8	1/8		1/8	1		6	54	2	1	
119	118	3/8	1/4		1/4	1		4	88	1	1	
119	118	1/2	1/8		1/8	1		3	57	2	1	
119	118	5/8	1/8		1/8	1		0	60	2	1	
119	118	5/8	1/8		1/8	1		6	78	1	1	
120	119	0	1/8		1/8	1		1	55	2	1	
120	119	0	1/4		1/4	1		1	79	1	1	
120	119	1/8	1/8		1/8	1		5	59	2	1	
120	119	1/4	1/8		1/8	1		2	62	2	1	
120	119	3/8	0	appoggiatura	1/8	1		3	69	1	1	
120	119	3/8	1/8		1/8	1		1	67	1	1	
120	119	1/2	1/8		1/8	1		6	66	1	1	
120	119	5/8	1/8		1/8	1		1	67	1	1	
121	120	-1/4	3/8		1/4	3/2		1	67	1	2	
121	120	0	3/8		1/4	3/2		5	59	2	1	
121	120	0	3/8		1/4	3/2		2	62	2	1	
121	120	0	1/4		1/4	1		2	74	1	1	
121	120	1/8	3/8		1/4	3/2		8	68	1	2	
121	120	1/4	1/8		1/8	1		2	74	1	1	
121	120	3/8	3/8		1/4	3/2		-2	58	2	1	
121	120	3/8	3/8		1/4	3/2		2	62	2	1	
121	120	3/8	1/4		1/4	1		2	74	1	1	
121	120	5/8	1/8		1/8	1		2	74	1	1	
122	121	-1/4	3/8		1/4	3/2		3	69	1	2	
122	121	0	3/8		1/4	3/2		3	57	2	1	
122	121	0	3/8		1/4	3/2		4	64	2	1	
122	121	0	1/4		1/4	1		2	74	1	1	
122	121	1/4	1/8		1/8	1		7	73	1	1	
122	121	3/8	0	appoggiatura	1/8	1		5	71	1	1	
122	121	3/8	1/8		1/8	1		3	69	1	1	
122	121	1/2	1/8		1/8	1		8	68	1	1	
122	121	5/8	1/8		1/8	1		3	69	1	1	
123	122	-1/4	3/8		1/4	3/2		3	69	1	2	
123	122	0	3/8		1/4	3/2		3	57	2	1	
123	122	0	3/8		1/4	3/2		4	64	2	1	
123	122	0	1/4		1/4	1		0	72	1	1	
123	122	1/8	3/8		1/4	3/2		3	69	1	2	
123	122	1/4	1/8		1/8	1		0	72	1	1	
123	122	3/8	3/8		1/4	3/2		6	54	2	1	
123	122	3/8	3/8		1/4	3/2		-3	63	2	1	
123	122	3/8	1/4		1/4	1		0	72	1	1	
123	122	5/8	1/8		1/8	1		0	72	1	1	
124	123	-1/4	3/8		1/4	3/2		1	67	1	2	
124	123	0	3/8		1/4	3/2		1	55	2	1	
124	123	0	3/8		1/4	3/2		2	62	2	1	
124	123	0	1/4		1/4	1		0	72	1	1	
124	123	1/4	1/8		1/8	1		5	71	1	1	
124	123	3/8	0	appoggiatura	1/8	1		0	72	1	1	
124	123	3/8	1/8		1/8	1		1	55	2	1	
124	123	3/8	1/8		1/8	1		5	71	1	1	
124	123	1/2	1/8		1/8	1		2	62	2	1	
124	123	1/2	1/8		1/8	1		3	69	1	1	
124	123	5/8	1/8		1/8	1		2	62	2	1	
124	123	5/8	1/8		1/8	1		5	71	1	1	
125	124	0	1/8		1/8	1		3	57	2	1	
125	124	0	3/8		1/4	3/2		0	72	1	1	
125	124	1/8	1/8		1/8	1		2	62	2	1	
125	124	1/4	1/8		1/8	1		2	62	2	1	
125	124	3/8	0	appoggiatura	1/8	1		5	71	1	1	
125	124	3/8	1/8		1/8	1		0	60	2	1	
125	124	3/8	1/8		1/8	1		3	69	1	1	
125	124	1/2	1/8		1/8	1		2	62	2	1	
125	124	1/2	1/8		1/8	1		8	68	1	1	
125	124	5/8	1/8		1/8	1		2	62	2	1	
125	124	5/8	1/8		1/8	1		3	69	1	1	
126	125	0	1/8		1/8	1		5	59	2	1	
126	125	0	3/8		1/4	3/2	1	2	74	1	1	
126	125	1/8	1/8		1/8	1		1	55	2	1	
126	125	1/4	1/8		1/8	1		1	55	2	1	
126	125	3/8	1/8		1/8	1		0	48	2	1	
126	125	3/8	1/8		1/8	1	-1	2	74	1	1	
126	125	1/2	1/8		1/8	1		1	55	2	1	
126	125	1/2	1/8		1/8	1		9	75	1	1	
126	125	5/8	1/8		1/8	1		1	55	2	1	
126	125	5/8	1/8		1/8	1		4	76	1	1	
127	126	0	1/8		1/8	1		2	50	2	1	
127	126	0	3/8		1/4	3/2		1	67	1	1	
127	126	1/8	1/8		1/8	1		1	55	2	1	
127	126	1/4	1/8		1/8	1		1	55	2	1	
127	126	3/8	1/8		1/8	1		2	50	2	1	
127	126	3/8	1/4		1/4	1		5	71	1	1	
127	126	1/2	1/8		1/8	1		6	54	2	1	
127	126	5/8	1/8		1/8	1		6	54	2	1	
127	126	5/8	1/8		1/8	1		3	69	1	1	
128	127	0	1/8		1/8	1		1	43	2	1	
128	127	0	1/4		1/4	1		1	67	1	1	
128	127	1/8	1/8		1/8	1		1	55	2	1	
128	127	1/4	1/8		1/8	1		1	55	2	1	
128	127	3/8	0	appoggiatura	1/8	1		3	69	1	1	
128	127	3/8	1/8		1/8	1		1	67	1	1	
128	127	1/2	1/8		1/8	1		6	66	1	1	
128	127	5/8	1/8		1/8	1		1	67	1	1	
129	128	-1/4	3/8		1/4	3/2		1	67	1	2	
129	128	0	1/8		1/8	1		5	59	2	1	
129	128	0	1/4		1/4	1		2	74	1	1	
129	128	1/8	1/8		1/8	1		2	62	2	1	
129	128	1/8	3/8		1/4	3/2		8	68	1	2	
129	128	1/4	1/8		1/8	1		2	62	2	1	
129	128	1/4	1/8		1/8	1		2	74	1	1	
129	128	3/8	1/8		1/8	1		-2	58	2	1	
129	128	3/8	1/4		1/4	1		2	74	1	1	
129	128	1/2	1/8		1/8	1		2	62	2	1	
129	128	5/8	1/8		1/8	1		2	62	2	1	
129	128	5/8	1/8		1/8	1		2	74	1	1	
130	129	-1/4	3/8		1/4	3/2		3	69	1	2	
130	129	0	1/8		1/8	1		3	57	2	1	
130	129	0	1/4		1/4	1		2	74	1	1	
130	129	1/8	1/8		1/8	1		4	64	2	1	
130	129	1/4	1/8		1/8	1		4	64	2	1	
130	129	1/4	1/8		1/8	1		7	73	1	1	
130	129	3/8	0	appoggiatura	1/8	1		5	71	1	1	
130	129	3/8	1/8		1/8	1		4	64	2	1	
130	129	3/8	1/8		1/8	1		3	69	1	1	
130	129	1/2	1/8		1/8	1		4	64	2	1	
130	129	1/2	1/8		1/8	1		8	68	1	1	
130	129	5/8	1/8		1/8	1		4	64	2	1	
130	129	5/8	1/8		1/8	1		3	69	1	1	
131	130	-1/4	3/8		1/4	3/2		3	69	1	2	
131	130	0	1/8		1/8	1		3	57	2	1	
131	130	0	1/4		1/4	1		0	72	1	1	
131	130	1/8	1/8		1/8	1		4	64	2	1	
131	130	1/8	3/8		1/4	3/2		3	69	1	2	
131	130	1/4	1/8		1/8	1		4	64	2	1	
131	130	1/4	1/8		1/8	1		0	72	1	1	
131	130	3/8	1/8		1/8	1		6	54	2	1	
131	130	3/8	1/4		1/4	1		0	72	1	1	
131	130	1/2	1/8		1/8	1		-3	63	2	1	
131	130	5/8	1/8		1/8	1		-3	63	2	1	
131	130	5/8	1/8		1/8	1		0	72	1	1	
132	131	-1/4	3/8		1/4	3/2		1	67	1	2	
132	131	0	1/8		1/8	1		1	55	2	1	
132	131	0	1/4		1/4	1		0	72	1	1	
132	131	1/8	1/8		1/8	1		2	62	2	1	
132	131	1/4	1/8		1/8	1		2	62	2	1	
132	131	1/4	1/8		1/8	1		5	71	1	1	
132	131	3/8	0	appoggiatura	1/8	1		0	72	1	1	
132	131	3/8	1/8		1/8	1		2	62	2	1	
132	131	3/8	1/8		1/8	1		5	71	1	1	
132	131	1/2	1/8		1/8	1		2	62	2	1	
132	131	1/2	1/8		1/8	1		3	69	1	1	
132	131	5/8	1/8		1/8	1		2	62	2	1	
132	131	5/8	1/8		1/8	1		5	71	1	1	
133	132	0	1/8		1/8	1		3	57	2	1	
133	132	0	3/8		1/4	3/2		0	72	1	1	
133	132	1/8	1/8		1/8	1		2	62	2	1	
133	132	1/4	1/8		1/8	1		2	62	2	1	
133	132	3/8	0	appoggiatura	1/8	1		5	71	1	1	
133	132	3/8	1/8		1/8	1		0	60	2	1	
133	132	3/8	1/8		1/8	1		3	69	1	1	
133	132	1/2	1/8		1/8	1		2	62	2	1	
133	132	1/2	1/8		1/8	1		8	68	1	1	
133	132	5/8	1/8		1/8	1		2	62	2	1	
133	132	5/8	1/8		1/8	1		3	69	1	1	
134	133	0	1/8		1/8	1		5	59	2	1	
134	133	0	3/8		1/4	3/2	1	2	74	1	1	
134	133	1/8	1/8		1/8	1		1	55	2	1	
134	133	1/4	1/8		1/8	1		1	55	2	1	
134	133	3/8	1/8		1/8	1		0	48	2	1	
134	133	3/8	1/8		1/8	1	-1	2	74	1	1	
134	133	1/2	1/8		1/8	1		1	55	2	1	
134	133	1/2	1/8		1/8	1		9	75	1	1	
134	133	5/8	1/8		1/8	1		0	60	2	1	
134	133	5/8	1/8		1/8	1		4	76	1	1	
135	134	0	1/8		1/8	1		2	50	2	1	
135	134	0	3/8		1/4	3/2		1	67	1	1	
135	134	1/8	1/8		1/8	1		1	55	2	1	
135	134	1/4	1/8		1/8	1		5	59	2	1	
135	134	3/8	1/8		1/8	1		2	50	2	1	
135	134	3/8	1/4		1/4	1		5	71	1	1	
135	134	1/2	1/8		1/8	1		6	54	2	1	
135	134	5/8	1/8		1/8	1		0	60	2	1	
135	134	5/8	1/8		1/8	1		3	69	1	1	
136	135	0	1/4		1/4	1		1	55	2	1	
136	135	0	1/4		1/4	1		5	59	2	1	
136	135	0	1/4		1/4	1		1	67	1	1	
136	135	1/4	1/8		1/8	1		2	62	1	1	
136	135	3/8	1/8		1/8	1		2	62	1	1	
136	135	1/2	1/8		1/8	1		5	59	2	1	
136	135	1/2	1/8		1/8	1		2	62	2	1	
136	135	1/2	1/8		1/8	1		1	67	1	1	
136	135	5/8	1/8		1/8	1		3	57	2	1	
136	135	5/8	1/8		1/8	1		0	60	2	1	
136	135	5/8	1/8		1/8	1		3	69	1	1	
137	136	0	1/4		1/4	1		1	55	2	1	
137	136	0	1/4		1/4	1		5	59	2	1	
137	136	0	1/8		1/8	1		5	71	1	1	
137	136	1/8	1/8		1/8	1		1	67	1	1	
137	136	1/4	1/8		1/8	1		2	62	1	1	
137	136	3/8	1/8		1/8	1		2	62	1	1	
137	136	1/2	1/8		1/8	1		3	57	2	1	
137	136	1/2	1/8		1/8	1		0	60	2	1	
137	136	1/2	1/8		1/8	1		3	69	1	1	
137	136	5/8	1/8		1/8	1		1	55	2	1	
137	136	5/8	1/8		1/8	1		5	59	2	1	
137	136	5/8	1/8		1/8	1		5	71	1	1	
138	137	0	1/4		1/4	1		6	54	2	1	
138	137	0	1/4		1/4	1		3	57	2	1	
138	137	0	1/8		1/8	1		0	72	1	1	
138	137	1/8	1/8		1/8	1		3	69	1	1	
138	137	1/4	1/8		1/8	1		2	50	2	1	
138	137	3/8	1/8		1/8	1		2	50	2	1	
138	137	1/2	1/8		1/8	1		1	55	2	1	
138	137	1/2	1/8		1/8	1		5	71	1	1	
138	137	1/2	1/8		1/8	1		2	74	1	1	
138	137	5/8	1/8		1/8	1		3	57	2	1	
138	137	5/8	1/8		1/8	1		3	69	1	1	
138	137	5/8	1/8		1/8	1		0	72	1	1	
139	138	0	1/4		1/4	1		5	59	2	1	
139	138	0	1/8		1/8	1		1	67	1	1	
139	138	0	1/8		1/8	1		5	71	1	1	
139	138	1/8	1/8		1/8	1		2	62	1	1	
139	138	1/4	1/8		1/8	1		2	50	2	1	
139	138	3/8	1/8		1/8	1		2	50	2	1	
139	138	1/2	1/8		1/8	1		3	57	2	1	
139	138	1/2	1/8		1/8	1		3	69	1	1	
139	138	1/2	1/8		1/8	1		0	72	1	1	
139	138	5/8	1/8		1/8	1		5	59	2	1	
139	138	5/8	1/8		1/8	1		1	67	1	1	
139	138	5/8	1/8		1/8	1		5	71	1	1	
140	139	0	1/4		1/4	1		0	60	2	1	
140	139	0	1/8		1/8	1		6	66	1	1	
140	139	0	1/8		1/8	1		3	69	1	1	
140	139	1/8	1/8		1/8	1		2	62	1	1	
140	139	1/4	1/8		1/8	1		2	62	1	1	
140	139	3/8	1/8		1/8	1		2	62	1	1	
140	139	1/2	1/8		1/8	1		5	59	2	1	
140	139	1/2	1/8		1/8	1		2	62	2	1	
140	139	1/2	1/8		1/8	1		1	67	1	1	
140	139	5/8	1/8		1/8	1		3	57	2	1	
140	139	5/8	1/8		1/8	1		0	60	2	1	
140	139	5/8	1/8		1/8	1		3	69	1	1	
141	140	0	1/4		1/4	1		1	55	2	1	
141	140	0	1/4		1/4	1		5	59	2	1	
141	140	0	1/8		1/8	1		5	71	1	1	
141	140	1/8	1/8		1/8	1		1	67	1	1	
141	140	1/4	1/8		1/8	1		2	62	1	1	
141	140	3/8	1/8		1/8	1		2	62	1	1	
141	140	1/2	1/8		1/8	1		0	60	2	1	
141	140	1/2	1/8		1/8	1		4	64	2	1	
141	140	1/2	1/8		1/8	1		3	69	1	1	
141	140	5/8	1/8		1/8	1		5	59	2	1	
141	140	5/8	1/8		1/8	1		2	62	2	1	
141	140	5/8	1/8		1/8	1		5	71	1	1	
142	141	0	1/4		1/4	1		3	57	2	1	
142	141	0	1/4		1/4	1		0	60	2	1	
142	141	0	1/8		1/8	1		0	72	1	1	
142	141	1/8	1/8		1/8	1		3	69	1	1	
142	141	1/4	1/8		1/8	1		4	76	1	1	
142	141	3/8	1/8		1/8	1		2	74	1	1	
142	141	1/2	1/8		1/8	1		6	54	2	1	
142	141	1/2	1/8		1/8	1		3	57	2	1	
142	141	1/2	1/8		1/8	1		0	72	1	1	
142	141	5/8	1/8		1/8	1		1	55	2	1	
142	141	5/8	1/8		1/8	1		5	59	2	1	
142	141	5/8	1/8		1/8	1		5	71	1	1	
143	142	0	1/8		1/8	1		3	57	2	1	
143	142	0	1/8		1/8	1		0	60	2	1	
143	142	0	1/8		1/8	1		3	69	1	1	
143	142	1/8	1/8		1/8	1		5	59	2	1	
143	142	1/8	1/8		1/8	1		2	62	2	1	
143	142	1/8	1/8		1/8	1		1	67	1	1	
143	142	1/4	1/8		1/8	1		4	64	2	1	
143	142	3/8	1/8		1/8	1		2	62	2	1	
143	142	1/2	1/8		1/8	1		0	60	2	1	
143	142	1/2	1/8		1/8	1		4	76	1	1	
143	142	5/8	1/8		1/8	1		5	59	2	1	
143	142	5/8	1/8		1/8	1		2	74	1	1	
143	142	5/8	1/8		1/8	1		1	79	1	1	
144	143	0	1/8		1/8	1		3	57	2	1	
144	143	0	1/8		1/8	1		0	72	1	1	
144	143	0	1/8		1/8	1		6	78	1	1	
144	143	1/8	1/8		1/8	1		1	55	2	1	
144	143	1/8	1/8		1/8	1		5	71	1	1	
144	143	1/8	1/8		1/8	1		1	79	1	1	
144	143	1/4	1/8		1/8	1		4	76	1	1	
144	143	3/8	1/8		1/8	1		2	74	1	1	
144	143	1/2	1/8		1/8	1		6	54	2	1	
144	143	1/2	1/8		1/8	1		3	57	2	1	
144	143	1/2	1/8		1/8	1		0	72	1	1	
144	143	5/8	1/8		1/8	1		1	55	2	1	
144	143	5/8	1/8		1/8	1		5	59	2	1	
144	143	5/8	1/8		1/8	1		5	71	1	1	
145	144	0	1/8		1/8	1		3	57	2	1	
145	144	0	1/8		1/8	1		0	60	2	1	
145	144	0	1/8		1/8	1		3	69	1	1	
145	144	1/8	1/8		1/8	1		5	59	2	1	
145	144	1/8	1/8		1/8	1		2	62	2	1	
145	144	1/8	1/8		1/8	1		1	67	1	1	
145	144	1/4	1/8		1/8	1		4	64	2	1	
145	144	3/8	1/8		1/8	1		2	62	2	1	
145	144	1/2	1/8		1/8	1		0	60	2	1	
145	144	1/2	1/8		1/8	1		4	76	1	1	
145	144	5/8	1/8		1/8	1		5	59	2	1	
145	144	5/8	1/8		1/8	1		2	74	1	1	
145	144	5/8	1/8		1/8	1		1	79	1	1	
146	145	0	1/8		1/8	1		3	57	2	1	
146	145	0	1/8		1/8	1		0	72	1	1	
146	145	0	1/8		1/8	1		6	78	1	1	
146	145	1/8	1/8		1/8	1		1	55	2	1	
146	145	1/8	1/8		1/8	1		5	71	1	1	
146	145	1/8	1/8		1/8	1		1	79	1	1	
146	145	1/4	1/8		1/8	1		2	62	2	1	
146	145	3/8	1/8		1/8	1		11	77	1	1	
146	145	3/8	1/8		1/8	1		8	80	1	1	
146	145	1/2	1/8		1/8	1		6	78	1	1	
146	145	1/2	1/8		1/8	1		3	81	1	1	
146	145	5/8	1/8		1/8	1		2	62	2	1	
147	146	0	1/8		1/8	1		6	78	1	1	
147	146	0	1/8		1/8	1		10	82	1	1	
147	146	1/8	1/8		1/8	1		1	79	1	1	
147	146	1/8	1/8		1/8	1		5	83	1	1	
147	146	1/4	1/8		1/8	1		2	62	2	1	
147	146	3/8	1/8		1/8	1		8	80	1	1	
147	146	3/8	1/8		1/8	1		5	83	1	1	
147	146	1/2	1/8		1/8	1		3	81	1	1	
147	146	1/2	1/8		1/8	1		0	84	1	1	
147	146	5/8	1/8		1/8	1		2	62	2	1	
148	147	-1/4	3/4		1/2	3/2	1	0	72	1	2	
148	147	0	3/4		1/2	3/2	1	2	50	2	1	
148	147	0	3/4		1/2	3/2	1	6	54	2	1	
148	147	0	3/4		1/2	3/2	1	3	57	2	1	
148	147	0	3/4		1/2	3/2	1	2	62	2	1	
148	147	0	3/8		1/4	3/2	1	6	78	1	1	
148	147	0	3/8		1/4	3/2	1	3	81	1	1	
148	147	0	3/8		1/4	3/2	1	0	84	1	1	
148	147	3/8	1/4		1/4	1	-1	6	78	1	1	
148	147	3/8	1/4		1/4	1	-1	3	81	1	1	
148	147	3/8	1/4		1/4	1	-1	0	84	1	1	
148	147	5/8	1/8		1/8	1		3	81	1	1	
149	148	-1/4	1/4		1/4	1	-1	0	72	1	2	
149	148	0	1/4		1/4	1	-1	2	50	2	1	
149	148	0	1/4		1/4	1	-1	6	54	2	1	
149	148	0	1/4		1/4	1	-1	3	57	2	1	
149	148	0	1/4		1/4	1	-1	2	62	2	1	
149	148	0	1/4		1/4	1		6	78	1	1	
149	148	1/4	1/8		1/8	1		2	38	2	1	
149	148	3/8	1/8		1/8	1		2	38	2	1	
149	148	1/2	1/8		1/8	1		3	45	2	1	
149	148	5/8	1/8		1/8	1		5	47	2	1	
150	149	-1/4	1/8		1/8	1		6	54	1	2	
150	149	-1/8	1/8		1/8	1		3	57	1	2	
150	149	0	3/8		1/4	3/2		0	48	2	1	
150	149	0	1/8		1/8	1		6	54	1	2	
150	149	0	3/8		1/4	3/2		2	62	1	1	
150	149	1/8	1/8		1/8	1		1	55	1	2	
150	149	1/4	1/8		1/8	1		5	59	1	2	
150	149	3/8	3/8		1/4	3/2		5	47	2	1	
150	149	3/8	1/8		1/8	1		1	55	1	2	
150	149	3/8	3/8		1/4	3/2		2	62	1	1	
151	150	-1/4	1/8		1/8	1		0	60	1	2	
151	150	-1/8	1/8		1/8	1		2	62	1	2	
151	150	0	3/8		1/4	3/2		3	45	2	1	
151	150	0	1/8		1/8	1		0	60	1	2	
151	150	0	3/8		1/4	3/2		6	66	1	1	
151	150	1/8	1/8		1/8	1		5	59	1	2	
151	150	1/4	1/8		1/8	1		2	62	1	2	
151	150	3/8	3/8		1/4	3/2		1	43	2	1	
151	150	3/8	1/8		1/8	1		5	59	1	2	
151	150	3/8	3/8		1/4	3/2		1	67	1	1	
152	151	-1/4	3/4		1/2	3/2		0	48	2	2	
152	151	1/8	1/8		1/8	1		4	64	1	1	
152	151	1/4	1/8		1/8	1		8	68	1	1	
152	151	3/8	3/8		1/4	3/2		0	60	2	1	
152	151	3/8	1/8		1/8	1		3	69	1	1	
152	151	1/2	1/8		1/8	1		0	72	1	1	
152	151	5/8	1/8		1/8	1		3	69	1	1	
153	152	-1/4	3/8		1/4	3/2		2	62	1	2	
153	152	0	3/8		1/4	3/2		2	50	2	1	
153	152	0	3/8		1/4	3/2		5	59	2	1	
153	152	0	1/8		1/8	1		1	67	1	1	
153	152	1/8	3/8		1/4	3/2		0	60	1	2	
153	152	1/8	1/8		1/8	1		5	71	1	1	
153	152	1/4	1/8		1/8	1		1	67	1	1	
153	152	3/8	3/8		1/4	3/2		2	50	2	1	
153	152	3/8	3/8		1/4	3/2		3	57	2	1	
153	152	3/8	1/8		1/8	1		6	66	1	1	
153	152	1/2	1/8		1/8	1		3	69	1	1	
153	152	5/8	1/8		1/8	1		6	66	1	1	
154	153	0	1/8		1/8	1		1	43	2	1	
154	153	0	1/4		1/4	1		5	59	1	1	
154	153	0	1/4		1/4	1		1	67	1	1	
154	153	1/8	1/8		1/8	1		2	50	2	1	
154	153	1/4	1/8		1/8	1		1	55	2	1	
154	153	1/4	1/8		1/8	1		2	62	1	1	
154	153	3/8	1/8		1/8	1		1	43	2	1	
154	153	3/8	1/8		1/8	1		2	62	1	1	
154	153	1/2	1/8		1/8	1		2	50	2	1	
154	153	1/2	1/8		1/8	1		3	69	1	1	
154	153	5/8	1/8		1/8	1		1	55	2	1	
154	153	5/8	1/8		1/8	1		5	71	1	1	
155	154	0	1/8		1/8	1		1	43	2	1	
155	154	0	1/4		1/4	1		0	72	1	1	
155	154	1/8	1/8		1/8	1		2	50	2	1	
155	154	1/4	1/8		1/8	1		6	54	2	1	
155	154	1/4	1/8		1/8	1		2	74	1	1	
155	154	3/8	1/8		1/8	1		1	43	2	1	
155	154	3/8	1/8		1/8	1		2	74	1	1	
155	154	1/2	1/8		1/8	1		2	50	2	1	
155	154	1/2	1/8		1/8	1		3	81	1	1	
155	154	5/8	1/8		1/8	1		6	54	2	1	
155	154	5/8	1/8		1/8	1		5	83	1	1	
156	155	0	1/8		1/8	1		1	43	2	1	
156	155	0	1/4		1/4	1		0	84	1	1	
156	155	1/8	1/8		1/8	1		2	50	2	1	
156	155	1/4	1/8		1/8	1		6	54	2	1	
156	155	1/4	1/8		1/8	1		2	62	1	1	
156	155	3/8	1/8		1/8	1		1	43	2	1	
156	155	3/8	1/8		1/8	1		2	62	1	1	
156	155	1/2	1/8		1/8	1		2	50	2	1	
156	155	1/2	1/8		1/8	1		2	74	1	1	
156	155	5/8	1/8		1/8	1		6	54	2	1	
156	155	5/8	1/8		1/8	1		0	72	1	1	
157	156	0	1/8		1/8	1		1	43	2	1	
157	156	0	1/4		1/4	1		5	71	1	1	
157	156	1/8	1/8		1/8	1		2	50	2	1	
157	156	1/4	1/8		1/8	1		1	55	2	1	
157	156	1/4	1/8		1/8	1		2	74	1	1	
157	156	3/8	1/8		1/8	1		1	43	2	1	
157	156	3/8	1/8		1/8	1		2	74	1	1	
157	156	1/2	1/8		1/8	1		2	50	2	1	
157	156	1/2	1/8		1/8	1		2	86	1	1	
157	156	5/8	1/8		1/8	1		1	55	2	1	
157	156	5/8	1/8		1/8	1		0	84	1	1	
158	157	0	1/8		1/8	1		1	43	2	1	
158	157	0	1/4		1/4	1		5	83	1	1	
158	157	1/8	1/8		1/8	1		2	50	2	1	
158	157	1/4	1/8		1/8	1		1	55	2	1	
158	157	1/4	1/8		1/8	1		2	62	1	1	
158	157	3/8	1/8		1/8	1		1	43	2	1	
158	157	3/8	1/8		1/8	1		2	62	1	1	
158	157	1/2	1/8		1/8	1		2	50	2	1	
158	157	1/2	1/8		1/8	1		3	69	1	1	
158	157	5/8	1/8		1/8	1		1	55	2	1	
158	157	5/8	1/8		1/8	1		5	71	1	1	
159	158	0	1/8		1/8	1		1	43	2	1	
159	158	0	1/4		1/4	1		0	72	1	1	
159	158	1/8	1/8		1/8	1		2	50	2	1	
159	158	1/4	1/8		1/8	1		6	54	2	1	
159	158	1/4	1/8		1/8	1		2	74	1	1	
159	158	3/8	1/8		1/8	1		1	43	2	1	
159	158	3/8	1/8		1/8	1		2	74	1	1	
159	158	1/2	1/8		1/8	1		2	50	2	1	
159	158	1/2	1/8		1/8	1		3	81	1	1	
159	158	5/8	1/8		1/8	1		6	54	2	1	
159	158	5/8	1/8		1/8	1		5	83	1	1	
160	159	0	1/8		1/8	1		1	43	2	1	
160	159	0	1/4		1/4	1		0	84	1	1	
160	159	1/8	1/8		1/8	1		2	50	2	1	
160	159	1/4	1/8		1/8	1		6	54	2	1	
160	159	1/4	1/8		1/8	1		2	62	1	1	
160	159	3/8	1/8		1/8	1		1	43	2	1	
160	159	3/8	1/8		1/8	1		2	62	1	1	
160	159	1/2	1/8		1/8	1		2	50	2	1	
160	159	1/2	1/8		1/8	1		2	74	1	1	
160	159	5/8	1/8		1/8	1		6	54	2	1	
160	159	5/8	1/8		1/8	1		0	72	1	1	
161	160	0	1/8		1/8	1		1	43	2	1	
161	160	0	1/4		1/4	1		5	71	1	1	
161	160	1/8	1/8		1/8	1		2	50	2	1	
161	160	1/4	1/8		1/8	1		1	55	2	1	
161	160	3/8	1/8		1/8	1		1	43	2	1	
161	160	3/8	1/8		1/8	1		2	74	1	1	
161	160	1/2	1/8		1/8	1		2	50	2	1	
161	160	1/2	1/8		1/8	1		2	86	1	1	
161	160	5/8	1/8		1/8	1		6	54	2	1	
161	160	5/8	1/8		1/8	1		0	84	1	1	
162	161	0	1/8		1/8	1		1	43	2	1	
162	161	0	1/4		1/4	1		5	83	1	1	
162	161	1/8	1/8		1/8	1		2	50	2	1	
162	161	1/4	1/8		1/8	1		1	55	2	1	
162	161	3/8	1/8		1/8	1		1	43	2	1	
162	161	3/8	1/8		1/8	1		2	62	1	1	
162	161	1/2	1/8		1/8	1		2	50	2	1	
162	161	1/2	1/8		1/8	1		2	74	1	1	
162	161	5/8	1/8		1/8	1		6	54	2	1	
162	161	5/8	1/8		1/8	1		0	72	1	1	
163	162	0	1/8		1/8	1		1	43	2	1	
163	162	0	1/4		1/4	1		5	71	1	1	
163	162	1/8	1/8		1/8	1		2	50	2	1	
163	162	1/4	1/8		1/8	1		1	55	2	1	
163	162	3/8	1/8		1/8	1		1	43	2	1	
163	162	3/8	1/8		1/8	1		2	74	1	1	
163	162	1/2	1/8		1/8	1		2	50	2	1	
163	162	1/2	1/8		1/8	1		2	86	1	1	
163	162	5/8	1/8		1/8	1		6	54	2	1	
163	162	5/8	1/8		1/8	1		0	84	1	1	
164	163	0	1/8		1/8	1		1	43	2	1	
164	163	0	1/4		1/4	1		5	83	1	1	
164	163	1/8	1/8		1/8	1		2	50	2	1	
164	163	1/4	1/8		1/8	1		1	55	2	1	
164	163	3/8	1/8		1/8	1		1	43	2	1	
164	163	3/8	1/4		1/4	1		5	71	1	1	
164	163	3/8	1/4		1/4	1		2	74	1	1	
164	163	3/8	1/4		1/4	1		1	79	1	1	
164	163	3/8	1/4		1/4	1		5	83	1	1	
164	163	1/2	1/8		1/8	1		2	50	2	1	
164	163	5/8	1/8		1/8	1		1	55	2	1	
165	164	0	1/4		1/4	1		1	43	2	1	
165	164	0	1/4		1/4	1		1	67	1	1	
165	164	0	1/4		1/4	1		5	71	1	1	
165	164	0	1/4		1/4	1		2	74	1	1	
165	164	0	1/4		1/4	1		1	79	1	1	
